solid OpenSCAD_Model
  facet normal 0 0 -1
    outer loop
      vertex 88.8466 21.2782 0
      vertex 76.7476 21.4293 0
      vertex 76.8937 24.2417 0
    endloop
  endfacet
  facet normal 0 0 -1
    outer loop
      vertex 79.4682 3.3703 0
      vertex 76.3132 18.885 0
      vertex 76.7476 21.4293 0
    endloop
  endfacet
  facet normal 0 0 -1
    outer loop
      vertex 79.4682 3.3703 0
      vertex 75.5971 16.6087 0
      vertex 76.3132 18.885 0
    endloop
  endfacet
  facet normal 0 0 -1
    outer loop
      vertex 70.1529 10.2097 0
      vertex 77.3443 2.03894 0
      vertex 75.061 0.941513 0
    endloop
  endfacet
  facet normal 0 0 -1
    outer loop
      vertex 79.4682 3.3703 0
      vertex 74.6042 14.5923 0
      vertex 75.5971 16.6087 0
    endloop
  endfacet
  facet normal 0 0 -1
    outer loop
      vertex 79.4682 3.3703 0
      vertex 73.3351 12.8247 0
      vertex 74.6042 14.5923 0
    endloop
  endfacet
  facet normal 0 0 -1
    outer loop
      vertex 70.1529 10.2097 0
      vertex 75.061 0.941513 0
      vertex 72.653 0.0895691 0
    endloop
  endfacet
  facet normal 0 0 -1
    outer loop
      vertex 79.4682 3.3703 0
      vertex 71.8365 11.3499 0
      vertex 73.3351 12.8247 0
    endloop
  endfacet
  facet normal 0 0 -1
    outer loop
      vertex 77.3443 2.03894 0
      vertex 70.1529 10.2097 0
      vertex 71.8365 11.3499 0
    endloop
  endfacet
  facet normal 0 0 -1
    outer loop
      vertex 68.2722 9.394 0
      vertex 72.653 0.0895691 0
      vertex 70.1227 -0.517456 0
    endloop
  endfacet
  facet normal 0 0 -1
    outer loop
      vertex 72.653 0.0895691 0
      vertex 68.2722 9.394 0
      vertex 70.1529 10.2097 0
    endloop
  endfacet
  facet normal 0 0 -1
    outer loop
      vertex 66.1772 8.89983 0
      vertex 70.1227 -0.517456 0
      vertex 67.473 -0.880402 0
    endloop
  endfacet
  facet normal 0 0 -1
    outer loop
      vertex 70.1227 -0.517456 0
      vertex 66.1772 8.89983 0
      vertex 68.2722 9.394 0
    endloop
  endfacet
  facet normal 0 0 -1
    outer loop
      vertex 64.7269 -1 0
      vertex 66.1772 8.89983 0
      vertex 67.473 -0.880402 0
    endloop
  endfacet
  facet normal 0 0 -1
    outer loop
      vertex 64.7269 -1 0
      vertex 63.8218 8.7305 0
      vertex 66.1772 8.89983 0
    endloop
  endfacet
  facet normal 0 0 -1
    outer loop
      vertex 64.7269 -1 0
      vertex 56.3811 8.7305 0
      vertex 63.8218 8.7305 0
    endloop
  endfacet
  facet normal -0 0 -1
    outer loop
      vertex 56.3811 8.7305 0
      vertex 44.3786 -1 0
      vertex 56.3811 39.0435 0
    endloop
  endfacet
  facet normal 0 0 -1
    outer loop
      vertex 44.3786 -1 0
      vertex 56.3811 8.7305 0
      vertex 64.7269 -1 0
    endloop
  endfacet
  facet normal 0 0 -1
    outer loop
      vertex 76.8937 24.2417 0
      vertex 88.9663 24.2534 0
      vertex 88.8466 21.2782 0
    endloop
  endfacet
  facet normal 0 0 -1
    outer loop
      vertex 76.7476 21.4293 0
      vertex 88.8466 21.2782 0
      vertex 88.4873 18.4576 0
    endloop
  endfacet
  facet normal 0 0 -1
    outer loop
      vertex 76.7476 21.4293 0
      vertex 88.4873 18.4576 0
      vertex 87.886 15.7818 0
    endloop
  endfacet
  facet normal 0 0 -1
    outer loop
      vertex 76.74 27.0588 0
      vertex 88.9663 24.2534 0
      vertex 76.8937 24.2417 0
    endloop
  endfacet
  facet normal 0 0 -1
    outer loop
      vertex 76.7476 21.4293 0
      vertex 87.886 15.7818 0
      vertex 87.0412 13.2531 0
    endloop
  endfacet
  facet normal 0 0 -1
    outer loop
      vertex 88.9663 24.2534 0
      vertex 76.74 27.0588 0
      vertex 88.6945 28.706 0
    endloop
  endfacet
  facet normal 0 0 -1
    outer loop
      vertex 76.7476 21.4293 0
      vertex 87.0412 13.2531 0
      vertex 85.9525 10.8753 0
    endloop
  endfacet
  facet normal 0 0 -1
    outer loop
      vertex 76.7476 21.4293 0
      vertex 85.9525 10.8753 0
      vertex 84.6391 8.67909 0
    endloop
  endfacet
  facet normal 0 0 -1
    outer loop
      vertex 76.2844 29.5651 0
      vertex 88.6945 28.706 0
      vertex 76.74 27.0588 0
    endloop
  endfacet
  facet normal 0 0 -1
    outer loop
      vertex 76.7476 21.4293 0
      vertex 84.6391 8.67909 0
      vertex 83.1196 6.6938 0
    endloop
  endfacet
  facet normal 0 0 -1
    outer loop
      vertex 88.6945 28.706 0
      vertex 76.2844 29.5651 0
      vertex 87.8711 32.7646 0
    endloop
  endfacet
  facet normal 0 0 -1
    outer loop
      vertex 76.7476 21.4293 0
      vertex 83.1196 6.6938 0
      vertex 81.395 4.9229 0
    endloop
  endfacet
  facet normal 0 0 -1
    outer loop
      vertex 76.7476 21.4293 0
      vertex 81.395 4.9229 0
      vertex 79.4682 3.3703 0
    endloop
  endfacet
  facet normal -0 0 -1
    outer loop
      vertex 87.8711 32.7646 0
      vertex 76.2844 29.5651 0
      vertex 86.4877 36.4143 0
    endloop
  endfacet
  facet normal 0 0 -1
    outer loop
      vertex 71.8365 11.3499 0
      vertex 79.4682 3.3703 0
      vertex 77.3443 2.03894 0
    endloop
  endfacet
  facet normal 0 0 -1
    outer loop
      vertex 75.5356 31.7637 0
      vertex 86.4877 36.4143 0
      vertex 76.2844 29.5651 0
    endloop
  endfacet
  facet normal -0 0 -1
    outer loop
      vertex 86.4877 36.4143 0
      vertex 75.5356 31.7637 0
      vertex 84.5404 39.6404 0
    endloop
  endfacet
  facet normal 0 0 -1
    outer loop
      vertex 74.5007 33.665 0
      vertex 84.5404 39.6404 0
      vertex 75.5356 31.7637 0
    endloop
  endfacet
  facet normal -0 0 -1
    outer loop
      vertex 84.5404 39.6404 0
      vertex 74.5007 33.665 0
      vertex 82.0345 42.4253 0
    endloop
  endfacet
  facet normal 0 0 -1
    outer loop
      vertex 73.1787 35.2864 0
      vertex 82.0345 42.4253 0
      vertex 74.5007 33.665 0
    endloop
  endfacet
  facet normal -0 0 -1
    outer loop
      vertex 82.0345 42.4253 0
      vertex 73.1787 35.2864 0
      vertex 79.0276 44.7265 0
    endloop
  endfacet
  facet normal 0 0 -1
    outer loop
      vertex 71.5847 36.6248 0
      vertex 79.0276 44.7265 0
      vertex 73.1787 35.2864 0
    endloop
  endfacet
  facet normal -0 0 -1
    outer loop
      vertex 79.0276 44.7265 0
      vertex 71.5847 36.6248 0
      vertex 75.5773 46.5085 0
    endloop
  endfacet
  facet normal 0 0 -1
    outer loop
      vertex 69.7295 37.6713 0
      vertex 75.5773 46.5085 0
      vertex 71.5847 36.6248 0
    endloop
  endfacet
  facet normal -0 0 -1
    outer loop
      vertex 75.5773 46.5085 0
      vertex 69.7295 37.6713 0
      vertex 71.6964 47.7729 0
    endloop
  endfacet
  facet normal 0 0 -1
    outer loop
      vertex 67.5981 38.4271 0
      vertex 71.6964 47.7729 0
      vertex 69.7295 37.6713 0
    endloop
  endfacet
  facet normal 0 0 -1
    outer loop
      vertex 67.5981 38.4271 0
      vertex 67.3939 48.526 0
      vertex 71.6964 47.7729 0
    endloop
  endfacet
  facet normal 0 0 -1
    outer loop
      vertex 65.1785 38.8868 0
      vertex 67.3939 48.526 0
      vertex 67.5981 38.4271 0
    endloop
  endfacet
  facet normal 0 0 -1
    outer loop
      vertex 65.1785 38.8868 0
      vertex 62.6975 48.774 0
      vertex 67.3939 48.526 0
    endloop
  endfacet
  facet normal 0 0 -1
    outer loop
      vertex 62.439 39.0435 0
      vertex 62.6975 48.774 0
      vertex 65.1785 38.8868 0
    endloop
  endfacet
  facet normal 0 0 -1
    outer loop
      vertex 56.3811 39.0435 0
      vertex 62.6975 48.774 0
      vertex 62.439 39.0435 0
    endloop
  endfacet
  facet normal 0 0 -1
    outer loop
      vertex 56.3811 39.0435 0
      vertex 44.3786 48.774 0
      vertex 62.6975 48.774 0
    endloop
  endfacet
  facet normal 0 0 -1
    outer loop
      vertex 44.3786 48.774 0
      vertex 56.3811 39.0435 0
      vertex 44.3786 -1 0
    endloop
  endfacet
  facet normal 0 0 -1
    outer loop
      vertex 25.2745 12.6327 0
      vertex 37.1123 13.2565 0
      vertex 36.926 10.5478 0
    endloop
  endfacet
  facet normal 0 0 -1
    outer loop
      vertex 37.1123 13.2565 0
      vertex 25.3428 13.8248 0
      vertex 36.9842 15.1758 0
    endloop
  endfacet
  facet normal 0 0 -1
    outer loop
      vertex 25.0745 11.5958 0
      vertex 36.926 10.5478 0
      vertex 36.3599 8.06581 0
    endloop
  endfacet
  facet normal -0 0 -1
    outer loop
      vertex 37.1123 13.2565 0
      vertex 25.2745 12.6327 0
      vertex 25.3428 13.8248 0
    endloop
  endfacet
  facet normal 0 0 -1
    outer loop
      vertex 25.0745 11.5958 0
      vertex 36.3599 8.06581 0
      vertex 35.406 5.82048 0
    endloop
  endfacet
  facet normal -0 0 -1
    outer loop
      vertex 36.9842 15.1758 0
      vertex 25.3428 13.8248 0
      vertex 36.5957 16.973 0
    endloop
  endfacet
  facet normal 0 0 -1
    outer loop
      vertex 24.7543 10.7211 0
      vertex 35.406 5.82048 0
      vertex 34.0642 3.82994 0
    endloop
  endfacet
  facet normal 0 0 -1
    outer loop
      vertex 25.2621 14.8877 0
      vertex 36.5957 16.973 0
      vertex 25.3428 13.8248 0
    endloop
  endfacet
  facet normal -0 0 -1
    outer loop
      vertex 35.9424 18.6414 0
      vertex 25.2621 14.8877 0
      vertex 35.0258 20.1684 0
    endloop
  endfacet
  facet normal 0 0 -1
    outer loop
      vertex 24.3221 9.99458 0
      vertex 34.0642 3.82994 0
      vertex 32.3447 2.11043 0
    endloop
  endfacet
  facet normal -0 0 -1
    outer loop
      vertex 36.5957 16.973 0
      vertex 25.2621 14.8877 0
      vertex 35.9424 18.6414 0
    endloop
  endfacet
  facet normal 0 0 -1
    outer loop
      vertex 24.3221 9.99458 0
      vertex 32.3447 2.11043 0
      vertex 30.2875 0.692215 0
    endloop
  endfacet
  facet normal 0 0 -1
    outer loop
      vertex 25.0303 15.8058 0
      vertex 35.0258 20.1684 0
      vertex 25.2621 14.8877 0
    endloop
  endfacet
  facet normal -0 0 -1
    outer loop
      vertex 33.8517 21.5451 0
      vertex 25.0303 15.8058 0
      vertex 32.4429 22.7419 0
    endloop
  endfacet
  facet normal 0 0 -1
    outer loop
      vertex 23.7719 9.39088 0
      vertex 30.2875 0.692215 0
      vertex 27.9317 -0.400528 0
    endloop
  endfacet
  facet normal 0 0 -1
    outer loop
      vertex 24.2245 34.5901 0
      vertex 35.8917 35.7775 0
      vertex 35.7785 33.9168 0
    endloop
  endfacet
  facet normal 0 0 -1
    outer loop
      vertex 24.2245 34.5901 0
      vertex 35.7785 33.9168 0
      vertex 35.4357 32.1792 0
    endloop
  endfacet
  facet normal -0 0 -1
    outer loop
      vertex 35.8917 35.7775 0
      vertex 24.1662 35.5896 0
      vertex 35.7118 38.2107 0
    endloop
  endfacet
  facet normal 0 0 -1
    outer loop
      vertex 24.1516 33.5425 0
      vertex 35.4357 32.1792 0
      vertex 34.8585 30.5632 0
    endloop
  endfacet
  facet normal 0 0 -1
    outer loop
      vertex 23.9957 36.4775 0
      vertex 35.7118 38.2107 0
      vertex 24.1662 35.5896 0
    endloop
  endfacet
  facet normal 0 0 -1
    outer loop
      vertex 24.1516 33.5425 0
      vertex 34.8585 30.5632 0
      vertex 34.0462 29.0795 0
    endloop
  endfacet
  facet normal 0 0 -1
    outer loop
      vertex 23.9415 32.6324 0
      vertex 34.0462 29.0795 0
      vertex 33.0031 27.7382 0
    endloop
  endfacet
  facet normal 0 0 -1
    outer loop
      vertex 35.8917 35.7775 0
      vertex 24.2245 34.5901 0
      vertex 24.1662 35.5896 0
    endloop
  endfacet
  facet normal 0 0 -1
    outer loop
      vertex 23.9415 32.6324 0
      vertex 33.0031 27.7382 0
      vertex 31.7483 26.5584 0
    endloop
  endfacet
  facet normal -0 0 -1
    outer loop
      vertex 35.7118 38.2107 0
      vertex 23.9957 36.4775 0
      vertex 35.1635 40.4572 0
    endloop
  endfacet
  facet normal 0 0 -1
    outer loop
      vertex 23.6021 31.8452 0
      vertex 31.7483 26.5584 0
      vertex 30.3006 25.5558 0
    endloop
  endfacet
  facet normal 0 0 -1
    outer loop
      vertex 23.7204 37.252 0
      vertex 35.1635 40.4572 0
      vertex 23.9957 36.4775 0
    endloop
  endfacet
  facet normal 0 0 -1
    outer loop
      vertex 23.6021 31.8452 0
      vertex 30.3006 25.5558 0
      vertex 28.6687 24.7306 0
    endloop
  endfacet
  facet normal 0 0 -1
    outer loop
      vertex 23.6021 31.8452 0
      vertex 28.6687 24.7306 0
      vertex 28.4657 24.6576 0
    endloop
  endfacet
  facet normal -0 0 -1
    outer loop
      vertex 35.1635 40.4572 0
      vertex 23.7204 37.252 0
      vertex 34.2409 42.4987 0
    endloop
  endfacet
  facet normal 0 0 -1
    outer loop
      vertex 24.6546 16.6015 0
      vertex 32.4429 22.7419 0
      vertex 25.0303 15.8058 0
    endloop
  endfacet
  facet normal -0 0 -1
    outer loop
      vertex 32.4429 22.7419 0
      vertex 24.6546 16.6015 0
      vertex 30.8246 23.7284 0
    endloop
  endfacet
  facet normal 0 0 -1
    outer loop
      vertex 23.0984 8.88997 0
      vertex 27.9317 -0.400528 0
      vertex 25.2885 -1.17207 0
    endloop
  endfacet
  facet normal -0 0 -1
    outer loop
      vertex 35.0258 20.1684 0
      vertex 25.0303 15.8058 0
      vertex 33.8517 21.5451 0
    endloop
  endfacet
  facet normal 0 0 -1
    outer loop
      vertex 36.926 10.5478 0
      vertex 25.0745 11.5958 0
      vertex 25.2745 12.6327 0
    endloop
  endfacet
  facet normal 0 0 -1
    outer loop
      vertex 35.406 5.82048 0
      vertex 24.7543 10.7211 0
      vertex 25.0745 11.5958 0
    endloop
  endfacet
  facet normal 0 0 -1
    outer loop
      vertex 34.0642 3.82994 0
      vertex 24.3221 9.99458 0
      vertex 24.7543 10.7211 0
    endloop
  endfacet
  facet normal 0 0 -1
    outer loop
      vertex 30.2875 0.692215 0
      vertex 23.7719 9.39088 0
      vertex 24.3221 9.99458 0
    endloop
  endfacet
  facet normal 0 0 -1
    outer loop
      vertex 27.9317 -0.400528 0
      vertex 23.0984 8.88997 0
      vertex 23.7719 9.39088 0
    endloop
  endfacet
  facet normal 0 0 -1
    outer loop
      vertex 21.3811 8.19609 0
      vertex 25.2885 -1.17207 0
      vertex 22.364 -1.62985 0
    endloop
  endfacet
  facet normal 0 0 -1
    outer loop
      vertex 25.2885 -1.17207 0
      vertex 22.3041 8.48999 0
      vertex 23.0984 8.88997 0
    endloop
  endfacet
  facet normal 0 0 -1
    outer loop
      vertex 25.2885 -1.17207 0
      vertex 21.3811 8.19609 0
      vertex 22.3041 8.48999 0
    endloop
  endfacet
  facet normal 0 0 -1
    outer loop
      vertex 22.364 -1.62985 0
      vertex 20.321 8.0144 0
      vertex 21.3811 8.19609 0
    endloop
  endfacet
  facet normal 0 0 -1
    outer loop
      vertex 19.1566 -1.78113 0
      vertex 20.321 8.0144 0
      vertex 22.364 -1.62985 0
    endloop
  endfacet
  facet normal 0 0 -1
    outer loop
      vertex 19.1566 -1.78113 0
      vertex 19.1515 7.9538 0
      vertex 20.321 8.0144 0
    endloop
  endfacet
  facet normal 0 0 -1
    outer loop
      vertex 16.1025 -1.63452 0
      vertex 19.1515 7.9538 0
      vertex 19.1566 -1.78113 0
    endloop
  endfacet
  facet normal -0 0 -1
    outer loop
      vertex 19.1515 7.9538 0
      vertex 16.1025 -1.63452 0
      vertex 16.8424 8.20543 0
    endloop
  endfacet
  facet normal 0 0 -1
    outer loop
      vertex 13.2866 -1.19118 0
      vertex 16.8424 8.20543 0
      vertex 16.1025 -1.63452 0
    endloop
  endfacet
  facet normal -0 0 -1
    outer loop
      vertex 16.8424 8.20543 0
      vertex 13.2866 -1.19118 0
      vertex 15.0821 8.91586 0
    endloop
  endfacet
  facet normal 0 0 -1
    outer loop
      vertex 10.7096 -0.445236 0
      vertex 15.0821 8.91586 0
      vertex 13.2866 -1.19118 0
    endloop
  endfacet
  facet normal 0 0 -1
    outer loop
      vertex 8.37737 0.608475 0
      vertex 15.0821 8.91586 0
      vertex 10.7096 -0.445236 0
    endloop
  endfacet
  facet normal -0 0 -1
    outer loop
      vertex 15.0821 8.91586 0
      vertex 8.37737 0.608475 0
      vertex 13.7713 10.0679 0
    endloop
  endfacet
  facet normal 0 0 -1
    outer loop
      vertex 6.29877 1.9726 0
      vertex 13.7713 10.0679 0
      vertex 8.37737 0.608475 0
    endloop
  endfacet
  facet normal 0 0 -1
    outer loop
      vertex 4.50713 3.63094 0
      vertex 13.7713 10.0679 0
      vertex 6.29877 1.9726 0
    endloop
  endfacet
  facet normal -0 0 -1
    outer loop
      vertex 13.7713 10.0679 0
      vertex 4.50713 3.63094 0
      vertex 12.8359 11.7273 0
    endloop
  endfacet
  facet normal 0 0 -1
    outer loop
      vertex 3.03691 5.56181 0
      vertex 12.8359 11.7273 0
      vertex 4.50713 3.63094 0
    endloop
  endfacet
  facet normal 0 0 -1
    outer loop
      vertex 1.89592 7.75293 0
      vertex 12.8359 11.7273 0
      vertex 3.03691 5.56181 0
    endloop
  endfacet
  facet normal 0 0 -1
    outer loop
      vertex 1.08479 10.1912 0
      vertex 12.8359 11.7273 0
      vertex 1.89592 7.75293 0
    endloop
  endfacet
  facet normal -0 0 -1
    outer loop
      vertex 12.8359 11.7273 0
      vertex 1.08479 10.1912 0
      vertex 12.0585 14.9049 0
    endloop
  endfacet
  facet normal 0 0 -1
    outer loop
      vertex 12.0585 14.9049 0
      vertex 1.08479 10.1912 0
      vertex 0.413528 13.8866 0
    endloop
  endfacet
  facet normal 0 0 -1
    outer loop
      vertex 24.1307 17.2971 0
      vertex 30.8246 23.7284 0
      vertex 24.6546 16.6015 0
    endloop
  endfacet
  facet normal -0 0 -1
    outer loop
      vertex 30.8246 23.7284 0
      vertex 24.1307 17.2971 0
      vertex 29.0078 24.504 0
    endloop
  endfacet
  facet normal -0 0 -1
    outer loop
      vertex 29.0078 24.504 0
      vertex 24.1307 17.2971 0
      vertex 28.4657 24.6576 0
    endloop
  endfacet
  facet normal 0 0 -1
    outer loop
      vertex 35.4357 32.1792 0
      vertex 24.1516 33.5425 0
      vertex 24.2245 34.5901 0
    endloop
  endfacet
  facet normal 0 0 -1
    outer loop
      vertex 23.3444 37.9249 0
      vertex 32.9474 44.316 0
      vertex 23.7204 37.252 0
    endloop
  endfacet
  facet normal -0 0 -1
    outer loop
      vertex 34.2409 42.4987 0
      vertex 23.7204 37.252 0
      vertex 32.9474 44.316 0
    endloop
  endfacet
  facet normal 0 0 -1
    outer loop
      vertex 23.444 17.9074 0
      vertex 28.4657 24.6576 0
      vertex 24.1307 17.2971 0
    endloop
  endfacet
  facet normal 0 0 -1
    outer loop
      vertex 34.0462 29.0795 0
      vertex 23.9415 32.6324 0
      vertex 24.1516 33.5425 0
    endloop
  endfacet
  facet normal 0 0 -1
    outer loop
      vertex 31.7483 26.5584 0
      vertex 23.6021 31.8452 0
      vertex 23.9415 32.6324 0
    endloop
  endfacet
  facet normal 0 0 -1
    outer loop
      vertex 22.5813 18.4278 0
      vertex 28.4657 24.6576 0
      vertex 23.444 17.9074 0
    endloop
  endfacet
  facet normal 0 0 -1
    outer loop
      vertex 28.4657 24.6576 0
      vertex 23.1333 31.1618 0
      vertex 23.6021 31.8452 0
    endloop
  endfacet
  facet normal 0 0 -1
    outer loop
      vertex 21.5303 18.8469 0
      vertex 28.4657 24.6576 0
      vertex 22.5813 18.4278 0
    endloop
  endfacet
  facet normal 0 0 -1
    outer loop
      vertex 28.4657 24.6576 0
      vertex 22.5258 30.5671 0
      vertex 23.1333 31.1618 0
    endloop
  endfacet
  facet normal 0 0 -1
    outer loop
      vertex 28.4657 24.6576 0
      vertex 21.768 30.0633 0
      vertex 22.5258 30.5671 0
    endloop
  endfacet
  facet normal 0 0 -1
    outer loop
      vertex 20.844 29.6581 0
      vertex 28.4657 24.6576 0
      vertex 21.5303 18.8469 0
    endloop
  endfacet
  facet normal 0 0 -1
    outer loop
      vertex 28.4657 24.6576 0
      vertex 20.844 29.6581 0
      vertex 21.768 30.0633 0
    endloop
  endfacet
  facet normal 0 0 -1
    outer loop
      vertex 20.2814 19.156 0
      vertex 20.844 29.6581 0
      vertex 21.5303 18.8469 0
    endloop
  endfacet
  facet normal 0 0 -1
    outer loop
      vertex 20.2814 19.156 0
      vertex 19.7403 29.358 0
      vertex 20.844 29.6581 0
    endloop
  endfacet
  facet normal 0 0 -1
    outer loop
      vertex 18.8335 19.3462 0
      vertex 19.7403 29.358 0
      vertex 20.2814 19.156 0
    endloop
  endfacet
  facet normal 0 0 -1
    outer loop
      vertex 18.8335 19.3462 0
      vertex 18.4534 29.1725 0
      vertex 19.7403 29.358 0
    endloop
  endfacet
  facet normal 0 0 -1
    outer loop
      vertex 17.1707 19.4115 0
      vertex 18.4534 29.1725 0
      vertex 18.8335 19.3462 0
    endloop
  endfacet
  facet normal 0 0 -1
    outer loop
      vertex 17.1707 19.4115 0
      vertex 16.9656 29.1085 0
      vertex 18.4534 29.1725 0
    endloop
  endfacet
  facet normal 0 0 -1
    outer loop
      vertex 12.8675 19.4115 0
      vertex 16.9656 29.1085 0
      vertex 17.1707 19.4115 0
    endloop
  endfacet
  facet normal -0 0 -1
    outer loop
      vertex 16.9656 29.1085 0
      vertex 12.8675 19.4115 0
      vertex 12.8675 29.1085 0
    endloop
  endfacet
  facet normal -0 0 -1
    outer loop
      vertex 32.9474 44.316 0
      vertex 23.3444 37.9249 0
      vertex 31.2959 45.8952 0
    endloop
  endfacet
  facet normal 0 0 -1
    outer loop
      vertex 22.8673 38.5069 0
      vertex 31.2959 45.8952 0
      vertex 23.3444 37.9249 0
    endloop
  endfacet
  facet normal -0 0 -1
    outer loop
      vertex 31.2959 45.8952 0
      vertex 22.8673 38.5069 0
      vertex 29.3362 47.2035 0
    endloop
  endfacet
  facet normal -0 0 -1
    outer loop
      vertex 29.3362 47.2035 0
      vertex 22.8673 38.5069 0
      vertex 27.1145 48.2121 0
    endloop
  endfacet
  facet normal 0 0 -1
    outer loop
      vertex 22.2925 38.9906 0
      vertex 27.1145 48.2121 0
      vertex 22.8673 38.5069 0
    endloop
  endfacet
  facet normal -0 0 -1
    outer loop
      vertex 27.1145 48.2121 0
      vertex 22.2925 38.9906 0
      vertex 24.6407 48.9246 0
    endloop
  endfacet
  facet normal 0 0 -1
    outer loop
      vertex 21.6124 39.3716 0
      vertex 24.6407 48.9246 0
      vertex 22.2925 38.9906 0
    endloop
  endfacet
  facet normal 0 0 -1
    outer loop
      vertex 20.8071 39.6534 0
      vertex 24.6407 48.9246 0
      vertex 21.6124 39.3716 0
    endloop
  endfacet
  facet normal -0 0 -1
    outer loop
      vertex 24.6407 48.9246 0
      vertex 20.8071 39.6534 0
      vertex 21.9206 49.3474 0
    endloop
  endfacet
  facet normal 0 0 -1
    outer loop
      vertex 19.865 39.829 0
      vertex 21.9206 49.3474 0
      vertex 20.8071 39.6534 0
    endloop
  endfacet
  facet normal 0 0 -1
    outer loop
      vertex 19.865 39.829 0
      vertex 18.9513 49.4872 0
      vertex 21.9206 49.3474 0
    endloop
  endfacet
  facet normal 0 0 -1
    outer loop
      vertex 18.7847 39.8894 0
      vertex 18.9513 49.4872 0
      vertex 19.865 39.829 0
    endloop
  endfacet
  facet normal 0 0 -1
    outer loop
      vertex 17.7706 39.8312 0
      vertex 18.9513 49.4872 0
      vertex 18.7847 39.8894 0
    endloop
  endfacet
  facet normal 0 0 -1
    outer loop
      vertex 16.1309 49.342 0
      vertex 17.7706 39.8312 0
      vertex 16.8607 39.6609 0
    endloop
  endfacet
  facet normal 0 0 -1
    outer loop
      vertex 17.7706 39.8312 0
      vertex 16.1309 49.342 0
      vertex 18.9513 49.4872 0
    endloop
  endfacet
  facet normal 0 0 -1
    outer loop
      vertex 13.5102 48.9026 0
      vertex 16.8607 39.6609 0
      vertex 16.0508 39.3843 0
    endloop
  endfacet
  facet normal 0 0 -1
    outer loop
      vertex 11.0932 48.1639 0
      vertex 16.0508 39.3843 0
      vertex 15.3308 39.0036 0
    endloop
  endfacet
  facet normal 0 0 -1
    outer loop
      vertex 8.88695 47.1221 0
      vertex 15.3308 39.0036 0
      vertex 14.6912 38.5176 0
    endloop
  endfacet
  facet normal 0 0 -1
    outer loop
      vertex 6.90079 45.7772 0
      vertex 14.6912 38.5176 0
      vertex 14.1425 37.9345 0
    endloop
  endfacet
  facet normal 0 0 -1
    outer loop
      vertex 5.17853 44.1626 0
      vertex 14.1425 37.9345 0
      vertex 13.6938 37.2587 0
    endloop
  endfacet
  facet normal 0 0 -1
    outer loop
      vertex 16.8607 39.6609 0
      vertex 13.5102 48.9026 0
      vertex 16.1309 49.342 0
    endloop
  endfacet
  facet normal 0 0 -1
    outer loop
      vertex 3.76382 42.3128 0
      vertex 13.6938 37.2587 0
      vertex 13.3405 36.4773 0
    endloop
  endfacet
  facet normal 0 0 -1
    outer loop
      vertex 2.664 40.2369 0
      vertex 13.3405 36.4773 0
      vertex 13.0847 35.5795 0
    endloop
  endfacet
  facet normal 0 0 -1
    outer loop
      vertex 1.88147 37.947 0
      vertex 13.0847 35.5795 0
      vertex 12.7872 33.5888 0
    endloop
  endfacet
  facet normal 0 0 -1
    outer loop
      vertex 16.0508 39.3843 0
      vertex 11.0932 48.1639 0
      vertex 13.5102 48.9026 0
    endloop
  endfacet
  facet normal 0 0 -1
    outer loop
      vertex 15.3308 39.0036 0
      vertex 8.88695 47.1221 0
      vertex 11.0932 48.1639 0
    endloop
  endfacet
  facet normal 0 0 -1
    outer loop
      vertex 14.6912 38.5176 0
      vertex 6.90079 45.7772 0
      vertex 8.88695 47.1221 0
    endloop
  endfacet
  facet normal 0 0 -1
    outer loop
      vertex 14.1425 37.9345 0
      vertex 5.17853 44.1626 0
      vertex 6.90079 45.7772 0
    endloop
  endfacet
  facet normal 0 0 -1
    outer loop
      vertex 13.6938 37.2587 0
      vertex 3.76382 42.3128 0
      vertex 5.17853 44.1626 0
    endloop
  endfacet
  facet normal 0 0 -1
    outer loop
      vertex 13.3405 36.4773 0
      vertex 2.664 40.2369 0
      vertex 3.76382 42.3128 0
    endloop
  endfacet
  facet normal 0 0 -1
    outer loop
      vertex 13.0847 35.5795 0
      vertex 1.88147 37.947 0
      vertex 2.664 40.2369 0
    endloop
  endfacet
  facet normal 0 -0 -1
    outer loop
      vertex 1.88147 37.947 0
      vertex 12.7872 33.5888 0
      vertex 1.21761 34.4127 0
    endloop
  endfacet
  facet normal 0 0 1
    outer loop
      vertex 35.8917 35.7775 12
      vertex 34.7206 38.0542 12
      vertex 34.8895 35.771 12
    endloop
  endfacet
  facet normal 0 0 1
    outer loop
      vertex 34.2141 40.13 12
      vertex 35.1635 40.4572 12
      vertex 34.2409 42.4987 12
    endloop
  endfacet
  facet normal 0 0 1
    outer loop
      vertex 35.1635 40.4572 12
      vertex 34.2141 40.13 12
      vertex 34.7206 38.0542 12
    endloop
  endfacet
  facet normal 0 0 1
    outer loop
      vertex 34.2409 42.4987 12
      vertex 33.3698 41.9982 12
      vertex 34.2141 40.13 12
    endloop
  endfacet
  facet normal 0 0 1
    outer loop
      vertex 32.9474 44.316 12
      vertex 33.3698 41.9982 12
      vertex 34.2409 42.4987 12
    endloop
  endfacet
  facet normal 0 0 1
    outer loop
      vertex 32.9474 44.316 12
      vertex 32.1877 43.6588 12
      vertex 33.3698 41.9982 12
    endloop
  endfacet
  facet normal 0 0 1
    outer loop
      vertex 31.2959 45.8952 12
      vertex 32.1877 43.6588 12
      vertex 32.9474 44.316 12
    endloop
  endfacet
  facet normal 0 0 1
    outer loop
      vertex 31.2959 45.8952 12
      vertex 30.668 45.112 12
      vertex 32.1877 43.6588 12
    endloop
  endfacet
  facet normal 0 0 1
    outer loop
      vertex 29.3362 47.2035 12
      vertex 30.668 45.112 12
      vertex 31.2959 45.8952 12
    endloop
  endfacet
  facet normal 0 0 1
    outer loop
      vertex 29.3362 47.2035 12
      vertex 28.8487 46.3266 12
      vertex 30.668 45.112 12
    endloop
  endfacet
  facet normal 0 0 1
    outer loop
      vertex 27.1145 48.2121 12
      vertex 28.8487 46.3266 12
      vertex 29.3362 47.2035 12
    endloop
  endfacet
  facet normal 0 0 1
    outer loop
      vertex 27.1145 48.2121 12
      vertex 26.7676 47.2713 12
      vertex 28.8487 46.3266 12
    endloop
  endfacet
  facet normal 0 0 1
    outer loop
      vertex 24.6407 48.9246 12
      vertex 26.7676 47.2713 12
      vertex 27.1145 48.2121 12
    endloop
  endfacet
  facet normal 0 0 1
    outer loop
      vertex 24.6407 48.9246 12
      vertex 24.4247 47.9462 12
      vertex 26.7676 47.2713 12
    endloop
  endfacet
  facet normal 0 0 1
    outer loop
      vertex 21.9206 49.3474 12
      vertex 24.4247 47.9462 12
      vertex 24.6407 48.9246 12
    endloop
  endfacet
  facet normal 0 0 1
    outer loop
      vertex 21.9206 49.3474 12
      vertex 21.82 48.351 12
      vertex 24.4247 47.9462 12
    endloop
  endfacet
  facet normal 0 0 1
    outer loop
      vertex 21.9206 49.3474 12
      vertex 18.9535 48.486 12
      vertex 21.82 48.351 12
    endloop
  endfacet
  facet normal 0 0 1
    outer loop
      vertex 18.9513 49.4872 12
      vertex 18.9535 48.486 12
      vertex 21.9206 49.3474 12
    endloop
  endfacet
  facet normal 0 0 1
    outer loop
      vertex 18.9513 49.4872 12
      vertex 16.2396 48.3463 12
      vertex 18.9535 48.486 12
    endloop
  endfacet
  facet normal -0 0 1
    outer loop
      vertex 16.1309 49.342 12
      vertex 16.2396 48.3463 12
      vertex 18.9513 49.4872 12
    endloop
  endfacet
  facet normal 0 0 1
    outer loop
      vertex 16.1309 49.342 12
      vertex 13.7401 47.9272 12
      vertex 16.2396 48.3463 12
    endloop
  endfacet
  facet normal -0 0 1
    outer loop
      vertex 13.5102 48.9026 12
      vertex 13.7401 47.9272 12
      vertex 16.1309 49.342 12
    endloop
  endfacet
  facet normal 0 0 1
    outer loop
      vertex 13.5102 48.9026 12
      vertex 11.4548 47.2287 12
      vertex 13.7401 47.9272 12
    endloop
  endfacet
  facet normal -0 0 1
    outer loop
      vertex 11.0932 48.1639 12
      vertex 11.4548 47.2287 12
      vertex 13.5102 48.9026 12
    endloop
  endfacet
  facet normal 0 0 1
    outer loop
      vertex 11.0932 48.1639 12
      vertex 9.38373 46.2508 12
      vertex 11.4548 47.2287 12
    endloop
  endfacet
  facet normal -0 0 1
    outer loop
      vertex 8.88695 47.1221 12
      vertex 9.38373 46.2508 12
      vertex 11.0932 48.1639 12
    endloop
  endfacet
  facet normal 0 0 1
    outer loop
      vertex 8.88695 47.1221 12
      vertex 7.52699 44.9935 12
      vertex 9.38373 46.2508 12
    endloop
  endfacet
  facet normal -0 0 1
    outer loop
      vertex 6.90079 45.7772 12
      vertex 7.52699 44.9935 12
      vertex 8.88695 47.1221 12
    endloop
  endfacet
  facet normal 0 0 1
    outer loop
      vertex 6.90079 45.7772 12
      vertex 5.9227 43.4895 12
      vertex 7.52699 44.9935 12
    endloop
  endfacet
  facet normal -0 0 1
    outer loop
      vertex 5.17853 44.1626 12
      vertex 5.9227 43.4895 12
      vertex 6.90079 45.7772 12
    endloop
  endfacet
  facet normal 0 0 1
    outer loop
      vertex 5.17853 44.1626 12
      vertex 4.6086 41.7713 12
      vertex 5.9227 43.4895 12
    endloop
  endfacet
  facet normal -0 0 1
    outer loop
      vertex 3.76382 42.3128 12
      vertex 4.6086 41.7713 12
      vertex 5.17853 44.1626 12
    endloop
  endfacet
  facet normal 0 0 1
    outer loop
      vertex 3.76382 42.3128 12
      vertex 3.58469 39.8387 12
      vertex 4.6086 41.7713 12
    endloop
  endfacet
  facet normal -0 0 1
    outer loop
      vertex 2.664 40.2369 12
      vertex 3.58469 39.8387 12
      vertex 3.76382 42.3128 12
    endloop
  endfacet
  facet normal 0 0 1
    outer loop
      vertex 3.58469 39.8387 12
      vertex 2.664 40.2369 12
      vertex 2.851 37.6917 12
    endloop
  endfacet
  facet normal -0 0 1
    outer loop
      vertex 1.88147 37.947 12
      vertex 2.851 37.6917 12
      vertex 2.664 40.2369 12
    endloop
  endfacet
  facet normal 0 0 1
    outer loop
      vertex 2.851 37.6917 12
      vertex 1.88147 37.947 12
      vertex 2.40749 35.3305 12
    endloop
  endfacet
  facet normal -0 0 1
    outer loop
      vertex 34.7206 38.0542 12
      vertex 35.8917 35.7775 12
      vertex 35.7118 38.2107 12
    endloop
  endfacet
  facet normal 0 0 1
    outer loop
      vertex 35.8917 35.7775 12
      vertex 34.8895 35.771 12
      vertex 35.7785 33.9168 12
    endloop
  endfacet
  facet normal 0 0 1
    outer loop
      vertex 34.7206 38.0542 12
      vertex 35.7118 38.2107 12
      vertex 35.1635 40.4572 12
    endloop
  endfacet
  facet normal -0 0 1
    outer loop
      vertex 34.7844 34.0445 12
      vertex 35.7785 33.9168 12
      vertex 34.8895 35.771 12
    endloop
  endfacet
  facet normal 0 0 1
    outer loop
      vertex 35.7785 33.9168 12
      vertex 34.7844 34.0445 12
      vertex 35.4357 32.1792 12
    endloop
  endfacet
  facet normal -0 0 1
    outer loop
      vertex 34.469 32.4456 12
      vertex 35.4357 32.1792 12
      vertex 34.7844 34.0445 12
    endloop
  endfacet
  facet normal 0 0 1
    outer loop
      vertex 35.4357 32.1792 12
      vertex 34.469 32.4456 12
      vertex 34.8585 30.5632 12
    endloop
  endfacet
  facet normal -0 0 1
    outer loop
      vertex 33.9434 30.974 12
      vertex 34.8585 30.5632 12
      vertex 34.469 32.4456 12
    endloop
  endfacet
  facet normal 0 0 1
    outer loop
      vertex 34.8585 30.5632 12
      vertex 33.9434 30.974 12
      vertex 34.0462 29.0795 12
    endloop
  endfacet
  facet normal -0 0 1
    outer loop
      vertex 33.2076 29.63 12
      vertex 34.0462 29.0795 12
      vertex 33.9434 30.974 12
    endloop
  endfacet
  facet normal 0 0 1
    outer loop
      vertex 33.2076 29.63 12
      vertex 33.0031 27.7382 12
      vertex 34.0462 29.0795 12
    endloop
  endfacet
  facet normal -0 0 1
    outer loop
      vertex 32.2615 28.4135 12
      vertex 33.0031 27.7382 12
      vertex 33.2076 29.63 12
    endloop
  endfacet
  facet normal 0 0 1
    outer loop
      vertex 32.2615 28.4135 12
      vertex 31.7483 26.5584 12
      vertex 33.0031 27.7382 12
    endloop
  endfacet
  facet normal -0 0 1
    outer loop
      vertex 31.1176 27.338 12
      vertex 31.7483 26.5584 12
      vertex 32.2615 28.4135 12
    endloop
  endfacet
  facet normal 0 0 1
    outer loop
      vertex 31.1176 27.338 12
      vertex 30.3006 25.5558 12
      vertex 31.7483 26.5584 12
    endloop
  endfacet
  facet normal -0 0 1
    outer loop
      vertex 29.7879 26.4171 12
      vertex 30.3006 25.5558 12
      vertex 31.1176 27.338 12
    endloop
  endfacet
  facet normal 0 0 1
    outer loop
      vertex 29.7879 26.4171 12
      vertex 28.6687 24.7306 12
      vertex 30.3006 25.5558 12
    endloop
  endfacet
  facet normal -0 0 1
    outer loop
      vertex 28.2724 25.6508 12
      vertex 28.6687 24.7306 12
      vertex 29.7879 26.4171 12
    endloop
  endfacet
  facet normal 0 0 1
    outer loop
      vertex 28.6687 24.7306 12
      vertex 28.2724 25.6508 12
      vertex 28.4657 24.6576 12
    endloop
  endfacet
  facet normal -0 0 1
    outer loop
      vertex 36.11 13.2575 12
      vertex 37.1123 13.2565 12
      vertex 36.9842 15.1758 12
    endloop
  endfacet
  facet normal 0 0 1
    outer loop
      vertex 35.9913 15.0361 12
      vertex 36.9842 15.1758 12
      vertex 36.5957 16.973 12
    endloop
  endfacet
  facet normal 0 0 1
    outer loop
      vertex 35.9337 10.6942 12
      vertex 37.1123 13.2565 12
      vertex 36.11 13.2575 12
    endloop
  endfacet
  facet normal 0 0 1
    outer loop
      vertex 37.1123 13.2565 12
      vertex 35.9337 10.6942 12
      vertex 36.926 10.5478 12
    endloop
  endfacet
  facet normal 0 0 1
    outer loop
      vertex 36.9842 15.1758 12
      vertex 35.9913 15.0361 12
      vertex 36.11 13.2575 12
    endloop
  endfacet
  facet normal 0 0 1
    outer loop
      vertex 35.6353 16.6832 12
      vertex 36.5957 16.973 12
      vertex 35.9424 18.6414 12
    endloop
  endfacet
  facet normal 0 0 1
    outer loop
      vertex 36.5957 16.973 12
      vertex 35.6353 16.6832 12
      vertex 35.9913 15.0361 12
    endloop
  endfacet
  facet normal 0 0 1
    outer loop
      vertex 35.9424 18.6414 12
      vertex 35.0419 18.1987 12
      vertex 35.6353 16.6832 12
    endloop
  endfacet
  facet normal 0 0 1
    outer loop
      vertex 35.0258 20.1684 12
      vertex 35.0419 18.1987 12
      vertex 35.9424 18.6414 12
    endloop
  endfacet
  facet normal 0 0 1
    outer loop
      vertex 35.0258 20.1684 12
      vertex 34.2111 19.5826 12
      vertex 35.0419 18.1987 12
    endloop
  endfacet
  facet normal 0 0 1
    outer loop
      vertex 33.8517 21.5451 12
      vertex 34.2111 19.5826 12
      vertex 35.0258 20.1684 12
    endloop
  endfacet
  facet normal 0 0 1
    outer loop
      vertex 33.8517 21.5451 12
      vertex 33.143 20.835 12
      vertex 34.2111 19.5826 12
    endloop
  endfacet
  facet normal 0 0 1
    outer loop
      vertex 32.4429 22.7419 12
      vertex 33.143 20.835 12
      vertex 33.8517 21.5451 12
    endloop
  endfacet
  facet normal 0 0 1
    outer loop
      vertex 32.4429 22.7419 12
      vertex 31.8553 21.9289 12
      vertex 33.143 20.835 12
    endloop
  endfacet
  facet normal 0 0 1
    outer loop
      vertex 30.8246 23.7284 12
      vertex 31.8553 21.9289 12
      vertex 32.4429 22.7419 12
    endloop
  endfacet
  facet normal 0 0 1
    outer loop
      vertex 30.8246 23.7284 12
      vertex 30.3656 22.837 12
      vertex 31.8553 21.9289 12
    endloop
  endfacet
  facet normal 0 0 1
    outer loop
      vertex 29.0078 24.504 12
      vertex 30.3656 22.837 12
      vertex 30.8246 23.7284 12
    endloop
  endfacet
  facet normal 0 0 1
    outer loop
      vertex 29.0078 24.504 12
      vertex 28.6738 23.5593 12
      vertex 30.3656 22.837 12
    endloop
  endfacet
  facet normal 0 0 1
    outer loop
      vertex 28.4657 24.6576 12
      vertex 28.6738 23.5593 12
      vertex 29.0078 24.504 12
    endloop
  endfacet
  facet normal -0 0 1
    outer loop
      vertex 26.5711 25.0391 12
      vertex 28.4657 24.6576 12
      vertex 28.2724 25.6508 12
    endloop
  endfacet
  facet normal 0 0 1
    outer loop
      vertex 28.4657 24.6576 12
      vertex 26.78 24.0958 12
      vertex 28.6738 23.5593 12
    endloop
  endfacet
  facet normal 0 0 1
    outer loop
      vertex 28.4657 24.6576 12
      vertex 26.5711 25.0391 12
      vertex 26.78 24.0958 12
    endloop
  endfacet
  facet normal 0 0 1
    outer loop
      vertex 24.684 24.4465 12
      vertex 26.5711 25.0391 12
      vertex 24.684 24.582 12
    endloop
  endfacet
  facet normal 0 0 1
    outer loop
      vertex 26.5711 25.0391 12
      vertex 24.684 24.4465 12
      vertex 26.78 24.0958 12
    endloop
  endfacet
  facet normal 0 0 1
    outer loop
      vertex 35.4047 8.37494 12
      vertex 36.926 10.5478 12
      vertex 35.9337 10.6942 12
    endloop
  endfacet
  facet normal 0 0 1
    outer loop
      vertex 36.926 10.5478 12
      vertex 35.4047 8.37494 12
      vertex 36.3599 8.06581 12
    endloop
  endfacet
  facet normal 0 0 1
    outer loop
      vertex 36.3599 8.06581 12
      vertex 35.4047 8.37494 12
      vertex 35.406 5.82048 12
    endloop
  endfacet
  facet normal -0 0 1
    outer loop
      vertex 34.5231 6.29984 12
      vertex 35.406 5.82048 12
      vertex 35.4047 8.37494 12
    endloop
  endfacet
  facet normal 0 0 1
    outer loop
      vertex 34.5231 6.29984 12
      vertex 34.0642 3.82994 12
      vertex 35.406 5.82048 12
    endloop
  endfacet
  facet normal -0 0 1
    outer loop
      vertex 33.2889 4.46886 12
      vertex 34.0642 3.82994 12
      vertex 34.5231 6.29984 12
    endloop
  endfacet
  facet normal 0 0 1
    outer loop
      vertex 33.2889 4.46886 12
      vertex 32.3447 2.11043 12
      vertex 34.0642 3.82994 12
    endloop
  endfacet
  facet normal -0 0 1
    outer loop
      vertex 31.702 2.88199 12
      vertex 32.3447 2.11043 12
      vertex 33.2889 4.46886 12
    endloop
  endfacet
  facet normal 0 0 1
    outer loop
      vertex 31.702 2.88199 12
      vertex 30.2875 0.692215 12
      vertex 32.3447 2.11043 12
    endloop
  endfacet
  facet normal -0 0 1
    outer loop
      vertex 29.7898 1.56367 12
      vertex 30.2875 0.692215 12
      vertex 31.702 2.88199 12
    endloop
  endfacet
  facet normal 0 0 1
    outer loop
      vertex 29.7898 1.56367 12
      vertex 27.9317 -0.400528 12
      vertex 30.2875 0.692215 12
    endloop
  endfacet
  facet normal -0 0 1
    outer loop
      vertex 27.5792 0.538315 12
      vertex 27.9317 -0.400528 12
      vertex 29.7898 1.56367 12
    endloop
  endfacet
  facet normal 0 0 1
    outer loop
      vertex 27.5792 0.538315 12
      vertex 25.2885 -1.17207 12
      vertex 27.9317 -0.400528 12
    endloop
  endfacet
  facet normal -0 0 1
    outer loop
      vertex 25.0702 -0.194077 12
      vertex 25.2885 -1.17207 12
      vertex 27.5792 0.538315 12
    endloop
  endfacet
  facet normal 0 0 1
    outer loop
      vertex 25.0702 -0.194077 12
      vertex 22.364 -1.62985 12
      vertex 25.2885 -1.17207 12
    endloop
  endfacet
  facet normal -0 0 1
    outer loop
      vertex 22.2628 -0.633514 12
      vertex 22.364 -1.62985 12
      vertex 25.0702 -0.194077 12
    endloop
  endfacet
  facet normal -0 0 1
    outer loop
      vertex 19.157 -0.779999 12
      vertex 22.364 -1.62985 12
      vertex 22.2628 -0.633514 12
    endloop
  endfacet
  facet normal 0 0 1
    outer loop
      vertex 19.157 -0.779999 12
      vertex 19.1566 -1.78113 12
      vertex 22.364 -1.62985 12
    endloop
  endfacet
  facet normal 0 0 1
    outer loop
      vertex 16.2045 -0.638275 12
      vertex 19.1566 -1.78113 12
      vertex 19.157 -0.779999 12
    endloop
  endfacet
  facet normal 0 0 1
    outer loop
      vertex 16.2045 -0.638275 12
      vertex 16.1025 -1.63452 12
      vertex 19.1566 -1.78113 12
    endloop
  endfacet
  facet normal 0 0 1
    outer loop
      vertex 13.5043 -0.21312 12
      vertex 16.1025 -1.63452 12
      vertex 16.2045 -0.638275 12
    endloop
  endfacet
  facet normal 0 0 1
    outer loop
      vertex 13.5043 -0.21312 12
      vertex 13.2866 -1.19118 12
      vertex 16.1025 -1.63452 12
    endloop
  endfacet
  facet normal 0 0 1
    outer loop
      vertex 11.0563 0.495468 12
      vertex 13.2866 -1.19118 12
      vertex 13.5043 -0.21312 12
    endloop
  endfacet
  facet normal 0 0 1
    outer loop
      vertex 11.0563 0.495468 12
      vertex 10.7096 -0.445236 12
      vertex 13.2866 -1.19118 12
    endloop
  endfacet
  facet normal 0 0 1
    outer loop
      vertex 8.86052 1.48752 12
      vertex 10.7096 -0.445236 12
      vertex 11.0563 0.495468 12
    endloop
  endfacet
  facet normal 0 0 1
    outer loop
      vertex 8.86052 1.48752 12
      vertex 8.37737 0.608475 12
      vertex 10.7096 -0.445236 12
    endloop
  endfacet
  facet normal 0 0 1
    outer loop
      vertex 6.91699 2.76299 12
      vertex 8.37737 0.608475 12
      vertex 8.86052 1.48752 12
    endloop
  endfacet
  facet normal 0 0 1
    outer loop
      vertex 6.91699 2.76299 12
      vertex 6.29877 1.9726 12
      vertex 8.37737 0.608475 12
    endloop
  endfacet
  facet normal 0 0 1
    outer loop
      vertex 5.25014 4.30583 12
      vertex 6.29877 1.9726 12
      vertex 6.91699 2.76299 12
    endloop
  endfacet
  facet normal 0 0 1
    outer loop
      vertex 5.25014 4.30583 12
      vertex 4.50713 3.63094 12
      vertex 6.29877 1.9726 12
    endloop
  endfacet
  facet normal 0 0 1
    outer loop
      vertex 3.88435 6.09955 12
      vertex 4.50713 3.63094 12
      vertex 5.25014 4.30583 12
    endloop
  endfacet
  facet normal 0 0 1
    outer loop
      vertex 3.88435 6.09955 12
      vertex 3.03691 5.56181 12
      vertex 4.50713 3.63094 12
    endloop
  endfacet
  facet normal 0 0 1
    outer loop
      vertex 2.81966 8.14415 12
      vertex 3.03691 5.56181 12
      vertex 3.88435 6.09955 12
    endloop
  endfacet
  facet normal 0 0 1
    outer loop
      vertex 1.89592 7.75293 12
      vertex 2.81966 8.14415 12
      vertex 2.05603 10.4396 12
    endloop
  endfacet
  facet normal 0 0 1
    outer loop
      vertex 2.81966 8.14415 12
      vertex 1.89592 7.75293 12
      vertex 3.03691 5.56181 12
    endloop
  endfacet
  facet normal 0 0 1
    outer loop
      vertex 1.08479 10.1912 12
      vertex 2.05603 10.4396 12
      vertex 1.59349 12.986 12
    endloop
  endfacet
  facet normal 0 0 1
    outer loop
      vertex 2.05603 10.4396 12
      vertex 1.08479 10.1912 12
      vertex 1.89592 7.75293 12
    endloop
  endfacet
  facet normal -0 0 1
    outer loop
      vertex 24.2245 34.5901 12
      vertex 25.2265 34.5845 12
      vertex 25.1607 35.7135 12
    endloop
  endfacet
  facet normal -0 0 1
    outer loop
      vertex 23.9957 36.4775 12
      vertex 25.1607 35.7135 12
      vertex 24.9634 36.7407 12
    endloop
  endfacet
  facet normal 0 0 1
    outer loop
      vertex 24.1516 33.5425 12
      vertex 25.2265 34.5845 12
      vertex 24.2245 34.5901 12
    endloop
  endfacet
  facet normal 0 0 1
    outer loop
      vertex 23.9957 36.4775 12
      vertex 24.9634 36.7407 12
      vertex 24.6345 37.6663 12
    endloop
  endfacet
  facet normal 0 0 1
    outer loop
      vertex 25.2265 34.5845 12
      vertex 24.1516 33.5425 12
      vertex 25.1438 33.3943 12
    endloop
  endfacet
  facet normal 0 0 1
    outer loop
      vertex 23.9415 32.6324 12
      vertex 25.1438 33.3943 12
      vertex 24.1516 33.5425 12
    endloop
  endfacet
  facet normal 0 0 1
    outer loop
      vertex 23.7204 37.252 12
      vertex 24.6345 37.6663 12
      vertex 24.174 38.4902 12
    endloop
  endfacet
  facet normal 0 0 1
    outer loop
      vertex 25.1607 35.7135 12
      vertex 24.1662 35.5896 12
      vertex 24.2245 34.5901 12
    endloop
  endfacet
  facet normal 0 0 1
    outer loop
      vertex 25.1607 35.7135 12
      vertex 23.9957 36.4775 12
      vertex 24.1662 35.5896 12
    endloop
  endfacet
  facet normal 0 0 1
    outer loop
      vertex 24.6345 37.6663 12
      vertex 23.7204 37.252 12
      vertex 23.9957 36.4775 12
    endloop
  endfacet
  facet normal 0 0 1
    outer loop
      vertex 23.3444 37.9249 12
      vertex 24.174 38.4902 12
      vertex 23.582 39.2125 12
    endloop
  endfacet
  facet normal 0 0 1
    outer loop
      vertex 24.174 38.4902 12
      vertex 23.3444 37.9249 12
      vertex 23.7204 37.252 12
    endloop
  endfacet
  facet normal 0 0 1
    outer loop
      vertex 23.582 39.2125 12
      vertex 22.8673 38.5069 12
      vertex 23.3444 37.9249 12
    endloop
  endfacet
  facet normal 0 0 1
    outer loop
      vertex 22.8638 39.8168 12
      vertex 22.8673 38.5069 12
      vertex 23.582 39.2125 12
    endloop
  endfacet
  facet normal 0 0 1
    outer loop
      vertex 22.8638 39.8168 12
      vertex 22.2925 38.9906 12
      vertex 22.8673 38.5069 12
    endloop
  endfacet
  facet normal 0 0 1
    outer loop
      vertex 22.0249 40.2867 12
      vertex 22.2925 38.9906 12
      vertex 22.8638 39.8168 12
    endloop
  endfacet
  facet normal 0 0 1
    outer loop
      vertex 22.0249 40.2867 12
      vertex 21.6124 39.3716 12
      vertex 22.2925 38.9906 12
    endloop
  endfacet
  facet normal 0 0 1
    outer loop
      vertex 21.0654 40.6224 12
      vertex 21.6124 39.3716 12
      vertex 22.0249 40.2867 12
    endloop
  endfacet
  facet normal 0 0 1
    outer loop
      vertex 21.0654 40.6224 12
      vertex 20.8071 39.6534 12
      vertex 21.6124 39.3716 12
    endloop
  endfacet
  facet normal 0 0 1
    outer loop
      vertex 19.985 40.8239 12
      vertex 20.8071 39.6534 12
      vertex 21.0654 40.6224 12
    endloop
  endfacet
  facet normal 0 0 1
    outer loop
      vertex 19.985 40.8239 12
      vertex 19.865 39.829 12
      vertex 20.8071 39.6534 12
    endloop
  endfacet
  facet normal 0 0 1
    outer loop
      vertex 19.985 40.8239 12
      vertex 18.7847 39.8894 12
      vertex 19.865 39.829 12
    endloop
  endfacet
  facet normal 0 0 1
    outer loop
      vertex 18.784 40.891 12
      vertex 18.7847 39.8894 12
      vertex 19.985 40.8239 12
    endloop
  endfacet
  facet normal 0 0 1
    outer loop
      vertex 18.784 40.891 12
      vertex 17.7706 39.8312 12
      vertex 18.7847 39.8894 12
    endloop
  endfacet
  facet normal -0 0 1
    outer loop
      vertex 17.6494 40.8259 12
      vertex 17.7706 39.8312 12
      vertex 18.784 40.891 12
    endloop
  endfacet
  facet normal 0 0 1
    outer loop
      vertex 17.6494 40.8259 12
      vertex 16.8607 39.6609 12
      vertex 17.7706 39.8312 12
    endloop
  endfacet
  facet normal -0 0 1
    outer loop
      vertex 16.6058 40.6306 12
      vertex 16.8607 39.6609 12
      vertex 17.6494 40.8259 12
    endloop
  endfacet
  facet normal 0 0 1
    outer loop
      vertex 16.6058 40.6306 12
      vertex 16.0508 39.3843 12
      vertex 16.8607 39.6609 12
    endloop
  endfacet
  facet normal -0 0 1
    outer loop
      vertex 15.653 40.3051 12
      vertex 16.0508 39.3843 12
      vertex 16.6058 40.6306 12
    endloop
  endfacet
  facet normal 0 0 1
    outer loop
      vertex 15.653 40.3051 12
      vertex 15.3308 39.0036 12
      vertex 16.0508 39.3843 12
    endloop
  endfacet
  facet normal -0 0 1
    outer loop
      vertex 14.791 39.8494 12
      vertex 15.3308 39.0036 12
      vertex 15.653 40.3051 12
    endloop
  endfacet
  facet normal 0 0 1
    outer loop
      vertex 14.791 39.8494 12
      vertex 14.6912 38.5176 12
      vertex 15.3308 39.0036 12
    endloop
  endfacet
  facet normal -0 0 1
    outer loop
      vertex 14.02 39.2635 12
      vertex 14.6912 38.5176 12
      vertex 14.791 39.8494 12
    endloop
  endfacet
  facet normal 0 0 1
    outer loop
      vertex 14.6912 38.5176 12
      vertex 14.02 39.2635 12
      vertex 14.1425 37.9345 12
    endloop
  endfacet
  facet normal -0 0 1
    outer loop
      vertex 13.3563 38.5582 12
      vertex 14.1425 37.9345 12
      vertex 14.02 39.2635 12
    endloop
  endfacet
  facet normal 0 0 1
    outer loop
      vertex 14.1425 37.9345 12
      vertex 13.3563 38.5582 12
      vertex 13.6938 37.2587 12
    endloop
  endfacet
  facet normal -0 0 1
    outer loop
      vertex 12.8159 37.7444 12
      vertex 13.6938 37.2587 12
      vertex 13.3563 38.5582 12
    endloop
  endfacet
  facet normal 0 0 1
    outer loop
      vertex 13.6938 37.2587 12
      vertex 12.8159 37.7444 12
      vertex 13.3405 36.4773 12
    endloop
  endfacet
  facet normal -0 0 1
    outer loop
      vertex 12.3989 36.8222 12
      vertex 13.3405 36.4773 12
      vertex 12.8159 37.7444 12
    endloop
  endfacet
  facet normal 0 0 1
    outer loop
      vertex 13.3405 36.4773 12
      vertex 12.3989 36.8222 12
      vertex 13.0847 35.5795 12
    endloop
  endfacet
  facet normal -0 0 1
    outer loop
      vertex 12.1053 35.7913 12
      vertex 13.0847 35.5795 12
      vertex 12.3989 36.8222 12
    endloop
  endfacet
  facet normal 0 0 1
    outer loop
      vertex 11.935 34.652 12
      vertex 13.0847 35.5795 12
      vertex 12.1053 35.7913 12
    endloop
  endfacet
  facet normal 0 0 1
    outer loop
      vertex 13.0847 35.5795 12
      vertex 11.935 34.652 12
      vertex 12.7872 33.5888 12
    endloop
  endfacet
  facet normal 0 0 1
    outer loop
      vertex 2.40749 35.3305 12
      vertex 12.7872 33.5888 12
      vertex 11.935 34.652 12
    endloop
  endfacet
  facet normal 0 0 1
    outer loop
      vertex 2.40749 35.3305 12
      vertex 1.21761 34.4127 12
      vertex 12.7872 33.5888 12
    endloop
  endfacet
  facet normal 0 0 1
    outer loop
      vertex 1.21761 34.4127 12
      vertex 2.40749 35.3305 12
      vertex 1.88147 37.947 12
    endloop
  endfacet
  facet normal 0 0 1
    outer loop
      vertex 25.1438 33.3943 12
      vertex 23.9415 32.6324 12
      vertex 24.8955 32.3195 12
    endloop
  endfacet
  facet normal 0 0 1
    outer loop
      vertex 24.8955 32.3195 12
      vertex 23.9415 32.6324 12
      vertex 24.4818 31.3598 12
    endloop
  endfacet
  facet normal -0 0 1
    outer loop
      vertex 23.6021 31.8452 12
      vertex 24.4818 31.3598 12
      vertex 23.9415 32.6324 12
    endloop
  endfacet
  facet normal 0 0 1
    outer loop
      vertex 24.4818 31.3598 12
      vertex 23.6021 31.8452 12
      vertex 23.9026 30.5155 12
    endloop
  endfacet
  facet normal -0 0 1
    outer loop
      vertex 23.1333 31.1618 12
      vertex 23.9026 30.5155 12
      vertex 23.6021 31.8452 12
    endloop
  endfacet
  facet normal 0 0 1
    outer loop
      vertex 23.9026 30.5155 12
      vertex 23.1333 31.1618 12
      vertex 23.158 29.7865 12
    endloop
  endfacet
  facet normal -0 0 1
    outer loop
      vertex 22.5258 30.5671 12
      vertex 23.158 29.7865 12
      vertex 23.1333 31.1618 12
    endloop
  endfacet
  facet normal 0 0 1
    outer loop
      vertex 22.5258 30.5671 12
      vertex 22.2492 29.1824 12
      vertex 23.158 29.7865 12
    endloop
  endfacet
  facet normal -0 0 1
    outer loop
      vertex 21.768 30.0633 12
      vertex 22.2492 29.1824 12
      vertex 22.5258 30.5671 12
    endloop
  endfacet
  facet normal 0 0 1
    outer loop
      vertex 21.768 30.0633 12
      vertex 21.1777 28.7126 12
      vertex 22.2492 29.1824 12
    endloop
  endfacet
  facet normal -0 0 1
    outer loop
      vertex 20.844 29.6581 12
      vertex 21.1777 28.7126 12
      vertex 21.768 30.0633 12
    endloop
  endfacet
  facet normal 0 0 1
    outer loop
      vertex 20.844 29.6581 12
      vertex 19.9436 28.377 12
      vertex 21.1777 28.7126 12
    endloop
  endfacet
  facet normal -0 0 1
    outer loop
      vertex 19.7403 29.358 12
      vertex 19.9436 28.377 12
      vertex 20.844 29.6581 12
    endloop
  endfacet
  facet normal 0 0 1
    outer loop
      vertex 19.7403 29.358 12
      vertex 18.5466 28.1756 12
      vertex 19.9436 28.377 12
    endloop
  endfacet
  facet normal -0 0 1
    outer loop
      vertex 18.4534 29.1725 12
      vertex 18.5466 28.1756 12
      vertex 19.7403 29.358 12
    endloop
  endfacet
  facet normal 0 0 1
    outer loop
      vertex 18.4534 29.1725 12
      vertex 16.987 28.1085 12
      vertex 18.5466 28.1756 12
    endloop
  endfacet
  facet normal -0 0 1
    outer loop
      vertex 16.9656 29.1085 12
      vertex 16.987 28.1085 12
      vertex 18.4534 29.1725 12
    endloop
  endfacet
  facet normal 0 0 1
    outer loop
      vertex 16.9656 29.1085 12
      vertex 13.8675 28.1085 12
      vertex 16.987 28.1085 12
    endloop
  endfacet
  facet normal 0 0 1
    outer loop
      vertex 13.8675 28.1085 12
      vertex 12.8675 29.1085 12
      vertex 13.8675 20.4115 12
    endloop
  endfacet
  facet normal -0 0 1
    outer loop
      vertex 12.8675 29.1085 12
      vertex 13.8675 28.1085 12
      vertex 16.9656 29.1085 12
    endloop
  endfacet
  facet normal 0 0 1
    outer loop
      vertex 26.345 13.834 12
      vertex 25.2621 14.8877 12
      vertex 25.3428 13.8248 12
    endloop
  endfacet
  facet normal 0 0 1
    outer loop
      vertex 25.9761 16.1449 12
      vertex 25.0303 15.8058 12
      vertex 25.2621 14.8877 12
    endloop
  endfacet
  facet normal 0 0 1
    outer loop
      vertex 24.6546 16.6015 12
      vertex 25.515 17.1213 12
      vertex 24.8695 17.9783 12
    endloop
  endfacet
  facet normal 0 0 1
    outer loop
      vertex 25.515 17.1213 12
      vertex 24.6546 16.6015 12
      vertex 25.0303 15.8058 12
    endloop
  endfacet
  facet normal 0 0 1
    outer loop
      vertex 24.8695 17.9783 12
      vertex 24.1307 17.2971 12
      vertex 24.6546 16.6015 12
    endloop
  endfacet
  facet normal 0 0 1
    outer loop
      vertex 24.0395 18.716 12
      vertex 24.1307 17.2971 12
      vertex 24.8695 17.9783 12
    endloop
  endfacet
  facet normal 0 0 1
    outer loop
      vertex 24.0395 18.716 12
      vertex 23.444 17.9074 12
      vertex 24.1307 17.2971 12
    endloop
  endfacet
  facet normal 0 0 1
    outer loop
      vertex 23.0278 19.3264 12
      vertex 23.444 17.9074 12
      vertex 24.0395 18.716 12
    endloop
  endfacet
  facet normal 0 0 1
    outer loop
      vertex 23.0278 19.3264 12
      vertex 22.5813 18.4278 12
      vertex 23.444 17.9074 12
    endloop
  endfacet
  facet normal 0 0 1
    outer loop
      vertex 21.837 19.8011 12
      vertex 22.5813 18.4278 12
      vertex 23.0278 19.3264 12
    endloop
  endfacet
  facet normal 0 0 1
    outer loop
      vertex 21.837 19.8011 12
      vertex 21.5303 18.8469 12
      vertex 22.5813 18.4278 12
    endloop
  endfacet
  facet normal 0 0 1
    outer loop
      vertex 20.4672 20.1402 12
      vertex 21.5303 18.8469 12
      vertex 21.837 19.8011 12
    endloop
  endfacet
  facet normal 0 0 1
    outer loop
      vertex 20.4672 20.1402 12
      vertex 20.2814 19.156 12
      vertex 21.5303 18.8469 12
    endloop
  endfacet
  facet normal 0 0 1
    outer loop
      vertex 18.9184 20.3437 12
      vertex 20.2814 19.156 12
      vertex 20.4672 20.1402 12
    endloop
  endfacet
  facet normal 0 0 1
    outer loop
      vertex 18.9184 20.3437 12
      vertex 18.8335 19.3462 12
      vertex 20.2814 19.156 12
    endloop
  endfacet
  facet normal 0 0 1
    outer loop
      vertex 17.1905 20.4115 12
      vertex 18.8335 19.3462 12
      vertex 18.9184 20.3437 12
    endloop
  endfacet
  facet normal 0 0 1
    outer loop
      vertex 17.1905 20.4115 12
      vertex 17.1707 19.4115 12
      vertex 18.8335 19.3462 12
    endloop
  endfacet
  facet normal -0 0 1
    outer loop
      vertex 13.8675 20.4115 12
      vertex 17.1707 19.4115 12
      vertex 17.1905 20.4115 12
    endloop
  endfacet
  facet normal 0 0 1
    outer loop
      vertex 13.8675 20.4115 12
      vertex 12.8675 19.4115 12
      vertex 17.1707 19.4115 12
    endloop
  endfacet
  facet normal 0 0 1
    outer loop
      vertex 12.8675 19.4115 12
      vertex 13.8675 20.4115 12
      vertex 12.8675 29.1085 12
    endloop
  endfacet
  facet normal -0 0 1
    outer loop
      vertex 25.2621 14.8877 12
      vertex 26.345 13.834 12
      vertex 26.2528 15.0491 12
    endloop
  endfacet
  facet normal 0 0 1
    outer loop
      vertex 26.345 13.834 12
      vertex 25.3428 13.8248 12
      vertex 26.269 12.5089 12
    endloop
  endfacet
  facet normal 0 0 1
    outer loop
      vertex 25.2621 14.8877 12
      vertex 26.2528 15.0491 12
      vertex 25.9761 16.1449 12
    endloop
  endfacet
  facet normal -0 0 1
    outer loop
      vertex 25.2745 12.6327 12
      vertex 26.269 12.5089 12
      vertex 25.3428 13.8248 12
    endloop
  endfacet
  facet normal 0 0 1
    outer loop
      vertex 25.0303 15.8058 12
      vertex 25.9761 16.1449 12
      vertex 25.515 17.1213 12
    endloop
  endfacet
  facet normal 0 0 1
    outer loop
      vertex 25.0745 11.5958 12
      vertex 26.269 12.5089 12
      vertex 25.2745 12.6327 12
    endloop
  endfacet
  facet normal 0 0 1
    outer loop
      vertex 26.269 12.5089 12
      vertex 25.0745 11.5958 12
      vertex 26.0412 11.3275 12
    endloop
  endfacet
  facet normal 0 0 1
    outer loop
      vertex 24.7543 10.7211 12
      vertex 26.0412 11.3275 12
      vertex 25.0745 11.5958 12
    endloop
  endfacet
  facet normal 0 0 1
    outer loop
      vertex 26.0412 11.3275 12
      vertex 24.7543 10.7211 12
      vertex 25.6613 10.2899 12
    endloop
  endfacet
  facet normal 0 0 1
    outer loop
      vertex 25.6613 10.2899 12
      vertex 24.7543 10.7211 12
      vertex 25.1296 9.39607 12
    endloop
  endfacet
  facet normal -0 0 1
    outer loop
      vertex 24.3221 9.99458 12
      vertex 25.1296 9.39607 12
      vertex 24.7543 10.7211 12
    endloop
  endfacet
  facet normal 0 0 1
    outer loop
      vertex 25.1296 9.39607 12
      vertex 24.3221 9.99458 12
      vertex 24.446 8.646 12
    endloop
  endfacet
  facet normal -0 0 1
    outer loop
      vertex 23.7719 9.39088 12
      vertex 24.446 8.646 12
      vertex 24.3221 9.99458 12
    endloop
  endfacet
  facet normal 0 0 1
    outer loop
      vertex 23.7719 9.39088 12
      vertex 23.6255 8.0358 12
      vertex 24.446 8.646 12
    endloop
  endfacet
  facet normal -0 0 1
    outer loop
      vertex 23.0984 8.88997 12
      vertex 23.6255 8.0358 12
      vertex 23.7719 9.39088 12
    endloop
  endfacet
  facet normal 0 0 1
    outer loop
      vertex 23.0984 8.88997 12
      vertex 22.683 7.56119 12
      vertex 23.6255 8.0358 12
    endloop
  endfacet
  facet normal -0 0 1
    outer loop
      vertex 22.3041 8.48999 12
      vertex 22.683 7.56119 12
      vertex 23.0984 8.88997 12
    endloop
  endfacet
  facet normal 0 0 1
    outer loop
      vertex 22.3041 8.48999 12
      vertex 21.6184 7.2222 12
      vertex 22.683 7.56119 12
    endloop
  endfacet
  facet normal -0 0 1
    outer loop
      vertex 21.3811 8.19609 12
      vertex 21.6184 7.2222 12
      vertex 22.3041 8.48999 12
    endloop
  endfacet
  facet normal 0 0 1
    outer loop
      vertex 21.3811 8.19609 12
      vertex 20.4317 7.0188 12
      vertex 21.6184 7.2222 12
    endloop
  endfacet
  facet normal -0 0 1
    outer loop
      vertex 20.321 8.0144 12
      vertex 20.4317 7.0188 12
      vertex 21.3811 8.19609 12
    endloop
  endfacet
  facet normal -0 0 1
    outer loop
      vertex 19.1515 7.9538 12
      vertex 20.4317 7.0188 12
      vertex 20.321 8.0144 12
    endloop
  endfacet
  facet normal 0 0 1
    outer loop
      vertex 19.1515 7.9538 12
      vertex 19.123 6.95099 12
      vertex 20.4317 7.0188 12
    endloop
  endfacet
  facet normal 0 0 1
    outer loop
      vertex 16.8424 8.20543 12
      vertex 19.123 6.95099 12
      vertex 19.1515 7.9538 12
    endloop
  endfacet
  facet normal 0 0 1
    outer loop
      vertex 16.8424 8.20543 12
      vertex 16.5964 7.22632 12
      vertex 19.123 6.95099 12
    endloop
  endfacet
  facet normal 0 0 1
    outer loop
      vertex 15.0821 8.91586 12
      vertex 16.5964 7.22632 12
      vertex 16.8424 8.20543 12
    endloop
  endfacet
  facet normal 0 0 1
    outer loop
      vertex 15.0821 8.91586 12
      vertex 14.55 8.05228 12
      vertex 16.5964 7.22632 12
    endloop
  endfacet
  facet normal 0 0 1
    outer loop
      vertex 13.7713 10.0679 12
      vertex 14.55 8.05228 12
      vertex 15.0821 8.91586 12
    endloop
  endfacet
  facet normal 0 0 1
    outer loop
      vertex 13.7713 10.0679 12
      vertex 12.9836 9.42888 12
      vertex 14.55 8.05228 12
    endloop
  endfacet
  facet normal -0 0 1
    outer loop
      vertex 11.8972 11.3561 12
      vertex 13.7713 10.0679 12
      vertex 12.8359 11.7273 12
    endloop
  endfacet
  facet normal -0 0 1
    outer loop
      vertex 11.291 13.834 12
      vertex 12.8359 11.7273 12
      vertex 12.0585 14.9049 12
    endloop
  endfacet
  facet normal 0 0 1
    outer loop
      vertex 13.7713 10.0679 12
      vertex 11.8972 11.3561 12
      vertex 12.9836 9.42888 12
    endloop
  endfacet
  facet normal 0 0 1
    outer loop
      vertex 12.8359 11.7273 12
      vertex 11.291 13.834 12
      vertex 11.8972 11.3561 12
    endloop
  endfacet
  facet normal 0 0 1
    outer loop
      vertex 12.0585 14.9049 12
      vertex 1.59349 12.986 12
      vertex 11.291 13.834 12
    endloop
  endfacet
  facet normal 0 0 1
    outer loop
      vertex 1.59349 12.986 12
      vertex 0.413528 13.8866 12
      vertex 1.08479 10.1912 12
    endloop
  endfacet
  facet normal -0 0 1
    outer loop
      vertex 0.413528 13.8866 12
      vertex 1.59349 12.986 12
      vertex 12.0585 14.9049 12
    endloop
  endfacet
  facet normal -0 0 1
    outer loop
      vertex 87.7006 28.5755 12
      vertex 88.9663 24.2534 12
      vertex 88.6945 28.706 12
    endloop
  endfacet
  facet normal 0 0 1
    outer loop
      vertex 88.9663 24.2534 12
      vertex 87.9651 24.243 12
      vertex 88.8466 21.2782 12
    endloop
  endfacet
  facet normal -0 0 1
    outer loop
      vertex 87.8492 21.3616 12
      vertex 88.8466 21.2782 12
      vertex 87.9651 24.243 12
    endloop
  endfacet
  facet normal -0 0 1
    outer loop
      vertex 86.9072 32.4862 12
      vertex 88.6945 28.706 12
      vertex 87.8711 32.7646 12
    endloop
  endfacet
  facet normal 0 0 1
    outer loop
      vertex 88.9663 24.2534 12
      vertex 87.7006 28.5755 12
      vertex 87.9651 24.243 12
    endloop
  endfacet
  facet normal 0 0 1
    outer loop
      vertex 88.6945 28.706 12
      vertex 86.9072 32.4862 12
      vertex 87.7006 28.5755 12
    endloop
  endfacet
  facet normal 0 0 1
    outer loop
      vertex 86.4877 36.4143 12
      vertex 86.9072 32.4862 12
      vertex 87.8711 32.7646 12
    endloop
  endfacet
  facet normal 0 0 1
    outer loop
      vertex 86.4877 36.4143 12
      vertex 85.5848 35.9751 12
      vertex 86.9072 32.4862 12
    endloop
  endfacet
  facet normal 0 0 1
    outer loop
      vertex 84.5404 39.6404 12
      vertex 85.5848 35.9751 12
      vertex 86.4877 36.4143 12
    endloop
  endfacet
  facet normal 0 0 1
    outer loop
      vertex 84.5404 39.6404 12
      vertex 83.7334 39.0422 12
      vertex 85.5848 35.9751 12
    endloop
  endfacet
  facet normal 0 0 1
    outer loop
      vertex 82.0345 42.4253 12
      vertex 83.7334 39.0422 12
      vertex 84.5404 39.6404 12
    endloop
  endfacet
  facet normal 0 0 1
    outer loop
      vertex 82.0345 42.4253 12
      vertex 81.3531 41.6875 12
      vertex 83.7334 39.0422 12
    endloop
  endfacet
  facet normal 0 0 1
    outer loop
      vertex 79.0276 44.7265 12
      vertex 81.3531 41.6875 12
      vertex 82.0345 42.4253 12
    endloop
  endfacet
  facet normal 0 0 1
    outer loop
      vertex 79.0276 44.7265 12
      vertex 78.4901 43.8786 12
      vertex 81.3531 41.6875 12
    endloop
  endfacet
  facet normal 0 0 1
    outer loop
      vertex 75.5773 46.5085 12
      vertex 78.4901 43.8786 12
      vertex 79.0276 44.7265 12
    endloop
  endfacet
  facet normal 0 0 1
    outer loop
      vertex 75.5773 46.5085 12
      vertex 75.1905 45.5829 12
      vertex 78.4901 43.8786 12
    endloop
  endfacet
  facet normal 0 0 1
    outer loop
      vertex 71.6964 47.7729 12
      vertex 75.1905 45.5829 12
      vertex 75.5773 46.5085 12
    endloop
  endfacet
  facet normal 0 0 1
    outer loop
      vertex 71.6964 47.7729 12
      vertex 71.4541 46.8002 12
      vertex 75.1905 45.5829 12
    endloop
  endfacet
  facet normal 0 0 1
    outer loop
      vertex 67.3939 48.526 12
      vertex 71.4541 46.8002 12
      vertex 71.6964 47.7729 12
    endloop
  endfacet
  facet normal 0 0 1
    outer loop
      vertex 67.3939 48.526 12
      vertex 67.2809 47.5305 12
      vertex 71.4541 46.8002 12
    endloop
  endfacet
  facet normal 0 0 1
    outer loop
      vertex 62.6975 48.774 12
      vertex 67.2809 47.5305 12
      vertex 67.3939 48.526 12
    endloop
  endfacet
  facet normal 0 0 1
    outer loop
      vertex 62.6975 48.774 12
      vertex 62.6711 47.774 12
      vertex 67.2809 47.5305 12
    endloop
  endfacet
  facet normal 0 0 1
    outer loop
      vertex 62.6975 48.774 12
      vertex 45.3786 47.774 12
      vertex 62.6711 47.774 12
    endloop
  endfacet
  facet normal 0 0 1
    outer loop
      vertex 45.3786 47.774 12
      vertex 44.3786 48.774 12
      vertex 45.3786 0 12
    endloop
  endfacet
  facet normal -0 0 1
    outer loop
      vertex 44.3786 48.774 12
      vertex 45.3786 47.774 12
      vertex 62.6975 48.774 12
    endloop
  endfacet
  facet normal 0 0 1
    outer loop
      vertex 88.8466 21.2782 12
      vertex 87.8492 21.3616 12
      vertex 88.4873 18.4576 12
    endloop
  endfacet
  facet normal -0 0 1
    outer loop
      vertex 87.5013 18.6308 12
      vertex 88.4873 18.4576 12
      vertex 87.8492 21.3616 12
    endloop
  endfacet
  facet normal 0 0 1
    outer loop
      vertex 88.4873 18.4576 12
      vertex 87.5013 18.6308 12
      vertex 87.886 15.7818 12
    endloop
  endfacet
  facet normal -0 0 1
    outer loop
      vertex 86.9215 16.0505 12
      vertex 87.886 15.7818 12
      vertex 87.5013 18.6308 12
    endloop
  endfacet
  facet normal 0 0 1
    outer loop
      vertex 87.886 15.7818 12
      vertex 86.9215 16.0505 12
      vertex 87.0412 13.2531 12
    endloop
  endfacet
  facet normal -0 0 1
    outer loop
      vertex 86.1097 13.6208 12
      vertex 87.0412 13.2531 12
      vertex 86.9215 16.0505 12
    endloop
  endfacet
  facet normal 0 0 1
    outer loop
      vertex 86.1097 13.6208 12
      vertex 85.9525 10.8753 12
      vertex 87.0412 13.2531 12
    endloop
  endfacet
  facet normal -0 0 1
    outer loop
      vertex 85.0661 11.3415 12
      vertex 85.9525 10.8753 12
      vertex 86.1097 13.6208 12
    endloop
  endfacet
  facet normal 0 0 1
    outer loop
      vertex 85.0661 11.3415 12
      vertex 84.6391 8.67909 12
      vertex 85.9525 10.8753 12
    endloop
  endfacet
  facet normal -0 0 1
    outer loop
      vertex 83.8102 9.24144 12
      vertex 84.6391 8.67909 12
      vertex 85.0661 11.3415 12
    endloop
  endfacet
  facet normal 0 0 1
    outer loop
      vertex 83.8102 9.24144 12
      vertex 83.1196 6.6938 12
      vertex 84.6391 8.67909 12
    endloop
  endfacet
  facet normal -0 0 1
    outer loop
      vertex 82.3617 7.34885 12
      vertex 83.1196 6.6938 12
      vertex 83.8102 9.24144 12
    endloop
  endfacet
  facet normal 0 0 1
    outer loop
      vertex 82.3617 7.34885 12
      vertex 81.395 4.9229 12
      vertex 83.1196 6.6938 12
    endloop
  endfacet
  facet normal -0 0 1
    outer loop
      vertex 80.7206 5.66376 12
      vertex 81.395 4.9229 12
      vertex 82.3617 7.34885 12
    endloop
  endfacet
  facet normal 0 0 1
    outer loop
      vertex 80.7206 5.66376 12
      vertex 79.4682 3.3703 12
      vertex 81.395 4.9229 12
    endloop
  endfacet
  facet normal -0 0 1
    outer loop
      vertex 78.8869 4.18613 12
      vertex 79.4682 3.3703 12
      vertex 80.7206 5.66376 12
    endloop
  endfacet
  facet normal 0 0 1
    outer loop
      vertex 78.8869 4.18613 12
      vertex 77.3443 2.03894 12
      vertex 79.4682 3.3703 12
    endloop
  endfacet
  facet normal -0 0 1
    outer loop
      vertex 76.8606 2.91599 12
      vertex 77.3443 2.03894 12
      vertex 78.8869 4.18613 12
    endloop
  endfacet
  facet normal 0 0 1
    outer loop
      vertex 76.8606 2.91599 12
      vertex 75.061 0.941513 12
      vertex 77.3443 2.03894 12
    endloop
  endfacet
  facet normal -0 0 1
    outer loop
      vertex 74.6765 1.86623 12
      vertex 75.061 0.941513 12
      vertex 76.8606 2.91599 12
    endloop
  endfacet
  facet normal 0 0 1
    outer loop
      vertex 74.6765 1.86623 12
      vertex 72.653 0.0895691 12
      vertex 75.061 0.941513 12
    endloop
  endfacet
  facet normal -0 0 1
    outer loop
      vertex 72.3689 1.04976 12
      vertex 72.653 0.0895691 12
      vertex 74.6765 1.86623 12
    endloop
  endfacet
  facet normal 0 0 1
    outer loop
      vertex 72.3689 1.04976 12
      vertex 70.1227 -0.517456 12
      vertex 72.653 0.0895691 12
    endloop
  endfacet
  facet normal -0 0 1
    outer loop
      vertex 69.9377 0.466553 12
      vertex 70.1227 -0.517456 12
      vertex 72.3689 1.04976 12
    endloop
  endfacet
  facet normal 0 0 1
    outer loop
      vertex 69.9377 0.466553 12
      vertex 67.473 -0.880402 12
      vertex 70.1227 -0.517456 12
    endloop
  endfacet
  facet normal -0 0 1
    outer loop
      vertex 67.3832 0.116638 12
      vertex 67.473 -0.880402 12
      vertex 69.9377 0.466553 12
    endloop
  endfacet
  facet normal 0 0 1
    outer loop
      vertex 67.3832 0.116638 12
      vertex 64.7269 -1 12
      vertex 67.473 -0.880402 12
    endloop
  endfacet
  facet normal -0 0 1
    outer loop
      vertex 64.7051 0 12
      vertex 64.7269 -1 12
      vertex 67.3832 0.116638 12
    endloop
  endfacet
  facet normal -0 0 1
    outer loop
      vertex 45.3786 0 12
      vertex 64.7269 -1 12
      vertex 64.7051 0 12
    endloop
  endfacet
  facet normal 0 0 1
    outer loop
      vertex 45.3786 0 12
      vertex 44.3786 -1 12
      vertex 64.7269 -1 12
    endloop
  endfacet
  facet normal 0 0 1
    outer loop
      vertex 44.3786 -1 12
      vertex 45.3786 0 12
      vertex 44.3786 48.774 12
    endloop
  endfacet
  facet normal 0 0 1
    outer loop
      vertex 77.7351 27.1758 12
      vertex 76.74 27.0588 12
      vertex 76.8937 24.2417 12
    endloop
  endfacet
  facet normal -0 0 1
    outer loop
      vertex 75.5356 31.7637 12
      vertex 77.2549 29.8171 12
      vertex 76.4547 32.1668 12
    endloop
  endfacet
  facet normal 0 0 1
    outer loop
      vertex 77.7351 27.1758 12
      vertex 76.2844 29.5651 12
      vertex 76.74 27.0588 12
    endloop
  endfacet
  facet normal 0 0 1
    outer loop
      vertex 77.2549 29.8171 12
      vertex 75.5356 31.7637 12
      vertex 76.2844 29.5651 12
    endloop
  endfacet
  facet normal 0 0 1
    outer loop
      vertex 75.3345 34.2249 12
      vertex 75.5356 31.7637 12
      vertex 76.4547 32.1668 12
    endloop
  endfacet
  facet normal 0 0 1
    outer loop
      vertex 75.3345 34.2249 12
      vertex 74.5007 33.665 12
      vertex 75.5356 31.7637 12
    endloop
  endfacet
  facet normal 0 0 1
    outer loop
      vertex 73.8941 35.9915 12
      vertex 74.5007 33.665 12
      vertex 75.3345 34.2249 12
    endloop
  endfacet
  facet normal 0 0 1
    outer loop
      vertex 73.8941 35.9915 12
      vertex 73.1787 35.2864 12
      vertex 74.5007 33.665 12
    endloop
  endfacet
  facet normal 0 0 1
    outer loop
      vertex 72.1567 37.4502 12
      vertex 73.1787 35.2864 12
      vertex 73.8941 35.9915 12
    endloop
  endfacet
  facet normal 0 0 1
    outer loop
      vertex 72.1567 37.4502 12
      vertex 71.5847 36.6248 12
      vertex 73.1787 35.2864 12
    endloop
  endfacet
  facet normal 0 0 1
    outer loop
      vertex 70.1454 38.5848 12
      vertex 71.5847 36.6248 12
      vertex 72.1567 37.4502 12
    endloop
  endfacet
  facet normal 0 0 1
    outer loop
      vertex 70.1454 38.5848 12
      vertex 69.7295 37.6713 12
      vertex 71.5847 36.6248 12
    endloop
  endfacet
  facet normal 0 0 1
    outer loop
      vertex 67.8601 39.3952 12
      vertex 69.7295 37.6713 12
      vertex 70.1454 38.5848 12
    endloop
  endfacet
  facet normal 0 0 1
    outer loop
      vertex 67.8601 39.3952 12
      vertex 67.5981 38.4271 12
      vertex 69.7295 37.6713 12
    endloop
  endfacet
  facet normal 0 0 1
    outer loop
      vertex 65.3008 39.8814 12
      vertex 67.5981 38.4271 12
      vertex 67.8601 39.3952 12
    endloop
  endfacet
  facet normal 0 0 1
    outer loop
      vertex 65.3008 39.8814 12
      vertex 65.1785 38.8868 12
      vertex 67.5981 38.4271 12
    endloop
  endfacet
  facet normal 0 0 1
    outer loop
      vertex 62.4676 40.0435 12
      vertex 65.1785 38.8868 12
      vertex 65.3008 39.8814 12
    endloop
  endfacet
  facet normal 0 0 1
    outer loop
      vertex 62.4676 40.0435 12
      vertex 62.439 39.0435 12
      vertex 65.1785 38.8868 12
    endloop
  endfacet
  facet normal 0 0 1
    outer loop
      vertex 62.4676 40.0435 12
      vertex 56.3811 39.0435 12
      vertex 62.439 39.0435 12
    endloop
  endfacet
  facet normal 0 0 1
    outer loop
      vertex 56.3811 39.0435 12
      vertex 55.3811 40.0435 12
      vertex 56.3811 8.7305 12
    endloop
  endfacet
  facet normal -0 0 1
    outer loop
      vertex 55.3811 40.0435 12
      vertex 56.3811 39.0435 12
      vertex 62.4676 40.0435 12
    endloop
  endfacet
  facet normal 0 0 1
    outer loop
      vertex 76.8937 24.2417 12
      vertex 77.8951 24.243 12
      vertex 77.7351 27.1758 12
    endloop
  endfacet
  facet normal 0 0 1
    outer loop
      vertex 77.8951 24.243 12
      vertex 76.8937 24.2417 12
      vertex 77.7432 21.3189 12
    endloop
  endfacet
  facet normal -0 0 1
    outer loop
      vertex 76.2844 29.5651 12
      vertex 77.7351 27.1758 12
      vertex 77.2549 29.8171 12
    endloop
  endfacet
  facet normal -0 0 1
    outer loop
      vertex 76.7476 21.4293 12
      vertex 77.7432 21.3189 12
      vertex 76.8937 24.2417 12
    endloop
  endfacet
  facet normal 0 0 1
    outer loop
      vertex 77.7432 21.3189 12
      vertex 76.7476 21.4293 12
      vertex 77.2875 18.6497 12
    endloop
  endfacet
  facet normal -0 0 1
    outer loop
      vertex 76.3132 18.885 12
      vertex 77.2875 18.6497 12
      vertex 76.7476 21.4293 12
    endloop
  endfacet
  facet normal 0 0 1
    outer loop
      vertex 77.2875 18.6497 12
      vertex 76.3132 18.885 12
      vertex 76.528 16.2355 12
    endloop
  endfacet
  facet normal -0 0 1
    outer loop
      vertex 75.5971 16.6087 12
      vertex 76.528 16.2355 12
      vertex 76.3132 18.885 12
    endloop
  endfacet
  facet normal 0 0 1
    outer loop
      vertex 75.5971 16.6087 12
      vertex 75.4647 14.0763 12
      vertex 76.528 16.2355 12
    endloop
  endfacet
  facet normal -0 0 1
    outer loop
      vertex 74.6042 14.5923 12
      vertex 75.4647 14.0763 12
      vertex 75.5971 16.6087 12
    endloop
  endfacet
  facet normal 0 0 1
    outer loop
      vertex 74.6042 14.5923 12
      vertex 74.0976 12.172 12
      vertex 75.4647 14.0763 12
    endloop
  endfacet
  facet normal -0 0 1
    outer loop
      vertex 73.3351 12.8247 12
      vertex 74.0976 12.172 12
      vertex 74.6042 14.5923 12
    endloop
  endfacet
  facet normal 0 0 1
    outer loop
      vertex 73.3351 12.8247 12
      vertex 72.4728 10.5731 12
      vertex 74.0976 12.172 12
    endloop
  endfacet
  facet normal -0 0 1
    outer loop
      vertex 71.8365 11.3499 12
      vertex 72.4728 10.5731 12
      vertex 73.3351 12.8247 12
    endloop
  endfacet
  facet normal 0 0 1
    outer loop
      vertex 71.8365 11.3499 12
      vertex 70.6364 9.32944 12
      vertex 72.4728 10.5731 12
    endloop
  endfacet
  facet normal -0 0 1
    outer loop
      vertex 70.1529 10.2097 12
      vertex 70.6364 9.32944 12
      vertex 71.8365 11.3499 12
    endloop
  endfacet
  facet normal 0 0 1
    outer loop
      vertex 70.1529 10.2097 12
      vertex 68.5884 8.44113 12
      vertex 70.6364 9.32944 12
    endloop
  endfacet
  facet normal -0 0 1
    outer loop
      vertex 68.2722 9.394 12
      vertex 68.5884 8.44113 12
      vertex 70.1529 10.2097 12
    endloop
  endfacet
  facet normal 0 0 1
    outer loop
      vertex 68.2722 9.394 12
      vertex 66.3288 7.90816 12
      vertex 68.5884 8.44113 12
    endloop
  endfacet
  facet normal -0 0 1
    outer loop
      vertex 66.1772 8.89983 12
      vertex 66.3288 7.90816 12
      vertex 68.2722 9.394 12
    endloop
  endfacet
  facet normal 0 0 1
    outer loop
      vertex 66.1772 8.89983 12
      vertex 63.8576 7.7305 12
      vertex 66.3288 7.90816 12
    endloop
  endfacet
  facet normal -0 0 1
    outer loop
      vertex 63.8218 8.7305 12
      vertex 63.8576 7.7305 12
      vertex 66.1772 8.89983 12
    endloop
  endfacet
  facet normal -0 0 1
    outer loop
      vertex 56.3811 8.7305 12
      vertex 63.8576 7.7305 12
      vertex 63.8218 8.7305 12
    endloop
  endfacet
  facet normal 0 0 1
    outer loop
      vertex 56.3811 8.7305 12
      vertex 55.3811 7.7305 12
      vertex 63.8576 7.7305 12
    endloop
  endfacet
  facet normal 0 0 1
    outer loop
      vertex 55.3811 7.7305 12
      vertex 56.3811 8.7305 12
      vertex 55.3811 40.0435 12
    endloop
  endfacet
  facet normal 0.15465 -0.987969 0
    outer loop
      vertex 22.364 -1.62985 0
      vertex 25.2885 -1.17207 12
      vertex 22.364 -1.62985 12
    endloop
  endfacet
  facet normal 0.15465 -0.987969 0
    outer loop
      vertex 25.2885 -1.17207 12
      vertex 22.364 -1.62985 0
      vertex 25.2885 -1.17207 0
    endloop
  endfacet
  facet normal 0.280204 -0.959941 0
    outer loop
      vertex 25.2885 -1.17207 0
      vertex 27.9317 -0.400528 12
      vertex 25.2885 -1.17207 12
    endloop
  endfacet
  facet normal 0.280204 -0.959941 0
    outer loop
      vertex 27.9317 -0.400528 12
      vertex 25.2885 -1.17207 0
      vertex 27.9317 -0.400528 0
    endloop
  endfacet
  facet normal 0.420788 -0.907159 0
    outer loop
      vertex 27.9317 -0.400528 0
      vertex 30.2875 0.692215 12
      vertex 27.9317 -0.400528 12
    endloop
  endfacet
  facet normal 0.420788 -0.907159 0
    outer loop
      vertex 30.2875 0.692215 12
      vertex 27.9317 -0.400528 0
      vertex 30.2875 0.692215 0
    endloop
  endfacet
  facet normal 0.567586 -0.823314 0
    outer loop
      vertex 30.2875 0.692215 0
      vertex 32.3447 2.11043 12
      vertex 30.2875 0.692215 12
    endloop
  endfacet
  facet normal 0.567586 -0.823314 0
    outer loop
      vertex 32.3447 2.11043 12
      vertex 30.2875 0.692215 0
      vertex 32.3447 2.11043 0
    endloop
  endfacet
  facet normal 0.707109 -0.707105 0
    outer loop
      vertex 32.3447 2.11043 0
      vertex 34.0642 3.82994 12
      vertex 32.3447 2.11043 12
    endloop
  endfacet
  facet normal 0.707109 -0.707105 0
    outer loop
      vertex 34.0642 3.82994 12
      vertex 32.3447 2.11043 0
      vertex 34.0642 3.82994 0
    endloop
  endfacet
  facet normal 0.829199 -0.558953 0
    outer loop
      vertex 34.0642 3.82994 12
      vertex 35.406 5.82048 0
      vertex 35.406 5.82048 12
    endloop
  endfacet
  facet normal 0.829199 -0.558953 0
    outer loop
      vertex 35.406 5.82048 0
      vertex 34.0642 3.82994 12
      vertex 34.0642 3.82994 0
    endloop
  endfacet
  facet normal 0.920385 -0.391014 0
    outer loop
      vertex 35.406 5.82048 12
      vertex 36.3599 8.06581 0
      vertex 36.3599 8.06581 12
    endloop
  endfacet
  facet normal 0.920385 -0.391014 0
    outer loop
      vertex 36.3599 8.06581 0
      vertex 35.406 5.82048 12
      vertex 35.406 5.82048 0
    endloop
  endfacet
  facet normal 0.974962 -0.222372 0
    outer loop
      vertex 36.3599 8.06581 12
      vertex 36.926 10.5478 0
      vertex 36.926 10.5478 12
    endloop
  endfacet
  facet normal 0.974962 -0.222372 0
    outer loop
      vertex 36.926 10.5478 0
      vertex 36.3599 8.06581 12
      vertex 36.3599 8.06581 0
    endloop
  endfacet
  facet normal 0.997643 -0.0686163 0
    outer loop
      vertex 36.926 10.5478 12
      vertex 37.1123 13.2565 0
      vertex 37.1123 13.2565 12
    endloop
  endfacet
  facet normal 0.997643 -0.0686163 0
    outer loop
      vertex 37.1123 13.2565 0
      vertex 36.926 10.5478 12
      vertex 36.926 10.5478 0
    endloop
  endfacet
  facet normal 0.99778 0.0665949 0
    outer loop
      vertex 37.1123 13.2565 12
      vertex 36.9842 15.1758 0
      vertex 36.9842 15.1758 12
    endloop
  endfacet
  facet normal 0.99778 0.0665949 0
    outer loop
      vertex 36.9842 15.1758 0
      vertex 37.1123 13.2565 12
      vertex 37.1123 13.2565 0
    endloop
  endfacet
  facet normal 0.977424 0.211289 0
    outer loop
      vertex 36.9842 15.1758 12
      vertex 36.5957 16.973 0
      vertex 36.5957 16.973 12
    endloop
  endfacet
  facet normal 0.977424 0.211289 0
    outer loop
      vertex 36.5957 16.973 0
      vertex 36.9842 15.1758 12
      vertex 36.9842 15.1758 0
    endloop
  endfacet
  facet normal 0.931158 0.364616 0
    outer loop
      vertex 36.5957 16.973 12
      vertex 35.9424 18.6414 0
      vertex 35.9424 18.6414 12
    endloop
  endfacet
  facet normal 0.931158 0.364616 0
    outer loop
      vertex 35.9424 18.6414 0
      vertex 36.5957 16.973 12
      vertex 36.5957 16.973 0
    endloop
  endfacet
  facet normal 0.857394 0.514661 0
    outer loop
      vertex 35.9424 18.6414 12
      vertex 35.0258 20.1684 0
      vertex 35.0258 20.1684 12
    endloop
  endfacet
  facet normal 0.857394 0.514661 0
    outer loop
      vertex 35.0258 20.1684 0
      vertex 35.9424 18.6414 12
      vertex 35.9424 18.6414 0
    endloop
  endfacet
  facet normal 0.760873 0.6489 0
    outer loop
      vertex 35.0258 20.1684 12
      vertex 33.8517 21.5451 0
      vertex 33.8517 21.5451 12
    endloop
  endfacet
  facet normal 0.760873 0.6489 0
    outer loop
      vertex 33.8517 21.5451 0
      vertex 35.0258 20.1684 12
      vertex 35.0258 20.1684 0
    endloop
  endfacet
  facet normal 0.647435 0.762121 -0
    outer loop
      vertex 33.8517 21.5451 0
      vertex 32.4429 22.7419 12
      vertex 33.8517 21.5451 12
    endloop
  endfacet
  facet normal 0.647435 0.762121 0
    outer loop
      vertex 32.4429 22.7419 12
      vertex 33.8517 21.5451 0
      vertex 32.4429 22.7419 0
    endloop
  endfacet
  facet normal 0.520504 0.853859 -0
    outer loop
      vertex 32.4429 22.7419 0
      vertex 30.8246 23.7284 12
      vertex 32.4429 22.7419 12
    endloop
  endfacet
  facet normal 0.520504 0.853859 0
    outer loop
      vertex 30.8246 23.7284 12
      vertex 32.4429 22.7419 0
      vertex 30.8246 23.7284 0
    endloop
  endfacet
  facet normal 0.392624 0.919699 -0
    outer loop
      vertex 30.8246 23.7284 0
      vertex 29.0078 24.504 12
      vertex 30.8246 23.7284 12
    endloop
  endfacet
  facet normal 0.392624 0.919699 0
    outer loop
      vertex 29.0078 24.504 12
      vertex 30.8246 23.7284 0
      vertex 29.0078 24.504 0
    endloop
  endfacet
  facet normal 0.272611 0.962124 -0
    outer loop
      vertex 29.0078 24.504 0
      vertex 28.4657 24.6576 12
      vertex 29.0078 24.504 12
    endloop
  endfacet
  facet normal 0.272611 0.962124 0
    outer loop
      vertex 28.4657 24.6576 12
      vertex 29.0078 24.504 0
      vertex 28.4657 24.6576 0
    endloop
  endfacet
  facet normal 0.338391 -0.941006 0
    outer loop
      vertex 28.4657 24.6576 0
      vertex 28.6687 24.7306 12
      vertex 28.4657 24.6576 12
    endloop
  endfacet
  facet normal 0.338391 -0.941006 0
    outer loop
      vertex 28.6687 24.7306 12
      vertex 28.4657 24.6576 0
      vertex 28.6687 24.7306 0
    endloop
  endfacet
  facet normal 0.451256 -0.892395 0
    outer loop
      vertex 28.6687 24.7306 0
      vertex 30.3006 25.5558 12
      vertex 28.6687 24.7306 12
    endloop
  endfacet
  facet normal 0.451256 -0.892395 0
    outer loop
      vertex 30.3006 25.5558 12
      vertex 28.6687 24.7306 0
      vertex 30.3006 25.5558 0
    endloop
  endfacet
  facet normal 0.569343 -0.8221 0
    outer loop
      vertex 30.3006 25.5558 0
      vertex 31.7483 26.5584 12
      vertex 30.3006 25.5558 12
    endloop
  endfacet
  facet normal 0.569343 -0.8221 0
    outer loop
      vertex 31.7483 26.5584 12
      vertex 30.3006 25.5558 0
      vertex 31.7483 26.5584 0
    endloop
  endfacet
  facet normal 0.684999 -0.728544 0
    outer loop
      vertex 31.7483 26.5584 0
      vertex 33.0031 27.7382 12
      vertex 31.7483 26.5584 12
    endloop
  endfacet
  facet normal 0.684999 -0.728544 0
    outer loop
      vertex 33.0031 27.7382 12
      vertex 31.7483 26.5584 0
      vertex 33.0031 27.7382 0
    endloop
  endfacet
  facet normal 0.78939 -0.613892 0
    outer loop
      vertex 33.0031 27.7382 12
      vertex 34.0462 29.0795 0
      vertex 34.0462 29.0795 12
    endloop
  endfacet
  facet normal 0.78939 -0.613892 0
    outer loop
      vertex 34.0462 29.0795 0
      vertex 33.0031 27.7382 12
      vertex 33.0031 27.7382 0
    endloop
  endfacet
  facet normal 0.877147 -0.480223 0
    outer loop
      vertex 34.0462 29.0795 12
      vertex 34.8585 30.5632 0
      vertex 34.8585 30.5632 12
    endloop
  endfacet
  facet normal 0.877147 -0.480223 0
    outer loop
      vertex 34.8585 30.5632 0
      vertex 34.0462 29.0795 12
      vertex 34.0462 29.0795 0
    endloop
  endfacet
  facet normal 0.941731 -0.336366 0
    outer loop
      vertex 34.8585 30.5632 12
      vertex 35.4357 32.1792 0
      vertex 35.4357 32.1792 12
    endloop
  endfacet
  facet normal 0.941731 -0.336366 0
    outer loop
      vertex 35.4357 32.1792 0
      vertex 34.8585 30.5632 12
      vertex 34.8585 30.5632 0
    endloop
  endfacet
  facet normal 0.98109 -0.193553 0
    outer loop
      vertex 35.4357 32.1792 12
      vertex 35.7785 33.9168 0
      vertex 35.7785 33.9168 12
    endloop
  endfacet
  facet normal 0.98109 -0.193553 0
    outer loop
      vertex 35.7785 33.9168 0
      vertex 35.4357 32.1792 12
      vertex 35.4357 32.1792 0
    endloop
  endfacet
  facet normal 0.998155 -0.060725 0
    outer loop
      vertex 35.7785 33.9168 12
      vertex 35.8917 35.7775 0
      vertex 35.8917 35.7775 12
    endloop
  endfacet
  facet normal 0.998155 -0.060725 0
    outer loop
      vertex 35.8917 35.7775 0
      vertex 35.7785 33.9168 12
      vertex 35.7785 33.9168 0
    endloop
  endfacet
  facet normal 0.997278 0.0737343 0
    outer loop
      vertex 35.8917 35.7775 12
      vertex 35.7118 38.2107 0
      vertex 35.7118 38.2107 12
    endloop
  endfacet
  facet normal 0.997278 0.0737343 0
    outer loop
      vertex 35.7118 38.2107 0
      vertex 35.8917 35.7775 12
      vertex 35.8917 35.7775 0
    endloop
  endfacet
  facet normal 0.971483 0.237108 0
    outer loop
      vertex 35.7118 38.2107 12
      vertex 35.1635 40.4572 0
      vertex 35.1635 40.4572 12
    endloop
  endfacet
  facet normal 0.971483 0.237108 0
    outer loop
      vertex 35.1635 40.4572 0
      vertex 35.7118 38.2107 12
      vertex 35.7118 38.2107 0
    endloop
  endfacet
  facet normal 0.911265 0.411821 0
    outer loop
      vertex 35.1635 40.4572 12
      vertex 34.2409 42.4987 0
      vertex 34.2409 42.4987 12
    endloop
  endfacet
  facet normal 0.911265 0.411821 0
    outer loop
      vertex 34.2409 42.4987 0
      vertex 35.1635 40.4572 12
      vertex 35.1635 40.4572 0
    endloop
  endfacet
  facet normal 0.814702 0.57988 0
    outer loop
      vertex 34.2409 42.4987 12
      vertex 32.9474 44.316 0
      vertex 32.9474 44.316 12
    endloop
  endfacet
  facet normal 0.814702 0.57988 0
    outer loop
      vertex 32.9474 44.316 0
      vertex 34.2409 42.4987 12
      vertex 34.2409 42.4987 0
    endloop
  endfacet
  facet normal 0.691109 0.72275 -0
    outer loop
      vertex 32.9474 44.316 0
      vertex 31.2959 45.8952 12
      vertex 32.9474 44.316 12
    endloop
  endfacet
  facet normal 0.691109 0.72275 0
    outer loop
      vertex 31.2959 45.8952 12
      vertex 32.9474 44.316 0
      vertex 31.2959 45.8952 0
    endloop
  endfacet
  facet normal 0.555239 0.831691 -0
    outer loop
      vertex 31.2959 45.8952 0
      vertex 29.3362 47.2035 12
      vertex 31.2959 45.8952 12
    endloop
  endfacet
  facet normal 0.555239 0.831691 0
    outer loop
      vertex 29.3362 47.2035 12
      vertex 31.2959 45.8952 0
      vertex 29.3362 47.2035 0
    endloop
  endfacet
  facet normal 0.413374 0.910561 -0
    outer loop
      vertex 29.3362 47.2035 0
      vertex 27.1145 48.2121 12
      vertex 29.3362 47.2035 12
    endloop
  endfacet
  facet normal 0.413374 0.910561 0
    outer loop
      vertex 27.1145 48.2121 12
      vertex 29.3362 47.2035 0
      vertex 27.1145 48.2121 0
    endloop
  endfacet
  facet normal 0.276768 0.960937 -0
    outer loop
      vertex 27.1145 48.2121 0
      vertex 24.6407 48.9246 12
      vertex 27.1145 48.2121 12
    endloop
  endfacet
  facet normal 0.276768 0.960937 0
    outer loop
      vertex 24.6407 48.9246 12
      vertex 27.1145 48.2121 0
      vertex 24.6407 48.9246 0
    endloop
  endfacet
  facet normal 0.153591 0.988134 -0
    outer loop
      vertex 24.6407 48.9246 0
      vertex 21.9206 49.3474 12
      vertex 24.6407 48.9246 12
    endloop
  endfacet
  facet normal 0.153591 0.988134 0
    outer loop
      vertex 21.9206 49.3474 12
      vertex 24.6407 48.9246 0
      vertex 21.9206 49.3474 0
    endloop
  endfacet
  facet normal 0.0470297 0.998893 -0
    outer loop
      vertex 21.9206 49.3474 0
      vertex 18.9513 49.4872 12
      vertex 21.9206 49.3474 12
    endloop
  endfacet
  facet normal 0.0470297 0.998893 0
    outer loop
      vertex 18.9513 49.4872 12
      vertex 21.9206 49.3474 0
      vertex 18.9513 49.4872 0
    endloop
  endfacet
  facet normal -0.051414 0.998677 0
    outer loop
      vertex 18.9513 49.4872 0
      vertex 16.1309 49.342 12
      vertex 18.9513 49.4872 12
    endloop
  endfacet
  facet normal -0.051414 0.998677 0
    outer loop
      vertex 16.1309 49.342 12
      vertex 18.9513 49.4872 0
      vertex 16.1309 49.342 0
    endloop
  endfacet
  facet normal -0.165357 0.986234 0
    outer loop
      vertex 16.1309 49.342 0
      vertex 13.5102 48.9026 12
      vertex 16.1309 49.342 12
    endloop
  endfacet
  facet normal -0.165357 0.986234 0
    outer loop
      vertex 13.5102 48.9026 12
      vertex 16.1309 49.342 0
      vertex 13.5102 48.9026 0
    endloop
  endfacet
  facet normal -0.292281 0.956333 0
    outer loop
      vertex 13.5102 48.9026 0
      vertex 11.0932 48.1639 12
      vertex 13.5102 48.9026 12
    endloop
  endfacet
  facet normal -0.292281 0.956333 0
    outer loop
      vertex 11.0932 48.1639 12
      vertex 13.5102 48.9026 0
      vertex 11.0932 48.1639 0
    endloop
  endfacet
  facet normal -0.426993 0.904255 0
    outer loop
      vertex 11.0932 48.1639 0
      vertex 8.88695 47.1221 12
      vertex 11.0932 48.1639 12
    endloop
  endfacet
  facet normal -0.426993 0.904255 0
    outer loop
      vertex 8.88695 47.1221 12
      vertex 11.0932 48.1639 0
      vertex 8.88695 47.1221 0
    endloop
  endfacet
  facet normal -0.560687 0.828028 0
    outer loop
      vertex 8.88695 47.1221 0
      vertex 6.90079 45.7772 12
      vertex 8.88695 47.1221 12
    endloop
  endfacet
  facet normal -0.560687 0.828028 0
    outer loop
      vertex 6.90079 45.7772 12
      vertex 8.88695 47.1221 0
      vertex 6.90079 45.7772 0
    endloop
  endfacet
  facet normal -0.683937 0.729541 0
    outer loop
      vertex 6.90079 45.7772 0
      vertex 5.17853 44.1626 12
      vertex 6.90079 45.7772 12
    endloop
  endfacet
  facet normal -0.683937 0.729541 0
    outer loop
      vertex 5.17853 44.1626 12
      vertex 6.90079 45.7772 0
      vertex 5.17853 44.1626 0
    endloop
  endfacet
  facet normal -0.794325 0.607493 0
    outer loop
      vertex 3.76382 42.3128 0
      vertex 5.17853 44.1626 12
      vertex 5.17853 44.1626 0
    endloop
  endfacet
  facet normal -0.794325 0.607493 0
    outer loop
      vertex 5.17853 44.1626 12
      vertex 3.76382 42.3128 0
      vertex 3.76382 42.3128 12
    endloop
  endfacet
  facet normal -0.883645 0.468158 0
    outer loop
      vertex 2.664 40.2369 0
      vertex 3.76382 42.3128 12
      vertex 3.76382 42.3128 0
    endloop
  endfacet
  facet normal -0.883645 0.468158 0
    outer loop
      vertex 3.76382 42.3128 12
      vertex 2.664 40.2369 0
      vertex 2.664 40.2369 12
    endloop
  endfacet
  facet normal -0.946272 0.323371 0
    outer loop
      vertex 1.88147 37.947 0
      vertex 2.664 40.2369 12
      vertex 2.664 40.2369 0
    endloop
  endfacet
  facet normal -0.946272 0.323371 0
    outer loop
      vertex 2.664 40.2369 12
      vertex 1.88147 37.947 0
      vertex 1.88147 37.947 12
    endloop
  endfacet
  facet normal -0.982813 0.184605 0
    outer loop
      vertex 1.21761 34.4127 0
      vertex 1.88147 37.947 12
      vertex 1.88147 37.947 0
    endloop
  endfacet
  facet normal -0.982813 0.184605 0
    outer loop
      vertex 1.88147 37.947 12
      vertex 1.21761 34.4127 0
      vertex 1.21761 34.4127 12
    endloop
  endfacet
  facet normal -0.0710327 -0.997474 0
    outer loop
      vertex 1.21761 34.4127 0
      vertex 12.7872 33.5888 12
      vertex 1.21761 34.4127 12
    endloop
  endfacet
  facet normal -0.0710327 -0.997474 -0
    outer loop
      vertex 12.7872 33.5888 12
      vertex 1.21761 34.4127 0
      vertex 12.7872 33.5888 0
    endloop
  endfacet
  facet normal 0.989017 -0.147804 0
    outer loop
      vertex 12.7872 33.5888 12
      vertex 13.0847 35.5795 0
      vertex 13.0847 35.5795 12
    endloop
  endfacet
  facet normal 0.989017 -0.147804 0
    outer loop
      vertex 13.0847 35.5795 0
      vertex 12.7872 33.5888 12
      vertex 12.7872 33.5888 0
    endloop
  endfacet
  facet normal 0.961726 -0.274014 0
    outer loop
      vertex 13.0847 35.5795 12
      vertex 13.3405 36.4773 0
      vertex 13.3405 36.4773 12
    endloop
  endfacet
  facet normal 0.961726 -0.274014 0
    outer loop
      vertex 13.3405 36.4773 0
      vertex 13.0847 35.5795 12
      vertex 13.0847 35.5795 0
    endloop
  endfacet
  facet normal 0.911191 -0.411983 0
    outer loop
      vertex 13.3405 36.4773 12
      vertex 13.6938 37.2587 0
      vertex 13.6938 37.2587 12
    endloop
  endfacet
  facet normal 0.911191 -0.411983 0
    outer loop
      vertex 13.6938 37.2587 0
      vertex 13.3405 36.4773 12
      vertex 13.3405 36.4773 0
    endloop
  endfacet
  facet normal 0.833092 -0.553135 0
    outer loop
      vertex 13.6938 37.2587 12
      vertex 14.1425 37.9345 0
      vertex 14.1425 37.9345 12
    endloop
  endfacet
  facet normal 0.833092 -0.553135 0
    outer loop
      vertex 14.1425 37.9345 0
      vertex 13.6938 37.2587 12
      vertex 13.6938 37.2587 0
    endloop
  endfacet
  facet normal 0.728262 -0.685298 0
    outer loop
      vertex 14.1425 37.9345 12
      vertex 14.6912 38.5176 0
      vertex 14.6912 38.5176 12
    endloop
  endfacet
  facet normal 0.728262 -0.685298 0
    outer loop
      vertex 14.6912 38.5176 0
      vertex 14.1425 37.9345 12
      vertex 14.1425 37.9345 0
    endloop
  endfacet
  facet normal 0.605008 -0.79622 0
    outer loop
      vertex 14.6912 38.5176 0
      vertex 15.3308 39.0036 12
      vertex 14.6912 38.5176 12
    endloop
  endfacet
  facet normal 0.605008 -0.79622 0
    outer loop
      vertex 15.3308 39.0036 12
      vertex 14.6912 38.5176 0
      vertex 15.3308 39.0036 0
    endloop
  endfacet
  facet normal 0.467431 -0.88403 0
    outer loop
      vertex 15.3308 39.0036 0
      vertex 16.0508 39.3843 12
      vertex 15.3308 39.0036 12
    endloop
  endfacet
  facet normal 0.467431 -0.88403 0
    outer loop
      vertex 16.0508 39.3843 12
      vertex 15.3308 39.0036 0
      vertex 16.0508 39.3843 0
    endloop
  endfacet
  facet normal 0.323195 -0.946332 0
    outer loop
      vertex 16.0508 39.3843 0
      vertex 16.8607 39.6609 12
      vertex 16.0508 39.3843 12
    endloop
  endfacet
  facet normal 0.323195 -0.946332 0
    outer loop
      vertex 16.8607 39.6609 12
      vertex 16.0508 39.3843 0
      vertex 16.8607 39.6609 0
    endloop
  endfacet
  facet normal 0.183969 -0.982932 0
    outer loop
      vertex 16.8607 39.6609 0
      vertex 17.7706 39.8312 12
      vertex 16.8607 39.6609 12
    endloop
  endfacet
  facet normal 0.183969 -0.982932 0
    outer loop
      vertex 17.7706 39.8312 12
      vertex 16.8607 39.6609 0
      vertex 17.7706 39.8312 0
    endloop
  endfacet
  facet normal 0.0572965 -0.998357 0
    outer loop
      vertex 17.7706 39.8312 0
      vertex 18.7847 39.8894 12
      vertex 17.7706 39.8312 12
    endloop
  endfacet
  facet normal 0.0572965 -0.998357 0
    outer loop
      vertex 18.7847 39.8894 12
      vertex 17.7706 39.8312 0
      vertex 18.7847 39.8894 0
    endloop
  endfacet
  facet normal -0.0558232 -0.998441 0
    outer loop
      vertex 18.7847 39.8894 0
      vertex 19.865 39.829 12
      vertex 18.7847 39.8894 12
    endloop
  endfacet
  facet normal -0.0558232 -0.998441 -0
    outer loop
      vertex 19.865 39.829 12
      vertex 18.7847 39.8894 0
      vertex 19.865 39.829 0
    endloop
  endfacet
  facet normal -0.183236 -0.983069 0
    outer loop
      vertex 19.865 39.829 0
      vertex 20.8071 39.6534 12
      vertex 19.865 39.829 12
    endloop
  endfacet
  facet normal -0.183236 -0.983069 -0
    outer loop
      vertex 20.8071 39.6534 12
      vertex 19.865 39.829 0
      vertex 20.8071 39.6534 0
    endloop
  endfacet
  facet normal -0.330293 -0.943878 0
    outer loop
      vertex 20.8071 39.6534 0
      vertex 21.6124 39.3716 12
      vertex 20.8071 39.6534 12
    endloop
  endfacet
  facet normal -0.330293 -0.943878 -0
    outer loop
      vertex 21.6124 39.3716 12
      vertex 20.8071 39.6534 0
      vertex 21.6124 39.3716 0
    endloop
  endfacet
  facet normal -0.488744 -0.872427 0
    outer loop
      vertex 21.6124 39.3716 0
      vertex 22.2925 38.9906 12
      vertex 21.6124 39.3716 12
    endloop
  endfacet
  facet normal -0.488744 -0.872427 -0
    outer loop
      vertex 22.2925 38.9906 12
      vertex 21.6124 39.3716 0
      vertex 22.2925 38.9906 0
    endloop
  endfacet
  facet normal -0.643869 -0.765136 0
    outer loop
      vertex 22.2925 38.9906 0
      vertex 22.8673 38.5069 12
      vertex 22.2925 38.9906 12
    endloop
  endfacet
  facet normal -0.643869 -0.765136 -0
    outer loop
      vertex 22.8673 38.5069 12
      vertex 22.2925 38.9906 0
      vertex 22.8673 38.5069 0
    endloop
  endfacet
  facet normal -0.773359 -0.633968 0
    outer loop
      vertex 23.3444 37.9249 0
      vertex 22.8673 38.5069 12
      vertex 22.8673 38.5069 0
    endloop
  endfacet
  facet normal -0.773359 -0.633968 0
    outer loop
      vertex 22.8673 38.5069 12
      vertex 23.3444 37.9249 0
      vertex 23.3444 37.9249 12
    endloop
  endfacet
  facet normal -0.872961 -0.487789 0
    outer loop
      vertex 23.7204 37.252 0
      vertex 23.3444 37.9249 12
      vertex 23.3444 37.9249 0
    endloop
  endfacet
  facet normal -0.872961 -0.487789 0
    outer loop
      vertex 23.3444 37.9249 12
      vertex 23.7204 37.252 0
      vertex 23.7204 37.252 12
    endloop
  endfacet
  facet normal -0.942245 -0.334926 0
    outer loop
      vertex 23.9957 36.4775 0
      vertex 23.7204 37.252 12
      vertex 23.7204 37.252 0
    endloop
  endfacet
  facet normal -0.942245 -0.334926 0
    outer loop
      vertex 23.7204 37.252 12
      vertex 23.9957 36.4775 0
      vertex 23.9957 36.4775 12
    endloop
  endfacet
  facet normal -0.982058 -0.188581 0
    outer loop
      vertex 24.1662 35.5896 0
      vertex 23.9957 36.4775 12
      vertex 23.9957 36.4775 0
    endloop
  endfacet
  facet normal -0.982058 -0.188581 0
    outer loop
      vertex 23.9957 36.4775 12
      vertex 24.1662 35.5896 0
      vertex 24.1662 35.5896 12
    endloop
  endfacet
  facet normal -0.998303 -0.0582302 0
    outer loop
      vertex 24.2245 34.5901 0
      vertex 24.1662 35.5896 12
      vertex 24.1662 35.5896 0
    endloop
  endfacet
  facet normal -0.998303 -0.0582302 0
    outer loop
      vertex 24.1662 35.5896 12
      vertex 24.2245 34.5901 0
      vertex 24.2245 34.5901 12
    endloop
  endfacet
  facet normal -0.997588 0.0694198 0
    outer loop
      vertex 24.1516 33.5425 0
      vertex 24.2245 34.5901 12
      vertex 24.2245 34.5901 0
    endloop
  endfacet
  facet normal -0.997588 0.0694198 0
    outer loop
      vertex 24.2245 34.5901 12
      vertex 24.1516 33.5425 0
      vertex 24.1516 33.5425 12
    endloop
  endfacet
  facet normal -0.974373 0.224938 0
    outer loop
      vertex 23.9415 32.6324 0
      vertex 24.1516 33.5425 12
      vertex 24.1516 33.5425 0
    endloop
  endfacet
  facet normal -0.974373 0.224938 0
    outer loop
      vertex 24.1516 33.5425 12
      vertex 23.9415 32.6324 0
      vertex 23.9415 32.6324 12
    endloop
  endfacet
  facet normal -0.918286 0.395918 0
    outer loop
      vertex 23.6021 31.8452 0
      vertex 23.9415 32.6324 12
      vertex 23.9415 32.6324 0
    endloop
  endfacet
  facet normal -0.918286 0.395918 0
    outer loop
      vertex 23.9415 32.6324 12
      vertex 23.6021 31.8452 0
      vertex 23.6021 31.8452 12
    endloop
  endfacet
  facet normal -0.824626 0.565678 0
    outer loop
      vertex 23.1333 31.1618 0
      vertex 23.6021 31.8452 12
      vertex 23.6021 31.8452 0
    endloop
  endfacet
  facet normal -0.824626 0.565678 0
    outer loop
      vertex 23.6021 31.8452 12
      vertex 23.1333 31.1618 0
      vertex 23.1333 31.1618 12
    endloop
  endfacet
  facet normal -0.699538 0.714595 0
    outer loop
      vertex 23.1333 31.1618 0
      vertex 22.5258 30.5671 12
      vertex 23.1333 31.1618 12
    endloop
  endfacet
  facet normal -0.699538 0.714595 0
    outer loop
      vertex 22.5258 30.5671 12
      vertex 23.1333 31.1618 0
      vertex 22.5258 30.5671 0
    endloop
  endfacet
  facet normal -0.553635 0.83276 0
    outer loop
      vertex 22.5258 30.5671 0
      vertex 21.768 30.0633 12
      vertex 22.5258 30.5671 12
    endloop
  endfacet
  facet normal -0.553635 0.83276 0
    outer loop
      vertex 21.768 30.0633 12
      vertex 22.5258 30.5671 0
      vertex 21.768 30.0633 0
    endloop
  endfacet
  facet normal -0.401609 0.915811 0
    outer loop
      vertex 21.768 30.0633 0
      vertex 20.844 29.6581 12
      vertex 21.768 30.0633 12
    endloop
  endfacet
  facet normal -0.401609 0.915811 0
    outer loop
      vertex 20.844 29.6581 12
      vertex 21.768 30.0633 0
      vertex 20.844 29.6581 0
    endloop
  endfacet
  facet normal -0.262378 0.964965 0
    outer loop
      vertex 20.844 29.6581 0
      vertex 19.7403 29.358 12
      vertex 20.844 29.6581 12
    endloop
  endfacet
  facet normal -0.262378 0.964965 0
    outer loop
      vertex 19.7403 29.358 12
      vertex 20.844 29.6581 0
      vertex 19.7403 29.358 0
    endloop
  endfacet
  facet normal -0.14267 0.98977 0
    outer loop
      vertex 19.7403 29.358 0
      vertex 18.4534 29.1725 12
      vertex 19.7403 29.358 12
    endloop
  endfacet
  facet normal -0.14267 0.98977 0
    outer loop
      vertex 18.4534 29.1725 12
      vertex 19.7403 29.358 0
      vertex 18.4534 29.1725 0
    endloop
  endfacet
  facet normal -0.0429768 0.999076 0
    outer loop
      vertex 18.4534 29.1725 0
      vertex 16.9656 29.1085 12
      vertex 18.4534 29.1725 12
    endloop
  endfacet
  facet normal -0.0429768 0.999076 0
    outer loop
      vertex 16.9656 29.1085 12
      vertex 18.4534 29.1725 0
      vertex 16.9656 29.1085 0
    endloop
  endfacet
  facet normal 0 1 -0
    outer loop
      vertex 16.9656 29.1085 0
      vertex 12.8675 29.1085 12
      vertex 16.9656 29.1085 12
    endloop
  endfacet
  facet normal 0 1 0
    outer loop
      vertex 12.8675 29.1085 12
      vertex 16.9656 29.1085 0
      vertex 12.8675 29.1085 0
    endloop
  endfacet
  facet normal -1 0 0
    outer loop
      vertex 12.8675 19.4115 0
      vertex 12.8675 29.1085 12
      vertex 12.8675 29.1085 0
    endloop
  endfacet
  facet normal -1 -0 0
    outer loop
      vertex 12.8675 29.1085 12
      vertex 12.8675 19.4115 0
      vertex 12.8675 19.4115 12
    endloop
  endfacet
  facet normal 0 -1 0
    outer loop
      vertex 12.8675 19.4115 0
      vertex 17.1707 19.4115 12
      vertex 12.8675 19.4115 12
    endloop
  endfacet
  facet normal 0 -1 -0
    outer loop
      vertex 17.1707 19.4115 12
      vertex 12.8675 19.4115 0
      vertex 17.1707 19.4115 0
    endloop
  endfacet
  facet normal -0.0392409 -0.99923 0
    outer loop
      vertex 17.1707 19.4115 0
      vertex 18.8335 19.3462 12
      vertex 17.1707 19.4115 12
    endloop
  endfacet
  facet normal -0.0392409 -0.99923 -0
    outer loop
      vertex 18.8335 19.3462 12
      vertex 17.1707 19.4115 0
      vertex 18.8335 19.3462 0
    endloop
  endfacet
  facet normal -0.130244 -0.991482 0
    outer loop
      vertex 18.8335 19.3462 0
      vertex 20.2814 19.156 12
      vertex 18.8335 19.3462 12
    endloop
  endfacet
  facet normal -0.130244 -0.991482 -0
    outer loop
      vertex 20.2814 19.156 12
      vertex 18.8335 19.3462 0
      vertex 20.2814 19.156 0
    endloop
  endfacet
  facet normal -0.240249 -0.970711 0
    outer loop
      vertex 20.2814 19.156 0
      vertex 21.5303 18.8469 12
      vertex 20.2814 19.156 12
    endloop
  endfacet
  facet normal -0.240249 -0.970711 -0
    outer loop
      vertex 21.5303 18.8469 12
      vertex 20.2814 19.156 0
      vertex 21.5303 18.8469 0
    endloop
  endfacet
  facet normal -0.3704 -0.928872 0
    outer loop
      vertex 21.5303 18.8469 0
      vertex 22.5813 18.4278 12
      vertex 21.5303 18.8469 12
    endloop
  endfacet
  facet normal -0.3704 -0.928872 -0
    outer loop
      vertex 22.5813 18.4278 12
      vertex 21.5303 18.8469 0
      vertex 22.5813 18.4278 0
    endloop
  endfacet
  facet normal -0.516523 -0.856273 0
    outer loop
      vertex 22.5813 18.4278 0
      vertex 23.444 17.9074 12
      vertex 22.5813 18.4278 12
    endloop
  endfacet
  facet normal -0.516523 -0.856273 -0
    outer loop
      vertex 23.444 17.9074 12
      vertex 22.5813 18.4278 0
      vertex 23.444 17.9074 0
    endloop
  endfacet
  facet normal -0.664303 -0.747463 0
    outer loop
      vertex 23.444 17.9074 0
      vertex 24.1307 17.2971 12
      vertex 23.444 17.9074 12
    endloop
  endfacet
  facet normal -0.664303 -0.747463 -0
    outer loop
      vertex 24.1307 17.2971 12
      vertex 23.444 17.9074 0
      vertex 24.1307 17.2971 0
    endloop
  endfacet
  facet normal -0.798786 -0.601616 0
    outer loop
      vertex 24.6546 16.6015 0
      vertex 24.1307 17.2971 12
      vertex 24.1307 17.2971 0
    endloop
  endfacet
  facet normal -0.798786 -0.601616 0
    outer loop
      vertex 24.1307 17.2971 12
      vertex 24.6546 16.6015 0
      vertex 24.6546 16.6015 12
    endloop
  endfacet
  facet normal -0.904269 -0.426962 0
    outer loop
      vertex 25.0303 15.8058 0
      vertex 24.6546 16.6015 12
      vertex 24.6546 16.6015 0
    endloop
  endfacet
  facet normal -0.904269 -0.426962 0
    outer loop
      vertex 24.6546 16.6015 12
      vertex 25.0303 15.8058 0
      vertex 25.0303 15.8058 12
    endloop
  endfacet
  facet normal -0.969575 -0.244796 0
    outer loop
      vertex 25.2621 14.8877 0
      vertex 25.0303 15.8058 12
      vertex 25.0303 15.8058 0
    endloop
  endfacet
  facet normal -0.969575 -0.244796 0
    outer loop
      vertex 25.0303 15.8058 12
      vertex 25.2621 14.8877 0
      vertex 25.2621 14.8877 12
    endloop
  endfacet
  facet normal -0.99713 -0.0757065 0
    outer loop
      vertex 25.3428 13.8248 0
      vertex 25.2621 14.8877 12
      vertex 25.2621 14.8877 0
    endloop
  endfacet
  facet normal -0.99713 -0.0757065 0
    outer loop
      vertex 25.2621 14.8877 12
      vertex 25.3428 13.8248 0
      vertex 25.3428 13.8248 12
    endloop
  endfacet
  facet normal -0.998363 0.0572 0
    outer loop
      vertex 25.2745 12.6327 0
      vertex 25.3428 13.8248 12
      vertex 25.3428 13.8248 0
    endloop
  endfacet
  facet normal -0.998363 0.0572 0
    outer loop
      vertex 25.3428 13.8248 12
      vertex 25.2745 12.6327 0
      vertex 25.2745 12.6327 12
    endloop
  endfacet
  facet normal -0.981902 0.189392 0
    outer loop
      vertex 25.0745 11.5958 0
      vertex 25.2745 12.6327 12
      vertex 25.2745 12.6327 0
    endloop
  endfacet
  facet normal -0.981902 0.189392 0
    outer loop
      vertex 25.2745 12.6327 12
      vertex 25.0745 11.5958 0
      vertex 25.0745 11.5958 12
    endloop
  endfacet
  facet normal -0.939058 0.343759 0
    outer loop
      vertex 24.7543 10.7211 0
      vertex 25.0745 11.5958 12
      vertex 25.0745 11.5958 0
    endloop
  endfacet
  facet normal -0.939058 0.343759 0
    outer loop
      vertex 25.0745 11.5958 12
      vertex 24.7543 10.7211 0
      vertex 24.7543 10.7211 12
    endloop
  endfacet
  facet normal -0.859424 0.511263 0
    outer loop
      vertex 24.3221 9.99458 0
      vertex 24.7543 10.7211 12
      vertex 24.7543 10.7211 0
    endloop
  endfacet
  facet normal -0.859424 0.511263 0
    outer loop
      vertex 24.7543 10.7211 12
      vertex 24.3221 9.99458 0
      vertex 24.3221 9.99458 12
    endloop
  endfacet
  facet normal -0.739097 0.673599 0
    outer loop
      vertex 23.7719 9.39088 0
      vertex 24.3221 9.99458 12
      vertex 24.3221 9.99458 0
    endloop
  endfacet
  facet normal -0.739097 0.673599 0
    outer loop
      vertex 24.3221 9.99458 12
      vertex 23.7719 9.39088 0
      vertex 23.7719 9.39088 12
    endloop
  endfacet
  facet normal -0.596781 0.802404 0
    outer loop
      vertex 23.7719 9.39088 0
      vertex 23.0984 8.88997 12
      vertex 23.7719 9.39088 12
    endloop
  endfacet
  facet normal -0.596781 0.802404 0
    outer loop
      vertex 23.0984 8.88997 12
      vertex 23.7719 9.39088 0
      vertex 23.0984 8.88997 0
    endloop
  endfacet
  facet normal -0.449758 0.893151 0
    outer loop
      vertex 23.0984 8.88997 0
      vertex 22.3041 8.48999 12
      vertex 23.0984 8.88997 12
    endloop
  endfacet
  facet normal -0.449758 0.893151 0
    outer loop
      vertex 22.3041 8.48999 12
      vertex 23.0984 8.88997 0
      vertex 22.3041 8.48999 0
    endloop
  endfacet
  facet normal -0.303408 0.952861 0
    outer loop
      vertex 22.3041 8.48999 0
      vertex 21.3811 8.19609 12
      vertex 22.3041 8.48999 12
    endloop
  endfacet
  facet normal -0.303408 0.952861 0
    outer loop
      vertex 21.3811 8.19609 12
      vertex 22.3041 8.48999 0
      vertex 21.3811 8.19609 0
    endloop
  endfacet
  facet normal -0.168926 0.985629 0
    outer loop
      vertex 21.3811 8.19609 0
      vertex 20.321 8.0144 12
      vertex 21.3811 8.19609 12
    endloop
  endfacet
  facet normal -0.168926 0.985629 0
    outer loop
      vertex 20.321 8.0144 12
      vertex 21.3811 8.19609 0
      vertex 20.321 8.0144 0
    endloop
  endfacet
  facet normal -0.0517476 0.99866 0
    outer loop
      vertex 20.321 8.0144 0
      vertex 19.1515 7.9538 12
      vertex 20.321 8.0144 12
    endloop
  endfacet
  facet normal -0.0517476 0.99866 0
    outer loop
      vertex 19.1515 7.9538 12
      vertex 20.321 8.0144 0
      vertex 19.1515 7.9538 0
    endloop
  endfacet
  facet normal 0.108332 0.994115 -0
    outer loop
      vertex 19.1515 7.9538 0
      vertex 16.8424 8.20543 12
      vertex 19.1515 7.9538 12
    endloop
  endfacet
  facet normal 0.108332 0.994115 0
    outer loop
      vertex 16.8424 8.20543 12
      vertex 19.1515 7.9538 0
      vertex 16.8424 8.20543 0
    endloop
  endfacet
  facet normal 0.374255 0.927326 -0
    outer loop
      vertex 16.8424 8.20543 0
      vertex 15.0821 8.91586 12
      vertex 16.8424 8.20543 12
    endloop
  endfacet
  facet normal 0.374255 0.927326 0
    outer loop
      vertex 15.0821 8.91586 12
      vertex 16.8424 8.20543 0
      vertex 15.0821 8.91586 0
    endloop
  endfacet
  facet normal 0.660155 0.751129 -0
    outer loop
      vertex 15.0821 8.91586 0
      vertex 13.7713 10.0679 12
      vertex 15.0821 8.91586 12
    endloop
  endfacet
  facet normal 0.660155 0.751129 0
    outer loop
      vertex 13.7713 10.0679 12
      vertex 15.0821 8.91586 0
      vertex 13.7713 10.0679 0
    endloop
  endfacet
  facet normal 0.871129 0.491054 0
    outer loop
      vertex 13.7713 10.0679 12
      vertex 12.8359 11.7273 0
      vertex 12.8359 11.7273 12
    endloop
  endfacet
  facet normal 0.871129 0.491054 0
    outer loop
      vertex 12.8359 11.7273 0
      vertex 13.7713 10.0679 12
      vertex 13.7713 10.0679 0
    endloop
  endfacet
  facet normal 0.971353 0.237642 0
    outer loop
      vertex 12.8359 11.7273 12
      vertex 12.0585 14.9049 0
      vertex 12.0585 14.9049 12
    endloop
  endfacet
  facet normal 0.971353 0.237642 0
    outer loop
      vertex 12.0585 14.9049 0
      vertex 12.8359 11.7273 12
      vertex 12.8359 11.7273 0
    endloop
  endfacet
  facet normal -0.087113 0.996198 0
    outer loop
      vertex 12.0585 14.9049 0
      vertex 0.413528 13.8866 12
      vertex 12.0585 14.9049 12
    endloop
  endfacet
  facet normal -0.087113 0.996198 0
    outer loop
      vertex 0.413528 13.8866 12
      vertex 12.0585 14.9049 0
      vertex 0.413528 13.8866 0
    endloop
  endfacet
  facet normal -0.983899 -0.178723 0
    outer loop
      vertex 1.08479 10.1912 0
      vertex 0.413528 13.8866 12
      vertex 0.413528 13.8866 0
    endloop
  endfacet
  facet normal -0.983899 -0.178723 0
    outer loop
      vertex 0.413528 13.8866 12
      vertex 1.08479 10.1912 0
      vertex 1.08479 10.1912 12
    endloop
  endfacet
  facet normal -0.948873 -0.315658 0
    outer loop
      vertex 1.89592 7.75293 0
      vertex 1.08479 10.1912 12
      vertex 1.08479 10.1912 0
    endloop
  endfacet
  facet normal -0.948873 -0.315658 0
    outer loop
      vertex 1.08479 10.1912 12
      vertex 1.89592 7.75293 0
      vertex 1.89592 7.75293 12
    endloop
  endfacet
  facet normal -0.88695 -0.461865 0
    outer loop
      vertex 3.03691 5.56181 0
      vertex 1.89592 7.75293 12
      vertex 1.89592 7.75293 0
    endloop
  endfacet
  facet normal -0.88695 -0.461865 0
    outer loop
      vertex 1.89592 7.75293 12
      vertex 3.03691 5.56181 0
      vertex 3.03691 5.56181 12
    endloop
  endfacet
  facet normal -0.795614 -0.605804 0
    outer loop
      vertex 4.50713 3.63094 0
      vertex 3.03691 5.56181 12
      vertex 3.03691 5.56181 0
    endloop
  endfacet
  facet normal -0.795614 -0.605804 0
    outer loop
      vertex 3.03691 5.56181 12
      vertex 4.50713 3.63094 0
      vertex 4.50713 3.63094 12
    endloop
  endfacet
  facet normal -0.679279 -0.73388 0
    outer loop
      vertex 4.50713 3.63094 0
      vertex 6.29877 1.9726 12
      vertex 4.50713 3.63094 12
    endloop
  endfacet
  facet normal -0.679279 -0.73388 -0
    outer loop
      vertex 6.29877 1.9726 12
      vertex 4.50713 3.63094 0
      vertex 6.29877 1.9726 0
    endloop
  endfacet
  facet normal -0.548669 -0.83604 0
    outer loop
      vertex 6.29877 1.9726 0
      vertex 8.37737 0.608475 12
      vertex 6.29877 1.9726 12
    endloop
  endfacet
  facet normal -0.548669 -0.83604 -0
    outer loop
      vertex 8.37737 0.608475 12
      vertex 6.29877 1.9726 0
      vertex 8.37737 0.608475 0
    endloop
  endfacet
  facet normal -0.411731 -0.911305 0
    outer loop
      vertex 8.37737 0.608475 0
      vertex 10.7096 -0.445236 12
      vertex 8.37737 0.608475 12
    endloop
  endfacet
  facet normal -0.411731 -0.911305 -0
    outer loop
      vertex 10.7096 -0.445236 12
      vertex 8.37737 0.608475 0
      vertex 10.7096 -0.445236 0
    endloop
  endfacet
  facet normal -0.278048 -0.960567 0
    outer loop
      vertex 10.7096 -0.445236 0
      vertex 13.2866 -1.19118 12
      vertex 10.7096 -0.445236 12
    endloop
  endfacet
  facet normal -0.278048 -0.960567 -0
    outer loop
      vertex 13.2866 -1.19118 12
      vertex 10.7096 -0.445236 0
      vertex 13.2866 -1.19118 0
    endloop
  endfacet
  facet normal -0.155526 -0.987832 0
    outer loop
      vertex 13.2866 -1.19118 0
      vertex 16.1025 -1.63452 12
      vertex 13.2866 -1.19118 12
    endloop
  endfacet
  facet normal -0.155526 -0.987832 -0
    outer loop
      vertex 16.1025 -1.63452 12
      vertex 13.2866 -1.19118 0
      vertex 16.1025 -1.63452 0
    endloop
  endfacet
  facet normal -0.0479491 -0.99885 0
    outer loop
      vertex 16.1025 -1.63452 0
      vertex 19.1566 -1.78113 12
      vertex 16.1025 -1.63452 12
    endloop
  endfacet
  facet normal -0.0479491 -0.99885 -0
    outer loop
      vertex 19.1566 -1.78113 12
      vertex 16.1025 -1.63452 0
      vertex 19.1566 -1.78113 0
    endloop
  endfacet
  facet normal 0.0471136 -0.99889 0
    outer loop
      vertex 19.1566 -1.78113 0
      vertex 22.364 -1.62985 12
      vertex 19.1566 -1.78113 12
    endloop
  endfacet
  facet normal 0.0471136 -0.99889 0
    outer loop
      vertex 22.364 -1.62985 12
      vertex 19.1566 -1.78113 0
      vertex 22.364 -1.62985 0
    endloop
  endfacet
  facet normal 0.135709 -0.990749 0
    outer loop
      vertex 67.473 -0.880402 0
      vertex 70.1227 -0.517456 12
      vertex 67.473 -0.880402 12
    endloop
  endfacet
  facet normal 0.135709 -0.990749 0
    outer loop
      vertex 70.1227 -0.517456 12
      vertex 67.473 -0.880402 0
      vertex 70.1227 -0.517456 0
    endloop
  endfacet
  facet normal 0.233283 -0.972409 0
    outer loop
      vertex 70.1227 -0.517456 0
      vertex 72.653 0.0895691 12
      vertex 70.1227 -0.517456 12
    endloop
  endfacet
  facet normal 0.233283 -0.972409 0
    outer loop
      vertex 72.653 0.0895691 12
      vertex 70.1227 -0.517456 0
      vertex 72.653 0.0895691 0
    endloop
  endfacet
  facet normal 0.333538 -0.942737 0
    outer loop
      vertex 72.653 0.0895691 0
      vertex 75.061 0.941513 12
      vertex 72.653 0.0895691 12
    endloop
  endfacet
  facet normal 0.333538 -0.942737 0
    outer loop
      vertex 75.061 0.941513 12
      vertex 72.653 0.0895691 0
      vertex 75.061 0.941513 0
    endloop
  endfacet
  facet normal 0.433194 -0.901301 0
    outer loop
      vertex 75.061 0.941513 0
      vertex 77.3443 2.03894 12
      vertex 75.061 0.941513 12
    endloop
  endfacet
  facet normal 0.433194 -0.901301 0
    outer loop
      vertex 77.3443 2.03894 12
      vertex 75.061 0.941513 0
      vertex 77.3443 2.03894 0
    endloop
  endfacet
  facet normal 0.531124 -0.847294 0
    outer loop
      vertex 77.3443 2.03894 0
      vertex 79.4682 3.3703 12
      vertex 77.3443 2.03894 12
    endloop
  endfacet
  facet normal 0.531124 -0.847294 0
    outer loop
      vertex 79.4682 3.3703 12
      vertex 77.3443 2.03894 0
      vertex 79.4682 3.3703 0
    endloop
  endfacet
  facet normal 0.627441 -0.778664 0
    outer loop
      vertex 79.4682 3.3703 0
      vertex 81.395 4.9229 12
      vertex 79.4682 3.3703 12
    endloop
  endfacet
  facet normal 0.627441 -0.778664 0
    outer loop
      vertex 81.395 4.9229 12
      vertex 79.4682 3.3703 0
      vertex 81.395 4.9229 0
    endloop
  endfacet
  facet normal 0.71641 -0.69768 0
    outer loop
      vertex 81.395 4.9229 12
      vertex 83.1196 6.6938 0
      vertex 83.1196 6.6938 12
    endloop
  endfacet
  facet normal 0.71641 -0.69768 0
    outer loop
      vertex 83.1196 6.6938 0
      vertex 81.395 4.9229 12
      vertex 81.395 4.9229 0
    endloop
  endfacet
  facet normal 0.7941 -0.607788 0
    outer loop
      vertex 83.1196 6.6938 12
      vertex 84.6391 8.67909 0
      vertex 84.6391 8.67909 12
    endloop
  endfacet
  facet normal 0.7941 -0.607788 0
    outer loop
      vertex 84.6391 8.67909 0
      vertex 83.1196 6.6938 12
      vertex 83.1196 6.6938 0
    endloop
  endfacet
  facet normal 0.858238 -0.513252 0
    outer loop
      vertex 84.6391 8.67909 12
      vertex 85.9525 10.8753 0
      vertex 85.9525 10.8753 12
    endloop
  endfacet
  facet normal 0.858238 -0.513252 0
    outer loop
      vertex 85.9525 10.8753 0
      vertex 84.6391 8.67909 12
      vertex 84.6391 8.67909 0
    endloop
  endfacet
  facet normal 0.909228 -0.416299 0
    outer loop
      vertex 85.9525 10.8753 12
      vertex 87.0412 13.2531 0
      vertex 87.0412 13.2531 12
    endloop
  endfacet
  facet normal 0.909228 -0.416299 0
    outer loop
      vertex 87.0412 13.2531 0
      vertex 85.9525 10.8753 12
      vertex 85.9525 10.8753 0
    endloop
  endfacet
  facet normal 0.948469 -0.316869 0
    outer loop
      vertex 87.0412 13.2531 12
      vertex 87.886 15.7818 0
      vertex 87.886 15.7818 12
    endloop
  endfacet
  facet normal 0.948469 -0.316869 0
    outer loop
      vertex 87.886 15.7818 0
      vertex 87.0412 13.2531 12
      vertex 87.0412 13.2531 0
    endloop
  endfacet
  facet normal 0.975669 -0.21925 0
    outer loop
      vertex 87.886 15.7818 12
      vertex 88.4873 18.4576 0
      vertex 88.4873 18.4576 12
    endloop
  endfacet
  facet normal 0.975669 -0.21925 0
    outer loop
      vertex 88.4873 18.4576 0
      vertex 87.886 15.7818 12
      vertex 87.886 15.7818 0
    endloop
  endfacet
  facet normal 0.991984 -0.126363 0
    outer loop
      vertex 88.4873 18.4576 12
      vertex 88.8466 21.2782 0
      vertex 88.8466 21.2782 12
    endloop
  endfacet
  facet normal 0.991984 -0.126363 0
    outer loop
      vertex 88.8466 21.2782 0
      vertex 88.4873 18.4576 12
      vertex 88.4873 18.4576 0
    endloop
  endfacet
  facet normal 0.999192 -0.0402001 0
    outer loop
      vertex 88.8466 21.2782 12
      vertex 88.9663 24.2534 0
      vertex 88.9663 24.2534 12
    endloop
  endfacet
  facet normal 0.999192 -0.0402001 0
    outer loop
      vertex 88.9663 24.2534 0
      vertex 88.8466 21.2782 12
      vertex 88.8466 21.2782 0
    endloop
  endfacet
  facet normal 0.998142 0.0609296 0
    outer loop
      vertex 88.9663 24.2534 12
      vertex 88.6945 28.706 0
      vertex 88.6945 28.706 12
    endloop
  endfacet
  facet normal 0.998142 0.0609296 0
    outer loop
      vertex 88.6945 28.706 0
      vertex 88.9663 24.2534 12
      vertex 88.9663 24.2534 0
    endloop
  endfacet
  facet normal 0.980035 0.198827 0
    outer loop
      vertex 88.6945 28.706 12
      vertex 87.8711 32.7646 0
      vertex 87.8711 32.7646 12
    endloop
  endfacet
  facet normal 0.980035 0.198827 0
    outer loop
      vertex 87.8711 32.7646 0
      vertex 88.6945 28.706 12
      vertex 88.6945 28.706 0
    endloop
  endfacet
  facet normal 0.93508 0.354437 0
    outer loop
      vertex 87.8711 32.7646 12
      vertex 86.4877 36.4143 0
      vertex 86.4877 36.4143 12
    endloop
  endfacet
  facet normal 0.93508 0.354437 0
    outer loop
      vertex 86.4877 36.4143 0
      vertex 87.8711 32.7646 12
      vertex 87.8711 32.7646 0
    endloop
  endfacet
  facet normal 0.856127 0.516765 0
    outer loop
      vertex 86.4877 36.4143 12
      vertex 84.5404 39.6404 0
      vertex 84.5404 39.6404 12
    endloop
  endfacet
  facet normal 0.856127 0.516765 0
    outer loop
      vertex 84.5404 39.6404 0
      vertex 86.4877 36.4143 12
      vertex 86.4877 36.4143 0
    endloop
  endfacet
  facet normal 0.743362 0.66889 0
    outer loop
      vertex 84.5404 39.6404 12
      vertex 82.0345 42.4253 0
      vertex 82.0345 42.4253 12
    endloop
  endfacet
  facet normal 0.743362 0.66889 0
    outer loop
      vertex 82.0345 42.4253 0
      vertex 84.5404 39.6404 12
      vertex 84.5404 39.6404 0
    endloop
  endfacet
  facet normal 0.607751 0.794128 -0
    outer loop
      vertex 82.0345 42.4253 0
      vertex 79.0276 44.7265 12
      vertex 82.0345 42.4253 12
    endloop
  endfacet
  facet normal 0.607751 0.794128 0
    outer loop
      vertex 79.0276 44.7265 12
      vertex 82.0345 42.4253 0
      vertex 79.0276 44.7265 0
    endloop
  endfacet
  facet normal 0.458887 0.888495 -0
    outer loop
      vertex 79.0276 44.7265 0
      vertex 75.5773 46.5085 12
      vertex 79.0276 44.7265 12
    endloop
  endfacet
  facet normal 0.458887 0.888495 0
    outer loop
      vertex 75.5773 46.5085 12
      vertex 79.0276 44.7265 0
      vertex 75.5773 46.5085 0
    endloop
  endfacet
  facet normal 0.309775 0.95081 -0
    outer loop
      vertex 75.5773 46.5085 0
      vertex 71.6964 47.7729 12
      vertex 75.5773 46.5085 12
    endloop
  endfacet
  facet normal 0.309775 0.95081 0
    outer loop
      vertex 71.6964 47.7729 12
      vertex 75.5773 46.5085 0
      vertex 71.6964 47.7729 0
    endloop
  endfacet
  facet normal 0.172416 0.985024 -0
    outer loop
      vertex 71.6964 47.7729 0
      vertex 67.3939 48.526 12
      vertex 71.6964 47.7729 12
    endloop
  endfacet
  facet normal 0.172416 0.985024 0
    outer loop
      vertex 67.3939 48.526 12
      vertex 71.6964 47.7729 0
      vertex 67.3939 48.526 0
    endloop
  endfacet
  facet normal 0.0527329 0.998609 -0
    outer loop
      vertex 67.3939 48.526 0
      vertex 62.6975 48.774 12
      vertex 67.3939 48.526 12
    endloop
  endfacet
  facet normal 0.0527329 0.998609 0
    outer loop
      vertex 62.6975 48.774 12
      vertex 67.3939 48.526 0
      vertex 62.6975 48.774 0
    endloop
  endfacet
  facet normal 0 1 -0
    outer loop
      vertex 62.6975 48.774 0
      vertex 44.3786 48.774 12
      vertex 62.6975 48.774 12
    endloop
  endfacet
  facet normal 0 1 0
    outer loop
      vertex 44.3786 48.774 12
      vertex 62.6975 48.774 0
      vertex 44.3786 48.774 0
    endloop
  endfacet
  facet normal -1 0 0
    outer loop
      vertex 44.3786 -1 0
      vertex 44.3786 48.774 12
      vertex 44.3786 48.774 0
    endloop
  endfacet
  facet normal -1 -0 0
    outer loop
      vertex 44.3786 48.774 12
      vertex 44.3786 -1 0
      vertex 44.3786 -1 12
    endloop
  endfacet
  facet normal 0 -1 0
    outer loop
      vertex 44.3786 -1 0
      vertex 64.7269 -1 12
      vertex 44.3786 -1 12
    endloop
  endfacet
  facet normal 0 -1 -0
    outer loop
      vertex 64.7269 -1 12
      vertex 44.3786 -1 0
      vertex 64.7269 -1 0
    endloop
  endfacet
  facet normal 0.0435107 -0.999053 0
    outer loop
      vertex 64.7269 -1 0
      vertex 67.473 -0.880402 12
      vertex 64.7269 -1 12
    endloop
  endfacet
  facet normal 0.0435107 -0.999053 0
    outer loop
      vertex 67.473 -0.880402 12
      vertex 64.7269 -1 0
      vertex 67.473 -0.880402 0
    endloop
  endfacet
  facet normal 1 -0 0
    outer loop
      vertex 56.3811 8.7305 12
      vertex 56.3811 39.0435 0
      vertex 56.3811 39.0435 12
    endloop
  endfacet
  facet normal 1 0 0
    outer loop
      vertex 56.3811 39.0435 0
      vertex 56.3811 8.7305 12
      vertex 56.3811 8.7305 0
    endloop
  endfacet
  facet normal 0 -1 0
    outer loop
      vertex 56.3811 39.0435 0
      vertex 62.439 39.0435 12
      vertex 56.3811 39.0435 12
    endloop
  endfacet
  facet normal 0 -1 -0
    outer loop
      vertex 62.439 39.0435 12
      vertex 56.3811 39.0435 0
      vertex 62.439 39.0435 0
    endloop
  endfacet
  facet normal -0.0571069 -0.998368 0
    outer loop
      vertex 62.439 39.0435 0
      vertex 65.1785 38.8868 12
      vertex 62.439 39.0435 12
    endloop
  endfacet
  facet normal -0.0571069 -0.998368 -0
    outer loop
      vertex 65.1785 38.8868 12
      vertex 62.439 39.0435 0
      vertex 65.1785 38.8868 0
    endloop
  endfacet
  facet normal -0.186651 -0.982426 0
    outer loop
      vertex 65.1785 38.8868 0
      vertex 67.5981 38.4271 12
      vertex 65.1785 38.8868 12
    endloop
  endfacet
  facet normal -0.186651 -0.982426 -0
    outer loop
      vertex 67.5981 38.4271 12
      vertex 65.1785 38.8868 0
      vertex 67.5981 38.4271 0
    endloop
  endfacet
  facet normal -0.334212 -0.942498 0
    outer loop
      vertex 67.5981 38.4271 0
      vertex 69.7295 37.6713 12
      vertex 67.5981 38.4271 12
    endloop
  endfacet
  facet normal -0.334212 -0.942498 -0
    outer loop
      vertex 69.7295 37.6713 12
      vertex 67.5981 38.4271 0
      vertex 69.7295 37.6713 0
    endloop
  endfacet
  facet normal -0.491313 -0.870983 0
    outer loop
      vertex 69.7295 37.6713 0
      vertex 71.5847 36.6248 12
      vertex 69.7295 37.6713 12
    endloop
  endfacet
  facet normal -0.491313 -0.870983 -0
    outer loop
      vertex 71.5847 36.6248 12
      vertex 69.7295 37.6713 0
      vertex 71.5847 36.6248 0
    endloop
  endfacet
  facet normal -0.643034 -0.765837 0
    outer loop
      vertex 71.5847 36.6248 0
      vertex 73.1787 35.2864 12
      vertex 71.5847 36.6248 12
    endloop
  endfacet
  facet normal -0.643034 -0.765837 -0
    outer loop
      vertex 73.1787 35.2864 12
      vertex 71.5847 36.6248 0
      vertex 73.1787 35.2864 0
    endloop
  endfacet
  facet normal -0.775034 -0.63192 0
    outer loop
      vertex 74.5007 33.665 0
      vertex 73.1787 35.2864 12
      vertex 73.1787 35.2864 0
    endloop
  endfacet
  facet normal -0.775034 -0.63192 0
    outer loop
      vertex 73.1787 35.2864 12
      vertex 74.5007 33.665 0
      vertex 74.5007 33.665 12
    endloop
  endfacet
  facet normal -0.878317 -0.478078 0
    outer loop
      vertex 75.5356 31.7637 0
      vertex 74.5007 33.665 12
      vertex 74.5007 33.665 0
    endloop
  endfacet
  facet normal -0.878317 -0.478078 0
    outer loop
      vertex 74.5007 33.665 12
      vertex 75.5356 31.7637 0
      vertex 75.5356 31.7637 12
    endloop
  endfacet
  facet normal -0.946605 -0.322395 0
    outer loop
      vertex 76.2844 29.5651 0
      vertex 75.5356 31.7637 12
      vertex 75.5356 31.7637 0
    endloop
  endfacet
  facet normal -0.946605 -0.322395 0
    outer loop
      vertex 75.5356 31.7637 12
      vertex 76.2844 29.5651 0
      vertex 76.2844 29.5651 12
    endloop
  endfacet
  facet normal -0.983876 -0.178851 0
    outer loop
      vertex 76.74 27.0588 0
      vertex 76.2844 29.5651 12
      vertex 76.2844 29.5651 0
    endloop
  endfacet
  facet normal -0.983876 -0.178851 0
    outer loop
      vertex 76.2844 29.5651 12
      vertex 76.74 27.0588 0
      vertex 76.74 27.0588 12
    endloop
  endfacet
  facet normal -0.998515 -0.0544786 0
    outer loop
      vertex 76.8937 24.2417 0
      vertex 76.74 27.0588 12
      vertex 76.74 27.0588 0
    endloop
  endfacet
  facet normal -0.998515 -0.0544786 0
    outer loop
      vertex 76.74 27.0588 12
      vertex 76.8937 24.2417 0
      vertex 76.8937 24.2417 12
    endloop
  endfacet
  facet normal -0.998653 0.0518786 0
    outer loop
      vertex 76.7476 21.4293 0
      vertex 76.8937 24.2417 12
      vertex 76.8937 24.2417 0
    endloop
  endfacet
  facet normal -0.998653 0.0518786 0
    outer loop
      vertex 76.8937 24.2417 12
      vertex 76.7476 21.4293 0
      vertex 76.7476 21.4293 12
    endloop
  endfacet
  facet normal -0.985736 0.168299 0
    outer loop
      vertex 76.3132 18.885 0
      vertex 76.7476 21.4293 12
      vertex 76.7476 21.4293 0
    endloop
  endfacet
  facet normal -0.985736 0.168299 0
    outer loop
      vertex 76.7476 21.4293 12
      vertex 76.3132 18.885 0
      vertex 76.3132 18.885 12
    endloop
  endfacet
  facet normal -0.953911 0.30009 0
    outer loop
      vertex 75.5971 16.6087 0
      vertex 76.3132 18.885 12
      vertex 76.3132 18.885 0
    endloop
  endfacet
  facet normal -0.953911 0.30009 0
    outer loop
      vertex 76.3132 18.885 12
      vertex 75.5971 16.6087 0
      vertex 75.5971 16.6087 12
    endloop
  endfacet
  facet normal -0.897134 0.44176 0
    outer loop
      vertex 74.6042 14.5923 0
      vertex 75.5971 16.6087 12
      vertex 75.5971 16.6087 0
    endloop
  endfacet
  facet normal -0.897134 0.44176 0
    outer loop
      vertex 75.5971 16.6087 12
      vertex 74.6042 14.5923 0
      vertex 74.6042 14.5923 12
    endloop
  endfacet
  facet normal -0.812312 0.583223 0
    outer loop
      vertex 73.3351 12.8247 0
      vertex 74.6042 14.5923 12
      vertex 74.6042 14.5923 0
    endloop
  endfacet
  facet normal -0.812312 0.583223 0
    outer loop
      vertex 74.6042 14.5923 12
      vertex 73.3351 12.8247 0
      vertex 73.3351 12.8247 12
    endloop
  endfacet
  facet normal -0.701424 0.712744 0
    outer loop
      vertex 73.3351 12.8247 0
      vertex 71.8365 11.3499 12
      vertex 73.3351 12.8247 12
    endloop
  endfacet
  facet normal -0.701424 0.712744 0
    outer loop
      vertex 71.8365 11.3499 12
      vertex 73.3351 12.8247 0
      vertex 71.8365 11.3499 0
    endloop
  endfacet
  facet normal -0.560746 0.827988 0
    outer loop
      vertex 71.8365 11.3499 0
      vertex 70.1529 10.2097 12
      vertex 71.8365 11.3499 12
    endloop
  endfacet
  facet normal -0.560746 0.827988 0
    outer loop
      vertex 70.1529 10.2097 12
      vertex 71.8365 11.3499 0
      vertex 70.1529 10.2097 0
    endloop
  endfacet
  facet normal -0.397907 0.917426 0
    outer loop
      vertex 70.1529 10.2097 0
      vertex 68.2722 9.394 12
      vertex 70.1529 10.2097 12
    endloop
  endfacet
  facet normal -0.397907 0.917426 0
    outer loop
      vertex 68.2722 9.394 12
      vertex 70.1529 10.2097 0
      vertex 68.2722 9.394 0
    endloop
  endfacet
  facet normal -0.22958 0.97329 0
    outer loop
      vertex 68.2722 9.394 0
      vertex 66.1772 8.89983 12
      vertex 68.2722 9.394 12
    endloop
  endfacet
  facet normal -0.22958 0.97329 0
    outer loop
      vertex 66.1772 8.89983 12
      vertex 68.2722 9.394 0
      vertex 66.1772 8.89983 0
    endloop
  endfacet
  facet normal -0.0717051 0.997426 0
    outer loop
      vertex 66.1772 8.89983 0
      vertex 63.8218 8.7305 12
      vertex 66.1772 8.89983 12
    endloop
  endfacet
  facet normal -0.0717051 0.997426 0
    outer loop
      vertex 63.8218 8.7305 12
      vertex 66.1772 8.89983 0
      vertex 63.8218 8.7305 0
    endloop
  endfacet
  facet normal 0 1 -0
    outer loop
      vertex 63.8218 8.7305 0
      vertex 56.3811 8.7305 12
      vertex 63.8218 8.7305 12
    endloop
  endfacet
  facet normal 0 1 0
    outer loop
      vertex 56.3811 8.7305 12
      vertex 63.8218 8.7305 0
      vertex 56.3811 8.7305 0
    endloop
  endfacet
  facet normal -0 0 1
    outer loop
      vertex 78.5311 27.2695 2
      vertex 87.1641 24.2347 2
      vertex 86.9055 28.471 2
    endloop
  endfacet
  facet normal 0 0 1
    outer loop
      vertex 87.1641 24.2347 2
      vertex 78.6962 24.244 2
      vertex 87.0512 21.4284 2
    endloop
  endfacet
  facet normal 0 0 1
    outer loop
      vertex 78.5397 21.2305 2
      vertex 87.0512 21.4284 2
      vertex 78.6962 24.244 2
    endloop
  endfacet
  facet normal -0 0 1
    outer loop
      vertex 78.0314 30.0187 2
      vertex 86.9055 28.471 2
      vertex 86.1361 32.2635 2
    endloop
  endfacet
  facet normal 0 0 1
    outer loop
      vertex 87.0512 21.4284 2
      vertex 78.5397 21.2305 2
      vertex 86.7125 18.7694 2
    endloop
  endfacet
  facet normal 0 0 1
    outer loop
      vertex 78.0314 30.0187 2
      vertex 86.1361 32.2635 2
      vertex 84.8624 35.6237 2
    endloop
  endfacet
  facet normal 0 0 1
    outer loop
      vertex 78.0669 18.4615 2
      vertex 86.7125 18.7694 2
      vertex 78.5397 21.2305 2
    endloop
  endfacet
  facet normal 0 0 1
    outer loop
      vertex 86.7125 18.7694 2
      vertex 78.0669 18.4615 2
      vertex 86.1498 16.2656 2
    endloop
  endfacet
  facet normal 0 0 1
    outer loop
      vertex 77.19 32.4893 2
      vertex 84.8624 35.6237 2
      vertex 83.0878 38.5636 2
    endloop
  endfacet
  facet normal 0 0 1
    outer loop
      vertex 86.1498 16.2656 2
      vertex 78.0669 18.4615 2
      vertex 85.3645 13.9149 2
    endloop
  endfacet
  facet normal 0 0 1
    outer loop
      vertex 76.0015 34.6728 2
      vertex 83.0878 38.5636 2
      vertex 80.808 41.0972 2
    endloop
  endfacet
  facet normal -0 0 1
    outer loop
      vertex 77.2728 15.937 2
      vertex 85.3645 13.9149 2
      vertex 78.0669 18.4615 2
    endloop
  endfacet
  facet normal 0 0 1
    outer loop
      vertex 85.3645 13.9149 2
      vertex 77.2728 15.937 2
      vertex 84.357 11.7144 2
    endloop
  endfacet
  facet normal 0 0 1
    outer loop
      vertex 87.1641 24.2347 2
      vertex 78.5311 27.2695 2
      vertex 78.6962 24.244 2
    endloop
  endfacet
  facet normal 0 0 1
    outer loop
      vertex 74.4664 36.5556 2
      vertex 80.808 41.0972 2
      vertex 78.0602 43.2003 2
    endloop
  endfacet
  facet normal 0 0 1
    outer loop
      vertex 86.9055 28.471 2
      vertex 78.0314 30.0187 2
      vertex 78.5311 27.2695 2
    endloop
  endfacet
  facet normal 0 0 1
    outer loop
      vertex 84.8624 35.6237 2
      vertex 77.19 32.4893 2
      vertex 78.0314 30.0187 2
    endloop
  endfacet
  facet normal 0 0 1
    outer loop
      vertex 83.0878 38.5636 2
      vertex 76.0015 34.6728 2
      vertex 77.19 32.4893 2
    endloop
  endfacet
  facet normal 0 0 1
    outer loop
      vertex 72.6143 38.1106 2
      vertex 78.0602 43.2003 2
      vertex 74.881 44.8423 2
    endloop
  endfacet
  facet normal 0 0 1
    outer loop
      vertex 80.808 41.0972 2
      vertex 74.4664 36.5556 2
      vertex 76.0015 34.6728 2
    endloop
  endfacet
  facet normal 0 0 1
    outer loop
      vertex 78.0602 43.2003 2
      vertex 72.6143 38.1106 2
      vertex 74.4664 36.5556 2
    endloop
  endfacet
  facet normal 0 0 1
    outer loop
      vertex 70.4781 39.3156 2
      vertex 74.881 44.8423 2
      vertex 71.2602 46.0219 2
    endloop
  endfacet
  facet normal 0 0 1
    outer loop
      vertex 74.881 44.8423 2
      vertex 70.4781 39.3156 2
      vertex 72.6143 38.1106 2
    endloop
  endfacet
  facet normal 0 0 1
    outer loop
      vertex 71.2602 46.0219 2
      vertex 68.0697 40.1697 2
      vertex 70.4781 39.3156 2
    endloop
  endfacet
  facet normal 0 0 1
    outer loop
      vertex 67.1906 46.7342 2
      vertex 68.0697 40.1697 2
      vertex 71.2602 46.0219 2
    endloop
  endfacet
  facet normal 0 0 1
    outer loop
      vertex 67.1906 46.7342 2
      vertex 65.3987 40.6771 2
      vertex 68.0697 40.1697 2
    endloop
  endfacet
  facet normal 0 0 1
    outer loop
      vertex 62.65 46.974 2
      vertex 65.3987 40.6771 2
      vertex 67.1906 46.7342 2
    endloop
  endfacet
  facet normal 0 0 1
    outer loop
      vertex 62.65 46.974 2
      vertex 62.4905 40.8435 2
      vertex 65.3987 40.6771 2
    endloop
  endfacet
  facet normal 0 0 1
    outer loop
      vertex 62.65 46.974 2
      vertex 54.5811 40.8435 2
      vertex 62.4905 40.8435 2
    endloop
  endfacet
  facet normal 0 0 1
    outer loop
      vertex 54.5811 40.8435 2
      vertex 46.1786 46.974 2
      vertex 54.5811 6.9305 2
    endloop
  endfacet
  facet normal -0 0 1
    outer loop
      vertex 46.1786 46.974 2
      vertex 54.5811 40.8435 2
      vertex 62.65 46.974 2
    endloop
  endfacet
  facet normal -0 0 1
    outer loop
      vertex 76.1532 13.6635 2
      vertex 84.357 11.7144 2
      vertex 77.2728 15.937 2
    endloop
  endfacet
  facet normal 0 0 1
    outer loop
      vertex 84.357 11.7144 2
      vertex 76.1532 13.6635 2
      vertex 83.1471 9.69135 2
    endloop
  endfacet
  facet normal 0 0 1
    outer loop
      vertex 83.1471 9.69135 2
      vertex 76.1532 13.6635 2
      vertex 81.7554 7.87289 2
    endloop
  endfacet
  facet normal -0 0 1
    outer loop
      vertex 74.7076 11.6498 2
      vertex 81.7554 7.87289 2
      vertex 76.1532 13.6635 2
    endloop
  endfacet
  facet normal 0 0 1
    outer loop
      vertex 81.7554 7.87289 2
      vertex 74.7076 11.6498 2
      vertex 80.1812 6.25647 2
    endloop
  endfacet
  facet normal 0 0 1
    outer loop
      vertex 80.1812 6.25647 2
      vertex 74.7076 11.6498 2
      vertex 78.4218 4.83879 2
    endloop
  endfacet
  facet normal -0 0 1
    outer loop
      vertex 72.9819 9.95161 2
      vertex 78.4218 4.83879 2
      vertex 74.7076 11.6498 2
    endloop
  endfacet
  facet normal 0 0 1
    outer loop
      vertex 78.4218 4.83879 2
      vertex 72.9819 9.95161 2
      vertex 76.4736 3.6176 2
    endloop
  endfacet
  facet normal -0 0 1
    outer loop
      vertex 71.0232 8.6252 2
      vertex 76.4736 3.6176 2
      vertex 72.9819 9.95161 2
    endloop
  endfacet
  facet normal 0 0 1
    outer loop
      vertex 76.4736 3.6176 2
      vertex 71.0232 8.6252 2
      vertex 74.3689 2.60599 2
    endloop
  endfacet
  facet normal 0 0 1
    outer loop
      vertex 74.3689 2.60599 2
      vertex 71.0232 8.6252 2
      vertex 72.1415 1.8179 2
    endloop
  endfacet
  facet normal -0 0 1
    outer loop
      vertex 68.8414 7.67885 2
      vertex 72.1415 1.8179 2
      vertex 71.0232 8.6252 2
    endloop
  endfacet
  facet normal 0 0 1
    outer loop
      vertex 72.1415 1.8179 2
      vertex 68.8414 7.67885 2
      vertex 69.7899 1.25377 2
    endloop
  endfacet
  facet normal -0 0 1
    outer loop
      vertex 66.4501 7.11481 2
      vertex 69.7899 1.25377 2
      vertex 68.8414 7.67885 2
    endloop
  endfacet
  facet normal 0 0 1
    outer loop
      vertex 69.7899 1.25377 2
      vertex 66.4501 7.11481 2
      vertex 67.3113 0.914261 2
    endloop
  endfacet
  facet normal 0 0 1
    outer loop
      vertex 66.4501 7.11481 2
      vertex 64.6878 0.800003 2
      vertex 67.3113 0.914261 2
    endloop
  endfacet
  facet normal -0 0 1
    outer loop
      vertex 63.8863 6.9305 2
      vertex 64.6878 0.800003 2
      vertex 66.4501 7.11481 2
    endloop
  endfacet
  facet normal -0 0 1
    outer loop
      vertex 54.5811 6.9305 2
      vertex 64.6878 0.800003 2
      vertex 63.8863 6.9305 2
    endloop
  endfacet
  facet normal 0 0 1
    outer loop
      vertex 54.5811 6.9305 2
      vertex 46.1786 0.800003 2
      vertex 64.6878 0.800003 2
    endloop
  endfacet
  facet normal 0 0 1
    outer loop
      vertex 46.1786 0.800003 2
      vertex 54.5811 6.9305 2
      vertex 46.1786 46.974 2
    endloop
  endfacet
  facet normal -0 0 1
    outer loop
      vertex 25.9563 35.8126 2
      vertex 34.0877 35.7658 2
      vertex 33.9277 37.929 2
    endloop
  endfacet
  facet normal 0 -0 1
    outer loop
      vertex 26.0281 34.58 2
      vertex 34.0877 35.7658 2
      vertex 25.9563 35.8126 2
    endloop
  endfacet
  facet normal 0 0 1
    outer loop
      vertex 25.7375 36.9513 2
      vertex 33.9277 37.929 2
      vertex 33.4545 39.8682 2
    endloop
  endfacet
  facet normal 0 0 1
    outer loop
      vertex 34.0877 35.7658 2
      vertex 26.0281 34.58 2
      vertex 33.9891 34.1467 2
    endloop
  endfacet
  facet normal 0 0 1
    outer loop
      vertex 25.3657 37.9977 2
      vertex 33.4545 39.8682 2
      vertex 32.6728 41.5977 2
    endloop
  endfacet
  facet normal 0 0 1
    outer loop
      vertex 33.9891 34.1467 2
      vertex 26.0281 34.58 2
      vertex 33.6956 32.6587 2
    endloop
  endfacet
  facet normal -0 0 1
    outer loop
      vertex 25.9375 33.2759 2
      vertex 33.6956 32.6587 2
      vertex 26.0281 34.58 2
    endloop
  endfacet
  facet normal 0 0 1
    outer loop
      vertex 25.3657 37.9977 2
      vertex 32.6728 41.5977 2
      vertex 31.58 43.1331 2
    endloop
  endfacet
  facet normal 0 0 1
    outer loop
      vertex 33.6956 32.6587 2
      vertex 25.9375 33.2759 2
      vertex 33.2113 31.3027 2
    endloop
  endfacet
  facet normal 0 0 1
    outer loop
      vertex 24.8377 38.9425 2
      vertex 31.58 43.1331 2
      vertex 30.1656 44.4855 2
    endloop
  endfacet
  facet normal 0 0 1
    outer loop
      vertex 33.2113 31.3027 2
      vertex 25.9375 33.2759 2
      vertex 32.5367 30.0706 2
    endloop
  endfacet
  facet normal 0 0 1
    outer loop
      vertex 24.1537 39.7769 2
      vertex 30.1656 44.4855 2
      vertex 28.4587 45.6251 2
    endloop
  endfacet
  facet normal -0 0 1
    outer loop
      vertex 25.6588 32.0691 2
      vertex 32.5367 30.0706 2
      vertex 25.9375 33.2759 2
    endloop
  endfacet
  facet normal 0 0 1
    outer loop
      vertex 24.1537 39.7769 2
      vertex 28.4587 45.6251 2
      vertex 26.4901 46.5187 2
    endloop
  endfacet
  facet normal 0 0 1
    outer loop
      vertex 32.5367 30.0706 2
      vertex 25.6588 32.0691 2
      vertex 31.6681 28.9537 2
    endloop
  endfacet
  facet normal -0 0 1
    outer loop
      vertex 25.1856 30.9716 2
      vertex 30.6131 27.9617 2
      vertex 25.6588 32.0691 2
    endloop
  endfacet
  facet normal 0 0 1
    outer loop
      vertex 31.6681 28.9537 2
      vertex 25.6588 32.0691 2
      vertex 30.6131 27.9617 2
    endloop
  endfacet
  facet normal 0 0 1
    outer loop
      vertex 33.9277 37.929 2
      vertex 25.7375 36.9513 2
      vertex 25.9563 35.8126 2
    endloop
  endfacet
  facet normal 0 0 1
    outer loop
      vertex 33.4545 39.8682 2
      vertex 25.3657 37.9977 2
      vertex 25.7375 36.9513 2
    endloop
  endfacet
  facet normal 0 0 1
    outer loop
      vertex 31.58 43.1331 2
      vertex 24.8377 38.9425 2
      vertex 25.3657 37.9977 2
    endloop
  endfacet
  facet normal 0 0 1
    outer loop
      vertex 23.3209 40.4777 2
      vertex 26.4901 46.5187 2
      vertex 24.2519 47.1634 2
    endloop
  endfacet
  facet normal 0 0 1
    outer loop
      vertex 30.1656 44.4855 2
      vertex 24.1537 39.7769 2
      vertex 24.8377 38.9425 2
    endloop
  endfacet
  facet normal 0 0 1
    outer loop
      vertex 26.4901 46.5187 2
      vertex 23.3209 40.4777 2
      vertex 24.1537 39.7769 2
    endloop
  endfacet
  facet normal 0 0 1
    outer loop
      vertex 24.2519 47.1634 2
      vertex 22.355 41.0188 2
      vertex 23.3209 40.4777 2
    endloop
  endfacet
  facet normal 0 0 1
    outer loop
      vertex 21.2719 41.3977 2
      vertex 24.2519 47.1634 2
      vertex 21.7395 47.5539 2
    endloop
  endfacet
  facet normal 0 0 1
    outer loop
      vertex 24.2519 47.1634 2
      vertex 21.2719 41.3977 2
      vertex 22.355 41.0188 2
    endloop
  endfacet
  facet normal 0 0 1
    outer loop
      vertex 21.7395 47.5539 2
      vertex 20.0811 41.6197 2
      vertex 21.2719 41.3977 2
    endloop
  endfacet
  facet normal 0 0 1
    outer loop
      vertex 18.9551 47.685 2
      vertex 20.0811 41.6197 2
      vertex 21.7395 47.5539 2
    endloop
  endfacet
  facet normal 0 0 1
    outer loop
      vertex 18.9551 47.685 2
      vertex 18.7834 41.6923 2
      vertex 20.0811 41.6197 2
    endloop
  endfacet
  facet normal 0 0 1
    outer loop
      vertex 18.9551 47.685 2
      vertex 17.5526 41.6217 2
      vertex 18.7834 41.6923 2
    endloop
  endfacet
  facet normal -0 0 1
    outer loop
      vertex 16.3267 47.5497 2
      vertex 17.5526 41.6217 2
      vertex 18.9551 47.685 2
    endloop
  endfacet
  facet normal 0 0 1
    outer loop
      vertex 17.5526 41.6217 2
      vertex 16.3267 47.5497 2
      vertex 16.4018 41.4063 2
    endloop
  endfacet
  facet normal -0 0 1
    outer loop
      vertex 13.9239 47.1468 2
      vertex 16.4018 41.4063 2
      vertex 16.3267 47.5497 2
    endloop
  endfacet
  facet normal 0 0 1
    outer loop
      vertex 16.4018 41.4063 2
      vertex 13.9239 47.1468 2
      vertex 15.3347 41.0418 2
    endloop
  endfacet
  facet normal -0 0 1
    outer loop
      vertex 11.7439 46.4806 2
      vertex 15.3347 41.0418 2
      vertex 13.9239 47.1468 2
    endloop
  endfacet
  facet normal 0 0 1
    outer loop
      vertex 15.3347 41.0418 2
      vertex 11.7439 46.4806 2
      vertex 14.3592 40.526 2
    endloop
  endfacet
  facet normal -0 0 1
    outer loop
      vertex 9.78119 45.5538 2
      vertex 14.3592 40.526 2
      vertex 11.7439 46.4806 2
    endloop
  endfacet
  facet normal 0 0 1
    outer loop
      vertex 14.3592 40.526 2
      vertex 9.78119 45.5538 2
      vertex 13.483 39.8602 2
    endloop
  endfacet
  facet normal -0 0 1
    outer loop
      vertex 8.02791 44.3665 2
      vertex 13.483 39.8602 2
      vertex 9.78119 45.5538 2
    endloop
  endfacet
  facet normal 0 0 1
    outer loop
      vertex 13.483 39.8602 2
      vertex 8.02791 44.3665 2
      vertex 12.7273 39.0572 2
    endloop
  endfacet
  facet normal -0 0 1
    outer loop
      vertex 6.5181 42.9511 2
      vertex 12.7273 39.0572 2
      vertex 8.02791 44.3665 2
    endloop
  endfacet
  facet normal 0 0 1
    outer loop
      vertex 12.7273 39.0572 2
      vertex 6.5181 42.9511 2
      vertex 12.1136 38.133 2
    endloop
  endfacet
  facet normal -0 0 1
    outer loop
      vertex 5.28438 41.338 2
      vertex 12.1136 38.133 2
      vertex 6.5181 42.9511 2
    endloop
  endfacet
  facet normal 0 0 1
    outer loop
      vertex 12.1136 38.133 2
      vertex 5.28438 41.338 2
      vertex 11.6457 37.098 2
    endloop
  endfacet
  facet normal -0 0 1
    outer loop
      vertex 4.32124 39.5201 2
      vertex 11.6457 37.098 2
      vertex 5.28438 41.338 2
    endloop
  endfacet
  facet normal 0 0 1
    outer loop
      vertex 11.6457 37.098 2
      vertex 4.32124 39.5201 2
      vertex 11.3217 35.9608 2
    endloop
  endfacet
  facet normal -0 0 1
    outer loop
      vertex 3.62663 37.4875 2
      vertex 11.3217 35.9608 2
      vertex 4.32124 39.5201 2
    endloop
  endfacet
  facet normal 0 0 1
    outer loop
      vertex 11.3217 35.9608 2
      vertex 3.62663 37.4875 2
      vertex 11.2532 35.5026 2
    endloop
  endfacet
  facet normal 0 0 1
    outer loop
      vertex 11.2532 35.5026 2
      vertex 3.62663 37.4875 2
      vertex 3.35939 36.0647 2
    endloop
  endfacet
  facet normal 0 0 1
    outer loop
      vertex 30.6131 27.9617 2
      vertex 25.1856 30.9716 2
      vertex 29.3776 27.1061 2
    endloop
  endfacet
  facet normal 0 0 1
    outer loop
      vertex 29.3776 27.1061 2
      vertex 25.1856 30.9716 2
      vertex 27.9555 26.387 2
    endloop
  endfacet
  facet normal -0 0 1
    outer loop
      vertex 24.5181 29.9986 2
      vertex 27.9555 26.387 2
      vertex 25.1856 30.9716 2
    endloop
  endfacet
  facet normal 0 0 1
    outer loop
      vertex 27.9555 26.387 2
      vertex 24.5181 29.9986 2
      vertex 26.3409 25.8065 2
    endloop
  endfacet
  facet normal -0 0 1
    outer loop
      vertex 23.6637 29.162 2
      vertex 26.3409 25.8065 2
      vertex 24.5181 29.9986 2
    endloop
  endfacet
  facet normal -0 0 1
    outer loop
      vertex 22.6342 28.4777 2
      vertex 23.884 25.2113 2
      vertex 23.6637 29.162 2
    endloop
  endfacet
  facet normal 0 0 1
    outer loop
      vertex 26.3409 25.8065 2
      vertex 23.6637 29.162 2
      vertex 23.884 25.2113 2
    endloop
  endfacet
  facet normal -0 0 1
    outer loop
      vertex 27.1467 13.8414 2
      vertex 35.3082 13.2583 2
      vertex 35.197 14.9243 2
    endloop
  endfacet
  facet normal 0 0 1
    outer loop
      vertex 27.1467 13.8414 2
      vertex 35.197 14.9243 2
      vertex 34.8669 16.4513 2
    endloop
  endfacet
  facet normal 0 0 1
    outer loop
      vertex 27.0647 12.4098 2
      vertex 35.3082 13.2583 2
      vertex 27.1467 13.8414 2
    endloop
  endfacet
  facet normal 0 0 1
    outer loop
      vertex 27.0453 15.1783 2
      vertex 34.8669 16.4513 2
      vertex 34.3214 17.8445 2
    endloop
  endfacet
  facet normal 0 0 1
    outer loop
      vertex 35.3082 13.2583 2
      vertex 27.0647 12.4098 2
      vertex 35.1398 10.8112 2
    endloop
  endfacet
  facet normal 0 0 1
    outer loop
      vertex 27.0453 15.1783 2
      vertex 34.3214 17.8445 2
      vertex 33.5593 19.114 2
    endloop
  endfacet
  facet normal -0 0 1
    outer loop
      vertex 26.8145 11.1129 2
      vertex 35.1398 10.8112 2
      vertex 27.0647 12.4098 2
    endloop
  endfacet
  facet normal 0 0 1
    outer loop
      vertex 26.7327 16.4161 2
      vertex 33.5593 19.114 2
      vertex 32.576 20.2669 2
    endloop
  endfacet
  facet normal 0 0 1
    outer loop
      vertex 26.7327 16.4161 2
      vertex 32.576 20.2669 2
      vertex 31.3853 21.2785 2
    endloop
  endfacet
  facet normal 0 0 1
    outer loop
      vertex 35.1398 10.8112 2
      vertex 26.8145 11.1129 2
      vertex 34.6406 8.6223 2
    endloop
  endfacet
  facet normal 0 0 1
    outer loop
      vertex 26.2034 17.5371 2
      vertex 31.3853 21.2785 2
      vertex 29.9985 22.1239 2
    endloop
  endfacet
  facet normal 0 0 1
    outer loop
      vertex 34.6406 8.6223 2
      vertex 26.8145 11.1129 2
      vertex 33.8168 6.68329 2
    endloop
  endfacet
  facet normal 0 0 1
    outer loop
      vertex 25.4605 18.5233 2
      vertex 29.9985 22.1239 2
      vertex 28.4067 22.8035 2
    endloop
  endfacet
  facet normal -0 0 1
    outer loop
      vertex 26.387 9.94496 2
      vertex 33.8168 6.68329 2
      vertex 26.8145 11.1129 2
    endloop
  endfacet
  facet normal 0 0 1
    outer loop
      vertex 33.8168 6.68329 2
      vertex 26.387 9.94496 2
      vertex 32.6687 4.98001 2
    endloop
  endfacet
  facet normal 0 0 1
    outer loop
      vertex 34.8669 16.4513 2
      vertex 27.0453 15.1783 2
      vertex 27.1467 13.8414 2
    endloop
  endfacet
  facet normal 0 0 1
    outer loop
      vertex 33.5593 19.114 2
      vertex 26.7327 16.4161 2
      vertex 27.0453 15.1783 2
    endloop
  endfacet
  facet normal 0 0 1
    outer loop
      vertex 25.4605 18.5233 2
      vertex 28.4067 22.8035 2
      vertex 26.6044 23.3141 2
    endloop
  endfacet
  facet normal 0 0 1
    outer loop
      vertex 31.3853 21.2785 2
      vertex 26.2034 17.5371 2
      vertex 26.7327 16.4161 2
    endloop
  endfacet
  facet normal 0 0 1
    outer loop
      vertex 29.9985 22.1239 2
      vertex 25.4605 18.5233 2
      vertex 26.2034 17.5371 2
    endloop
  endfacet
  facet normal 0 0 1
    outer loop
      vertex 26.6044 23.3141 2
      vertex 24.5159 19.3629 2
      vertex 25.4605 18.5233 2
    endloop
  endfacet
  facet normal 0 0 1
    outer loop
      vertex 23.3849 20.0452 2
      vertex 26.6044 23.3141 2
      vertex 23.884 23.7692 2
    endloop
  endfacet
  facet normal 0 0 1
    outer loop
      vertex 26.6044 23.3141 2
      vertex 23.3849 20.0452 2
      vertex 24.5159 19.3629 2
    endloop
  endfacet
  facet normal -0 0 1
    outer loop
      vertex 21.4448 27.9561 2
      vertex 23.884 25.2113 2
      vertex 22.6342 28.4777 2
    endloop
  endfacet
  facet normal -0 0 1
    outer loop
      vertex 20.1062 27.5921 2
      vertex 23.884 25.2113 2
      vertex 21.4448 27.9561 2
    endloop
  endfacet
  facet normal 0 0 1
    outer loop
      vertex 23.884 23.7692 2
      vertex 22.0824 20.5645 2
      vertex 23.3849 20.0452 2
    endloop
  endfacet
  facet normal 0 0 1
    outer loop
      vertex 23.884 25.2113 2
      vertex 20.1062 27.5921 2
      vertex 23.884 23.7692 2
    endloop
  endfacet
  facet normal 0 0 1
    outer loop
      vertex 23.884 23.7692 2
      vertex 20.6159 20.9276 2
      vertex 22.0824 20.5645 2
    endloop
  endfacet
  facet normal 0 0 1
    outer loop
      vertex 23.884 23.7692 2
      vertex 20.1062 27.5921 2
      vertex 20.6159 20.9276 2
    endloop
  endfacet
  facet normal 0 0 1
    outer loop
      vertex 20.1062 27.5921 2
      vertex 18.9863 21.1416 2
      vertex 20.6159 20.9276 2
    endloop
  endfacet
  facet normal -0 0 1
    outer loop
      vertex 18.6211 27.3781 2
      vertex 18.9863 21.1416 2
      vertex 20.1062 27.5921 2
    endloop
  endfacet
  facet normal 0 0 1
    outer loop
      vertex 18.6211 27.3781 2
      vertex 17.2062 21.2115 2
      vertex 18.9863 21.1416 2
    endloop
  endfacet
  facet normal -0 0 1
    outer loop
      vertex 17.0042 27.3085 2
      vertex 17.2062 21.2115 2
      vertex 18.6211 27.3781 2
    endloop
  endfacet
  facet normal 0 0 1
    outer loop
      vertex 14.6675 21.2115 2
      vertex 17.0042 27.3085 2
      vertex 14.6675 27.3085 2
    endloop
  endfacet
  facet normal 0 0 1
    outer loop
      vertex 17.0042 27.3085 2
      vertex 14.6675 21.2115 2
      vertex 17.2062 21.2115 2
    endloop
  endfacet
  facet normal -0 0 1
    outer loop
      vertex 25.7757 8.91724 2
      vertex 32.6687 4.98001 2
      vertex 26.387 9.94496 2
    endloop
  endfacet
  facet normal 0 0 1
    outer loop
      vertex 32.6687 4.98001 2
      vertex 25.7757 8.91724 2
      vertex 31.1879 3.49924 2
    endloop
  endfacet
  facet normal 0 0 1
    outer loop
      vertex 31.1879 3.49924 2
      vertex 25.7757 8.91724 2
      vertex 29.3916 2.26086 2
    endloop
  endfacet
  facet normal -0 0 1
    outer loop
      vertex 24.9853 8.05009 2
      vertex 29.3916 2.26086 2
      vertex 25.7757 8.91724 2
    endloop
  endfacet
  facet normal 0 0 1
    outer loop
      vertex 29.3916 2.26086 2
      vertex 24.9853 8.05009 2
      vertex 27.2971 1.28935 2
    endloop
  endfacet
  facet normal -0 0 1
    outer loop
      vertex 24.0473 7.35248 2
      vertex 27.2971 1.28935 2
      vertex 24.9853 8.05009 2
    endloop
  endfacet
  facet normal 0 0 1
    outer loop
      vertex 27.2971 1.28935 2
      vertex 24.0473 7.35248 2
      vertex 24.8956 0.588333 2
    endloop
  endfacet
  facet normal -0 0 1
    outer loop
      vertex 22.9862 6.81815 2
      vertex 24.8956 0.588333 2
      vertex 24.0473 7.35248 2
    endloop
  endfacet
  facet normal -0 0 1
    outer loop
      vertex 21.8083 6.44307 2
      vertex 24.8956 0.588333 2
      vertex 22.9862 6.81815 2
    endloop
  endfacet
  facet normal 0 0 1
    outer loop
      vertex 24.8956 0.588333 2
      vertex 21.8083 6.44307 2
      vertex 22.1819 0.163574 2
    endloop
  endfacet
  facet normal -0 0 1
    outer loop
      vertex 20.5203 6.22232 2
      vertex 22.1819 0.163574 2
      vertex 21.8083 6.44307 2
    endloop
  endfacet
  facet normal 0 0 1
    outer loop
      vertex 20.5203 6.22232 2
      vertex 19.1573 0.0209198 2
      vertex 22.1819 0.163574 2
    endloop
  endfacet
  facet normal -0 0 1
    outer loop
      vertex 19.1002 6.14874 2
      vertex 19.1573 0.0209198 2
      vertex 20.5203 6.22232 2
    endloop
  endfacet
  facet normal 0 0 1
    outer loop
      vertex 16.2861 0.158737 2
      vertex 19.1002 6.14874 2
      vertex 16.3997 6.44302 2
    endloop
  endfacet
  facet normal 0 0 1
    outer loop
      vertex 19.1002 6.14874 2
      vertex 16.2861 0.158737 2
      vertex 19.1573 0.0209198 2
    endloop
  endfacet
  facet normal 0 0 1
    outer loop
      vertex 13.6783 0.569336 2
      vertex 16.3997 6.44302 2
      vertex 14.1242 7.36142 2
    endloop
  endfacet
  facet normal 0 0 1
    outer loop
      vertex 16.3997 6.44302 2
      vertex 13.6783 0.569336 2
      vertex 16.2861 0.158737 2
    endloop
  endfacet
  facet normal 0 0 1
    outer loop
      vertex 9.24702 2.19077 2
      vertex 14.1242 7.36142 2
      vertex 12.3534 8.91766 2
    endloop
  endfacet
  facet normal 0 0 1
    outer loop
      vertex 14.1242 7.36142 2
      vertex 11.3337 1.248 2
      vertex 13.6783 0.569336 2
    endloop
  endfacet
  facet normal 0 0 1
    outer loop
      vertex 5.84457 4.84572 2
      vertex 12.3534 8.91766 2
      vertex 11.1463 11.0591 2
    endloop
  endfacet
  facet normal 0 0 1
    outer loop
      vertex 2.83304 10.6383 2
      vertex 11.1463 11.0591 2
      vertex 10.677 12.9773 2
    endloop
  endfacet
  facet normal 0 0 1
    outer loop
      vertex 14.1242 7.36142 2
      vertex 9.24702 2.19077 2
      vertex 11.3337 1.248 2
    endloop
  endfacet
  facet normal 0 0 1
    outer loop
      vertex 12.3534 8.91766 2
      vertex 7.41153 3.39532 2
      vertex 9.24702 2.19077 2
    endloop
  endfacet
  facet normal 0 0 1
    outer loop
      vertex 12.3534 8.91766 2
      vertex 5.84457 4.84572 2
      vertex 7.41153 3.39532 2
    endloop
  endfacet
  facet normal 0 0 1
    outer loop
      vertex 11.1463 11.0591 2
      vertex 4.5623 6.52974 2
      vertex 5.84457 4.84572 2
    endloop
  endfacet
  facet normal 0 0 1
    outer loop
      vertex 11.1463 11.0591 2
      vertex 3.55862 8.45718 2
      vertex 4.5623 6.52974 2
    endloop
  endfacet
  facet normal 0 0 1
    outer loop
      vertex 11.1463 11.0591 2
      vertex 2.83304 10.6383 2
      vertex 3.55862 8.45718 2
    endloop
  endfacet
  facet normal 0 -0 1
    outer loop
      vertex 2.83304 10.6383 2
      vertex 10.677 12.9773 2
      vertex 2.53746 12.2655 2
    endloop
  endfacet
  facet normal -0.154641 0.987971 0
    outer loop
      vertex 24.8956 0.588333 2
      vertex 22.1819 0.163574 11
      vertex 24.8956 0.588333 11
    endloop
  endfacet
  facet normal -0.154641 0.987971 0
    outer loop
      vertex 22.1819 0.163574 11
      vertex 24.8956 0.588333 2
      vertex 22.1819 0.163574 2
    endloop
  endfacet
  facet normal -0.280213 0.959938 0
    outer loop
      vertex 27.2971 1.28935 2
      vertex 24.8956 0.588333 11
      vertex 27.2971 1.28935 11
    endloop
  endfacet
  facet normal -0.280213 0.959938 0
    outer loop
      vertex 24.8956 0.588333 11
      vertex 27.2971 1.28935 2
      vertex 24.8956 0.588333 2
    endloop
  endfacet
  facet normal -0.420778 0.907164 0
    outer loop
      vertex 29.3916 2.26086 2
      vertex 27.2971 1.28935 11
      vertex 29.3916 2.26086 11
    endloop
  endfacet
  facet normal -0.420778 0.907164 0
    outer loop
      vertex 27.2971 1.28935 11
      vertex 29.3916 2.26086 2
      vertex 27.2971 1.28935 2
    endloop
  endfacet
  facet normal -0.567594 0.823309 0
    outer loop
      vertex 31.1879 3.49924 2
      vertex 29.3916 2.26086 11
      vertex 31.1879 3.49924 11
    endloop
  endfacet
  facet normal -0.567594 0.823309 0
    outer loop
      vertex 29.3916 2.26086 11
      vertex 31.1879 3.49924 2
      vertex 29.3916 2.26086 2
    endloop
  endfacet
  facet normal -0.7071 0.707114 0
    outer loop
      vertex 31.1879 3.49924 2
      vertex 32.6687 4.98001 11
      vertex 32.6687 4.98001 2
    endloop
  endfacet
  facet normal -0.7071 0.707114 0
    outer loop
      vertex 32.6687 4.98001 11
      vertex 31.1879 3.49924 2
      vertex 31.1879 3.49924 11
    endloop
  endfacet
  facet normal -0.829213 0.558933 0
    outer loop
      vertex 32.6687 4.98001 2
      vertex 33.8168 6.68329 11
      vertex 33.8168 6.68329 2
    endloop
  endfacet
  facet normal -0.829213 0.558933 0
    outer loop
      vertex 33.8168 6.68329 11
      vertex 32.6687 4.98001 2
      vertex 32.6687 4.98001 11
    endloop
  endfacet
  facet normal -0.920379 0.391028 0
    outer loop
      vertex 33.8168 6.68329 2
      vertex 34.6406 8.6223 11
      vertex 34.6406 8.6223 2
    endloop
  endfacet
  facet normal -0.920379 0.391028 0
    outer loop
      vertex 34.6406 8.6223 11
      vertex 33.8168 6.68329 2
      vertex 33.8168 6.68329 11
    endloop
  endfacet
  facet normal -0.974967 0.222351 0
    outer loop
      vertex 34.6406 8.6223 2
      vertex 35.1398 10.8112 11
      vertex 35.1398 10.8112 2
    endloop
  endfacet
  facet normal -0.974967 0.222351 0
    outer loop
      vertex 35.1398 10.8112 11
      vertex 34.6406 8.6223 2
      vertex 34.6406 8.6223 11
    endloop
  endfacet
  facet normal -0.997641 0.0686538 0
    outer loop
      vertex 35.1398 10.8112 2
      vertex 35.3082 13.2583 11
      vertex 35.3082 13.2583 2
    endloop
  endfacet
  facet normal -0.997641 0.0686538 0
    outer loop
      vertex 35.3082 13.2583 11
      vertex 35.1398 10.8112 2
      vertex 35.1398 10.8112 11
    endloop
  endfacet
  facet normal -0.99778 -0.0665985 0
    outer loop
      vertex 35.3082 13.2583 2
      vertex 35.197 14.9243 11
      vertex 35.197 14.9243 2
    endloop
  endfacet
  facet normal -0.99778 -0.0665985 0
    outer loop
      vertex 35.197 14.9243 11
      vertex 35.3082 13.2583 2
      vertex 35.3082 13.2583 11
    endloop
  endfacet
  facet normal -0.977422 -0.211295 0
    outer loop
      vertex 35.197 14.9243 2
      vertex 34.8669 16.4513 11
      vertex 34.8669 16.4513 2
    endloop
  endfacet
  facet normal -0.977422 -0.211295 0
    outer loop
      vertex 34.8669 16.4513 11
      vertex 35.197 14.9243 2
      vertex 35.197 14.9243 11
    endloop
  endfacet
  facet normal -0.931167 -0.364593 0
    outer loop
      vertex 34.8669 16.4513 2
      vertex 34.3214 17.8445 11
      vertex 34.3214 17.8445 2
    endloop
  endfacet
  facet normal -0.931167 -0.364593 0
    outer loop
      vertex 34.3214 17.8445 11
      vertex 34.8669 16.4513 2
      vertex 34.8669 16.4513 11
    endloop
  endfacet
  facet normal -0.857374 -0.514694 0
    outer loop
      vertex 34.3214 17.8445 2
      vertex 33.5593 19.114 11
      vertex 33.5593 19.114 2
    endloop
  endfacet
  facet normal -0.857374 -0.514694 0
    outer loop
      vertex 33.5593 19.114 11
      vertex 34.3214 17.8445 2
      vertex 34.3214 17.8445 11
    endloop
  endfacet
  facet normal -0.760852 -0.648925 0
    outer loop
      vertex 33.5593 19.114 2
      vertex 32.576 20.2669 11
      vertex 32.576 20.2669 2
    endloop
  endfacet
  facet normal -0.760852 -0.648925 0
    outer loop
      vertex 32.576 20.2669 11
      vertex 33.5593 19.114 2
      vertex 33.5593 19.114 11
    endloop
  endfacet
  facet normal -0.647464 -0.762096 0
    outer loop
      vertex 31.3853 21.2785 2
      vertex 32.576 20.2669 11
      vertex 31.3853 21.2785 11
    endloop
  endfacet
  facet normal -0.647464 -0.762096 -0
    outer loop
      vertex 32.576 20.2669 11
      vertex 31.3853 21.2785 2
      vertex 32.576 20.2669 2
    endloop
  endfacet
  facet normal -0.520513 -0.853854 0
    outer loop
      vertex 29.9985 22.1239 2
      vertex 31.3853 21.2785 11
      vertex 29.9985 22.1239 11
    endloop
  endfacet
  facet normal -0.520513 -0.853854 -0
    outer loop
      vertex 31.3853 21.2785 11
      vertex 29.9985 22.1239 2
      vertex 31.3853 21.2785 2
    endloop
  endfacet
  facet normal -0.39265 -0.919688 0
    outer loop
      vertex 28.4067 22.8035 2
      vertex 29.9985 22.1239 11
      vertex 28.4067 22.8035 11
    endloop
  endfacet
  facet normal -0.39265 -0.919688 -0
    outer loop
      vertex 29.9985 22.1239 11
      vertex 28.4067 22.8035 2
      vertex 29.9985 22.1239 2
    endloop
  endfacet
  facet normal -0.272577 -0.962134 0
    outer loop
      vertex 26.6044 23.3141 2
      vertex 28.4067 22.8035 11
      vertex 26.6044 23.3141 11
    endloop
  endfacet
  facet normal -0.272577 -0.962134 -0
    outer loop
      vertex 28.4067 22.8035 11
      vertex 26.6044 23.3141 2
      vertex 28.4067 22.8035 2
    endloop
  endfacet
  facet normal -0.164999 -0.986294 0
    outer loop
      vertex 23.884 23.7692 2
      vertex 26.6044 23.3141 11
      vertex 23.884 23.7692 11
    endloop
  endfacet
  facet normal -0.164999 -0.986294 -0
    outer loop
      vertex 26.6044 23.3141 11
      vertex 23.884 23.7692 2
      vertex 26.6044 23.3141 2
    endloop
  endfacet
  facet normal -1 0 0
    outer loop
      vertex 23.884 23.7692 2
      vertex 23.884 25.2113 11
      vertex 23.884 25.2113 2
    endloop
  endfacet
  facet normal -1 -0 0
    outer loop
      vertex 23.884 25.2113 11
      vertex 23.884 23.7692 2
      vertex 23.884 23.7692 11
    endloop
  endfacet
  facet normal -0.235446 0.971887 0
    outer loop
      vertex 26.3409 25.8065 2
      vertex 23.884 25.2113 11
      vertex 26.3409 25.8065 11
    endloop
  endfacet
  facet normal -0.235446 0.971887 0
    outer loop
      vertex 23.884 25.2113 11
      vertex 26.3409 25.8065 2
      vertex 23.884 25.2113 2
    endloop
  endfacet
  facet normal -0.338329 0.941028 0
    outer loop
      vertex 27.9555 26.387 2
      vertex 26.3409 25.8065 11
      vertex 27.9555 26.387 11
    endloop
  endfacet
  facet normal -0.338329 0.941028 0
    outer loop
      vertex 26.3409 25.8065 11
      vertex 27.9555 26.387 2
      vertex 26.3409 25.8065 2
    endloop
  endfacet
  facet normal -0.45125 0.892397 0
    outer loop
      vertex 29.3776 27.1061 2
      vertex 27.9555 26.387 11
      vertex 29.3776 27.1061 11
    endloop
  endfacet
  facet normal -0.45125 0.892397 0
    outer loop
      vertex 27.9555 26.387 11
      vertex 29.3776 27.1061 2
      vertex 27.9555 26.387 2
    endloop
  endfacet
  facet normal -0.569324 0.822113 0
    outer loop
      vertex 30.6131 27.9617 2
      vertex 29.3776 27.1061 11
      vertex 30.6131 27.9617 11
    endloop
  endfacet
  facet normal -0.569324 0.822113 0
    outer loop
      vertex 29.3776 27.1061 11
      vertex 30.6131 27.9617 2
      vertex 29.3776 27.1061 2
    endloop
  endfacet
  facet normal -0.68502 0.728524 0
    outer loop
      vertex 31.6681 28.9537 2
      vertex 30.6131 27.9617 11
      vertex 31.6681 28.9537 11
    endloop
  endfacet
  facet normal -0.68502 0.728524 0
    outer loop
      vertex 30.6131 27.9617 11
      vertex 31.6681 28.9537 2
      vertex 30.6131 27.9617 2
    endloop
  endfacet
  facet normal -0.789386 0.613897 0
    outer loop
      vertex 31.6681 28.9537 2
      vertex 32.5367 30.0706 11
      vertex 32.5367 30.0706 2
    endloop
  endfacet
  facet normal -0.789386 0.613897 0
    outer loop
      vertex 32.5367 30.0706 11
      vertex 31.6681 28.9537 2
      vertex 31.6681 28.9537 11
    endloop
  endfacet
  facet normal -0.877133 0.480248 0
    outer loop
      vertex 32.5367 30.0706 2
      vertex 33.2113 31.3027 11
      vertex 33.2113 31.3027 2
    endloop
  endfacet
  facet normal -0.877133 0.480248 0
    outer loop
      vertex 33.2113 31.3027 11
      vertex 32.5367 30.0706 2
      vertex 32.5367 30.0706 11
    endloop
  endfacet
  facet normal -0.941739 0.336345 0
    outer loop
      vertex 33.2113 31.3027 2
      vertex 33.6956 32.6587 11
      vertex 33.6956 32.6587 2
    endloop
  endfacet
  facet normal -0.941739 0.336345 0
    outer loop
      vertex 33.6956 32.6587 11
      vertex 33.2113 31.3027 2
      vertex 33.2113 31.3027 11
    endloop
  endfacet
  facet normal -0.981097 0.193516 0
    outer loop
      vertex 33.6956 32.6587 2
      vertex 33.9891 34.1467 11
      vertex 33.9891 34.1467 2
    endloop
  endfacet
  facet normal -0.981097 0.193516 0
    outer loop
      vertex 33.9891 34.1467 11
      vertex 33.6956 32.6587 2
      vertex 33.6956 32.6587 11
    endloop
  endfacet
  facet normal -0.998151 0.0607854 0
    outer loop
      vertex 33.9891 34.1467 2
      vertex 34.0877 35.7658 11
      vertex 34.0877 35.7658 2
    endloop
  endfacet
  facet normal -0.998151 0.0607854 0
    outer loop
      vertex 34.0877 35.7658 11
      vertex 33.9891 34.1467 2
      vertex 33.9891 34.1467 11
    endloop
  endfacet
  facet normal -0.997276 -0.073763 0
    outer loop
      vertex 34.0877 35.7658 2
      vertex 33.9277 37.929 11
      vertex 33.9277 37.929 2
    endloop
  endfacet
  facet normal -0.997276 -0.073763 0
    outer loop
      vertex 33.9277 37.929 11
      vertex 34.0877 35.7658 2
      vertex 34.0877 35.7658 11
    endloop
  endfacet
  facet normal -0.971494 -0.237062 0
    outer loop
      vertex 33.9277 37.929 2
      vertex 33.4545 39.8682 11
      vertex 33.4545 39.8682 2
    endloop
  endfacet
  facet normal -0.971494 -0.237062 0
    outer loop
      vertex 33.4545 39.8682 11
      vertex 33.9277 37.929 2
      vertex 33.9277 37.929 11
    endloop
  endfacet
  facet normal -0.911245 -0.411865 0
    outer loop
      vertex 33.4545 39.8682 2
      vertex 32.6728 41.5977 11
      vertex 32.6728 41.5977 2
    endloop
  endfacet
  facet normal -0.911245 -0.411865 0
    outer loop
      vertex 32.6728 41.5977 11
      vertex 33.4545 39.8682 2
      vertex 33.4545 39.8682 11
    endloop
  endfacet
  facet normal -0.814715 -0.579862 0
    outer loop
      vertex 32.6728 41.5977 2
      vertex 31.58 43.1331 11
      vertex 31.58 43.1331 2
    endloop
  endfacet
  facet normal -0.814715 -0.579862 0
    outer loop
      vertex 31.58 43.1331 11
      vertex 32.6728 41.5977 2
      vertex 32.6728 41.5977 11
    endloop
  endfacet
  facet normal -0.691088 -0.722771 0
    outer loop
      vertex 30.1656 44.4855 2
      vertex 31.58 43.1331 11
      vertex 30.1656 44.4855 11
    endloop
  endfacet
  facet normal -0.691088 -0.722771 -0
    outer loop
      vertex 31.58 43.1331 11
      vertex 30.1656 44.4855 2
      vertex 31.58 43.1331 2
    endloop
  endfacet
  facet normal -0.555262 -0.831675 0
    outer loop
      vertex 28.4587 45.6251 2
      vertex 30.1656 44.4855 11
      vertex 28.4587 45.6251 11
    endloop
  endfacet
  facet normal -0.555262 -0.831675 -0
    outer loop
      vertex 30.1656 44.4855 11
      vertex 28.4587 45.6251 2
      vertex 30.1656 44.4855 2
    endloop
  endfacet
  facet normal -0.413336 -0.910579 0
    outer loop
      vertex 26.4901 46.5187 2
      vertex 28.4587 45.6251 11
      vertex 26.4901 46.5187 11
    endloop
  endfacet
  facet normal -0.413336 -0.910579 -0
    outer loop
      vertex 28.4587 45.6251 11
      vertex 26.4901 46.5187 2
      vertex 28.4587 45.6251 2
    endloop
  endfacet
  facet normal -0.27679 -0.96093 0
    outer loop
      vertex 24.2519 47.1634 2
      vertex 26.4901 46.5187 11
      vertex 24.2519 47.1634 11
    endloop
  endfacet
  facet normal -0.27679 -0.96093 -0
    outer loop
      vertex 26.4901 46.5187 11
      vertex 24.2519 47.1634 2
      vertex 26.4901 46.5187 2
    endloop
  endfacet
  facet normal -0.153585 -0.988135 0
    outer loop
      vertex 21.7395 47.5539 2
      vertex 24.2519 47.1634 11
      vertex 21.7395 47.5539 11
    endloop
  endfacet
  facet normal -0.153585 -0.988135 -0
    outer loop
      vertex 24.2519 47.1634 11
      vertex 21.7395 47.5539 2
      vertex 24.2519 47.1634 2
    endloop
  endfacet
  facet normal -0.0470316 -0.998893 0
    outer loop
      vertex 18.9551 47.685 2
      vertex 21.7395 47.5539 11
      vertex 18.9551 47.685 11
    endloop
  endfacet
  facet normal -0.0470316 -0.998893 -0
    outer loop
      vertex 21.7395 47.5539 11
      vertex 18.9551 47.685 2
      vertex 21.7395 47.5539 2
    endloop
  endfacet
  facet normal 0.0514081 -0.998678 0
    outer loop
      vertex 16.3267 47.5497 2
      vertex 18.9551 47.685 11
      vertex 16.3267 47.5497 11
    endloop
  endfacet
  facet normal 0.0514081 -0.998678 0
    outer loop
      vertex 18.9551 47.685 11
      vertex 16.3267 47.5497 2
      vertex 18.9551 47.685 2
    endloop
  endfacet
  facet normal 0.165371 -0.986231 0
    outer loop
      vertex 13.9239 47.1468 2
      vertex 16.3267 47.5497 11
      vertex 13.9239 47.1468 11
    endloop
  endfacet
  facet normal 0.165371 -0.986231 0
    outer loop
      vertex 16.3267 47.5497 11
      vertex 13.9239 47.1468 2
      vertex 16.3267 47.5497 2
    endloop
  endfacet
  facet normal 0.292254 -0.956341 0
    outer loop
      vertex 11.7439 46.4806 2
      vertex 13.9239 47.1468 11
      vertex 11.7439 46.4806 11
    endloop
  endfacet
  facet normal 0.292254 -0.956341 0
    outer loop
      vertex 13.9239 47.1468 11
      vertex 11.7439 46.4806 2
      vertex 13.9239 47.1468 2
    endloop
  endfacet
  facet normal 0.426993 -0.904255 0
    outer loop
      vertex 9.78119 45.5538 2
      vertex 11.7439 46.4806 11
      vertex 9.78119 45.5538 11
    endloop
  endfacet
  facet normal 0.426993 -0.904255 0
    outer loop
      vertex 11.7439 46.4806 11
      vertex 9.78119 45.5538 2
      vertex 11.7439 46.4806 2
    endloop
  endfacet
  facet normal 0.560717 -0.828008 0
    outer loop
      vertex 8.02791 44.3665 2
      vertex 9.78119 45.5538 11
      vertex 8.02791 44.3665 11
    endloop
  endfacet
  facet normal 0.560717 -0.828008 0
    outer loop
      vertex 9.78119 45.5538 11
      vertex 8.02791 44.3665 2
      vertex 9.78119 45.5538 2
    endloop
  endfacet
  facet normal 0.683929 -0.729549 0
    outer loop
      vertex 6.5181 42.9511 2
      vertex 8.02791 44.3665 11
      vertex 6.5181 42.9511 11
    endloop
  endfacet
  facet normal 0.683929 -0.729549 0
    outer loop
      vertex 8.02791 44.3665 11
      vertex 6.5181 42.9511 2
      vertex 8.02791 44.3665 2
    endloop
  endfacet
  facet normal 0.794317 -0.607504 0
    outer loop
      vertex 5.28438 41.338 11
      vertex 6.5181 42.9511 2
      vertex 6.5181 42.9511 11
    endloop
  endfacet
  facet normal 0.794317 -0.607504 0
    outer loop
      vertex 6.5181 42.9511 2
      vertex 5.28438 41.338 11
      vertex 5.28438 41.338 2
    endloop
  endfacet
  facet normal 0.883643 -0.468162 0
    outer loop
      vertex 4.32124 39.5201 11
      vertex 5.28438 41.338 2
      vertex 5.28438 41.338 11
    endloop
  endfacet
  facet normal 0.883643 -0.468162 0
    outer loop
      vertex 5.28438 41.338 2
      vertex 4.32124 39.5201 11
      vertex 4.32124 39.5201 2
    endloop
  endfacet
  facet normal 0.946271 -0.323374 0
    outer loop
      vertex 3.62663 37.4875 11
      vertex 4.32124 39.5201 2
      vertex 4.32124 39.5201 11
    endloop
  endfacet
  facet normal 0.946271 -0.323374 0
    outer loop
      vertex 4.32124 39.5201 2
      vertex 3.62663 37.4875 11
      vertex 3.62663 37.4875 2
    endloop
  endfacet
  facet normal 0.982814 -0.184599 0
    outer loop
      vertex 3.35939 36.0647 11
      vertex 3.62663 37.4875 2
      vertex 3.62663 37.4875 11
    endloop
  endfacet
  facet normal 0.982814 -0.184599 0
    outer loop
      vertex 3.62663 37.4875 2
      vertex 3.35939 36.0647 11
      vertex 3.35939 36.0647 2
    endloop
  endfacet
  facet normal 0.0710278 0.997474 -0
    outer loop
      vertex 11.2532 35.5026 2
      vertex 3.35939 36.0647 11
      vertex 11.2532 35.5026 11
    endloop
  endfacet
  facet normal 0.0710278 0.997474 0
    outer loop
      vertex 3.35939 36.0647 11
      vertex 11.2532 35.5026 2
      vertex 3.35939 36.0647 2
    endloop
  endfacet
  facet normal -0.989009 0.147855 0
    outer loop
      vertex 11.2532 35.5026 2
      vertex 11.3217 35.9608 11
      vertex 11.3217 35.9608 2
    endloop
  endfacet
  facet normal -0.989009 0.147855 0
    outer loop
      vertex 11.3217 35.9608 11
      vertex 11.2532 35.5026 2
      vertex 11.2532 35.5026 11
    endloop
  endfacet
  facet normal -0.961728 0.274006 0
    outer loop
      vertex 11.3217 35.9608 2
      vertex 11.6457 37.098 11
      vertex 11.6457 37.098 2
    endloop
  endfacet
  facet normal -0.961728 0.274006 0
    outer loop
      vertex 11.6457 37.098 11
      vertex 11.3217 35.9608 2
      vertex 11.3217 35.9608 11
    endloop
  endfacet
  facet normal -0.911212 0.411938 0
    outer loop
      vertex 11.6457 37.098 2
      vertex 12.1136 38.133 11
      vertex 12.1136 38.133 2
    endloop
  endfacet
  facet normal -0.911212 0.411938 0
    outer loop
      vertex 12.1136 38.133 11
      vertex 11.6457 37.098 2
      vertex 11.6457 37.098 11
    endloop
  endfacet
  facet normal -0.833061 0.553181 0
    outer loop
      vertex 12.1136 38.133 2
      vertex 12.7273 39.0572 11
      vertex 12.7273 39.0572 2
    endloop
  endfacet
  facet normal -0.833061 0.553181 0
    outer loop
      vertex 12.7273 39.0572 11
      vertex 12.1136 38.133 2
      vertex 12.1136 38.133 11
    endloop
  endfacet
  facet normal -0.728229 0.685334 0
    outer loop
      vertex 12.7273 39.0572 2
      vertex 13.483 39.8602 11
      vertex 13.483 39.8602 2
    endloop
  endfacet
  facet normal -0.728229 0.685334 0
    outer loop
      vertex 13.483 39.8602 11
      vertex 12.7273 39.0572 2
      vertex 12.7273 39.0572 11
    endloop
  endfacet
  facet normal -0.605019 0.796211 0
    outer loop
      vertex 14.3592 40.526 2
      vertex 13.483 39.8602 11
      vertex 14.3592 40.526 11
    endloop
  endfacet
  facet normal -0.605019 0.796211 0
    outer loop
      vertex 13.483 39.8602 11
      vertex 14.3592 40.526 2
      vertex 13.483 39.8602 2
    endloop
  endfacet
  facet normal -0.467434 0.884028 0
    outer loop
      vertex 15.3347 41.0418 2
      vertex 14.3592 40.526 11
      vertex 15.3347 41.0418 11
    endloop
  endfacet
  facet normal -0.467434 0.884028 0
    outer loop
      vertex 14.3592 40.526 11
      vertex 15.3347 41.0418 2
      vertex 14.3592 40.526 2
    endloop
  endfacet
  facet normal -0.323243 0.946316 0
    outer loop
      vertex 16.4018 41.4063 2
      vertex 15.3347 41.0418 11
      vertex 16.4018 41.4063 11
    endloop
  endfacet
  facet normal -0.323243 0.946316 0
    outer loop
      vertex 15.3347 41.0418 11
      vertex 16.4018 41.4063 2
      vertex 15.3347 41.0418 2
    endloop
  endfacet
  facet normal -0.183979 0.98293 0
    outer loop
      vertex 17.5526 41.6217 2
      vertex 16.4018 41.4063 11
      vertex 17.5526 41.6217 11
    endloop
  endfacet
  facet normal -0.183979 0.98293 0
    outer loop
      vertex 16.4018 41.4063 11
      vertex 17.5526 41.6217 2
      vertex 16.4018 41.4063 2
    endloop
  endfacet
  facet normal -0.0572669 0.998359 0
    outer loop
      vertex 18.7834 41.6923 2
      vertex 17.5526 41.6217 11
      vertex 18.7834 41.6923 11
    endloop
  endfacet
  facet normal -0.0572669 0.998359 0
    outer loop
      vertex 17.5526 41.6217 11
      vertex 18.7834 41.6923 2
      vertex 17.5526 41.6217 2
    endloop
  endfacet
  facet normal 0.0558578 0.998439 -0
    outer loop
      vertex 20.0811 41.6197 2
      vertex 18.7834 41.6923 11
      vertex 20.0811 41.6197 11
    endloop
  endfacet
  facet normal 0.0558578 0.998439 0
    outer loop
      vertex 18.7834 41.6923 11
      vertex 20.0811 41.6197 2
      vertex 18.7834 41.6923 2
    endloop
  endfacet
  facet normal 0.183272 0.983062 -0
    outer loop
      vertex 21.2719 41.3977 2
      vertex 20.0811 41.6197 11
      vertex 21.2719 41.3977 11
    endloop
  endfacet
  facet normal 0.183272 0.983062 0
    outer loop
      vertex 20.0811 41.6197 11
      vertex 21.2719 41.3977 2
      vertex 20.0811 41.6197 2
    endloop
  endfacet
  facet normal 0.330207 0.943909 -0
    outer loop
      vertex 22.355 41.0188 2
      vertex 21.2719 41.3977 11
      vertex 22.355 41.0188 11
    endloop
  endfacet
  facet normal 0.330207 0.943909 0
    outer loop
      vertex 21.2719 41.3977 11
      vertex 22.355 41.0188 2
      vertex 21.2719 41.3977 2
    endloop
  endfacet
  facet normal 0.488738 0.872431 -0
    outer loop
      vertex 23.3209 40.4777 2
      vertex 22.355 41.0188 11
      vertex 23.3209 40.4777 11
    endloop
  endfacet
  facet normal 0.488738 0.872431 0
    outer loop
      vertex 22.355 41.0188 11
      vertex 23.3209 40.4777 2
      vertex 22.355 41.0188 2
    endloop
  endfacet
  facet normal 0.643864 0.76514 -0
    outer loop
      vertex 24.1537 39.7769 2
      vertex 23.3209 40.4777 11
      vertex 24.1537 39.7769 11
    endloop
  endfacet
  facet normal 0.643864 0.76514 0
    outer loop
      vertex 23.3209 40.4777 11
      vertex 24.1537 39.7769 2
      vertex 23.3209 40.4777 2
    endloop
  endfacet
  facet normal 0.773362 0.633964 0
    outer loop
      vertex 24.8377 38.9425 11
      vertex 24.1537 39.7769 2
      vertex 24.1537 39.7769 11
    endloop
  endfacet
  facet normal 0.773362 0.633964 0
    outer loop
      vertex 24.1537 39.7769 2
      vertex 24.8377 38.9425 11
      vertex 24.8377 38.9425 2
    endloop
  endfacet
  facet normal 0.872934 0.487838 0
    outer loop
      vertex 25.3657 37.9977 11
      vertex 24.8377 38.9425 2
      vertex 24.8377 38.9425 11
    endloop
  endfacet
  facet normal 0.872934 0.487838 0
    outer loop
      vertex 24.8377 38.9425 2
      vertex 25.3657 37.9977 11
      vertex 25.3657 37.9977 2
    endloop
  endfacet
  facet normal 0.942287 0.334807 0
    outer loop
      vertex 25.7375 36.9513 11
      vertex 25.3657 37.9977 2
      vertex 25.3657 37.9977 11
    endloop
  endfacet
  facet normal 0.942287 0.334807 0
    outer loop
      vertex 25.3657 37.9977 2
      vertex 25.7375 36.9513 11
      vertex 25.7375 36.9513 2
    endloop
  endfacet
  facet normal 0.982035 0.188697 0
    outer loop
      vertex 25.9563 35.8126 11
      vertex 25.7375 36.9513 2
      vertex 25.7375 36.9513 11
    endloop
  endfacet
  facet normal 0.982035 0.188697 0
    outer loop
      vertex 25.7375 36.9513 2
      vertex 25.9563 35.8126 11
      vertex 25.9563 35.8126 2
    endloop
  endfacet
  facet normal 0.998308 0.0581523 0
    outer loop
      vertex 26.0281 34.58 11
      vertex 25.9563 35.8126 2
      vertex 25.9563 35.8126 11
    endloop
  endfacet
  facet normal 0.998308 0.0581523 0
    outer loop
      vertex 25.9563 35.8126 2
      vertex 26.0281 34.58 11
      vertex 26.0281 34.58 2
    endloop
  endfacet
  facet normal 0.997595 -0.0693061 0
    outer loop
      vertex 25.9375 33.2759 11
      vertex 26.0281 34.58 2
      vertex 26.0281 34.58 11
    endloop
  endfacet
  facet normal 0.997595 -0.0693061 0
    outer loop
      vertex 26.0281 34.58 2
      vertex 25.9375 33.2759 11
      vertex 25.9375 33.2759 2
    endloop
  endfacet
  facet normal 0.974354 -0.225019 0
    outer loop
      vertex 25.6588 32.0691 11
      vertex 25.9375 33.2759 2
      vertex 25.9375 33.2759 11
    endloop
  endfacet
  facet normal 0.974354 -0.225019 0
    outer loop
      vertex 25.9375 33.2759 2
      vertex 25.6588 32.0691 11
      vertex 25.6588 32.0691 2
    endloop
  endfacet
  facet normal 0.918282 -0.395928 0
    outer loop
      vertex 25.1856 30.9716 11
      vertex 25.6588 32.0691 2
      vertex 25.6588 32.0691 11
    endloop
  endfacet
  facet normal 0.918282 -0.395928 0
    outer loop
      vertex 25.6588 32.0691 2
      vertex 25.1856 30.9716 11
      vertex 25.1856 30.9716 2
    endloop
  endfacet
  facet normal 0.82461 -0.565701 0
    outer loop
      vertex 24.5181 29.9986 11
      vertex 25.1856 30.9716 2
      vertex 25.1856 30.9716 11
    endloop
  endfacet
  facet normal 0.82461 -0.565701 0
    outer loop
      vertex 25.1856 30.9716 2
      vertex 24.5181 29.9986 11
      vertex 24.5181 29.9986 2
    endloop
  endfacet
  facet normal 0.699625 -0.71451 0
    outer loop
      vertex 23.6637 29.162 2
      vertex 24.5181 29.9986 11
      vertex 23.6637 29.162 11
    endloop
  endfacet
  facet normal 0.699625 -0.71451 0
    outer loop
      vertex 24.5181 29.9986 11
      vertex 23.6637 29.162 2
      vertex 24.5181 29.9986 2
    endloop
  endfacet
  facet normal 0.553561 -0.832809 0
    outer loop
      vertex 22.6342 28.4777 2
      vertex 23.6637 29.162 11
      vertex 22.6342 28.4777 11
    endloop
  endfacet
  facet normal 0.553561 -0.832809 0
    outer loop
      vertex 23.6637 29.162 11
      vertex 22.6342 28.4777 2
      vertex 23.6637 29.162 2
    endloop
  endfacet
  facet normal 0.401618 -0.915807 0
    outer loop
      vertex 21.4448 27.9561 2
      vertex 22.6342 28.4777 11
      vertex 21.4448 27.9561 11
    endloop
  endfacet
  facet normal 0.401618 -0.915807 0
    outer loop
      vertex 22.6342 28.4777 11
      vertex 21.4448 27.9561 2
      vertex 22.6342 28.4777 2
    endloop
  endfacet
  facet normal 0.262398 -0.96496 0
    outer loop
      vertex 20.1062 27.5921 2
      vertex 21.4448 27.9561 11
      vertex 20.1062 27.5921 11
    endloop
  endfacet
  facet normal 0.262398 -0.96496 0
    outer loop
      vertex 21.4448 27.9561 11
      vertex 20.1062 27.5921 2
      vertex 21.4448 27.9561 2
    endloop
  endfacet
  facet normal 0.142625 -0.989777 0
    outer loop
      vertex 18.6211 27.3781 2
      vertex 20.1062 27.5921 11
      vertex 18.6211 27.3781 11
    endloop
  endfacet
  facet normal 0.142625 -0.989777 0
    outer loop
      vertex 20.1062 27.5921 11
      vertex 18.6211 27.3781 2
      vertex 20.1062 27.5921 2
    endloop
  endfacet
  facet normal 0.0430055 -0.999075 0
    outer loop
      vertex 17.0042 27.3085 2
      vertex 18.6211 27.3781 11
      vertex 17.0042 27.3085 11
    endloop
  endfacet
  facet normal 0.0430055 -0.999075 0
    outer loop
      vertex 18.6211 27.3781 11
      vertex 17.0042 27.3085 2
      vertex 18.6211 27.3781 2
    endloop
  endfacet
  facet normal 0 -1 0
    outer loop
      vertex 14.6675 27.3085 2
      vertex 17.0042 27.3085 11
      vertex 14.6675 27.3085 11
    endloop
  endfacet
  facet normal 0 -1 -0
    outer loop
      vertex 17.0042 27.3085 11
      vertex 14.6675 27.3085 2
      vertex 17.0042 27.3085 2
    endloop
  endfacet
  facet normal 1 -0 0
    outer loop
      vertex 14.6675 21.2115 11
      vertex 14.6675 27.3085 2
      vertex 14.6675 27.3085 11
    endloop
  endfacet
  facet normal 1 0 0
    outer loop
      vertex 14.6675 27.3085 2
      vertex 14.6675 21.2115 11
      vertex 14.6675 21.2115 2
    endloop
  endfacet
  facet normal 0 1 -0
    outer loop
      vertex 17.2062 21.2115 2
      vertex 14.6675 21.2115 11
      vertex 17.2062 21.2115 11
    endloop
  endfacet
  facet normal 0 1 0
    outer loop
      vertex 14.6675 21.2115 11
      vertex 17.2062 21.2115 2
      vertex 14.6675 21.2115 2
    endloop
  endfacet
  facet normal 0.0392372 0.99923 -0
    outer loop
      vertex 18.9863 21.1416 2
      vertex 17.2062 21.2115 11
      vertex 18.9863 21.1416 11
    endloop
  endfacet
  facet normal 0.0392372 0.99923 0
    outer loop
      vertex 17.2062 21.2115 11
      vertex 18.9863 21.1416 2
      vertex 17.2062 21.2115 2
    endloop
  endfacet
  facet normal 0.130203 0.991487 -0
    outer loop
      vertex 20.6159 20.9276 2
      vertex 18.9863 21.1416 11
      vertex 20.6159 20.9276 11
    endloop
  endfacet
  facet normal 0.130203 0.991487 0
    outer loop
      vertex 18.9863 21.1416 11
      vertex 20.6159 20.9276 2
      vertex 18.9863 21.1416 2
    endloop
  endfacet
  facet normal 0.240339 0.970689 -0
    outer loop
      vertex 22.0824 20.5645 2
      vertex 20.6159 20.9276 11
      vertex 22.0824 20.5645 11
    endloop
  endfacet
  facet normal 0.240339 0.970689 0
    outer loop
      vertex 20.6159 20.9276 11
      vertex 22.0824 20.5645 2
      vertex 20.6159 20.9276 2
    endloop
  endfacet
  facet normal 0.370345 0.928894 -0
    outer loop
      vertex 23.3849 20.0452 2
      vertex 22.0824 20.5645 11
      vertex 23.3849 20.0452 11
    endloop
  endfacet
  facet normal 0.370345 0.928894 0
    outer loop
      vertex 22.0824 20.5645 11
      vertex 23.3849 20.0452 2
      vertex 22.0824 20.5645 2
    endloop
  endfacet
  facet normal 0.516554 0.856255 -0
    outer loop
      vertex 24.5159 19.3629 2
      vertex 23.3849 20.0452 11
      vertex 24.5159 19.3629 11
    endloop
  endfacet
  facet normal 0.516554 0.856255 0
    outer loop
      vertex 23.3849 20.0452 11
      vertex 24.5159 19.3629 2
      vertex 23.3849 20.0452 2
    endloop
  endfacet
  facet normal 0.664344 0.747427 -0
    outer loop
      vertex 25.4605 18.5233 2
      vertex 24.5159 19.3629 11
      vertex 25.4605 18.5233 11
    endloop
  endfacet
  facet normal 0.664344 0.747427 0
    outer loop
      vertex 24.5159 19.3629 11
      vertex 25.4605 18.5233 2
      vertex 24.5159 19.3629 2
    endloop
  endfacet
  facet normal 0.798735 0.601683 0
    outer loop
      vertex 26.2034 17.5371 11
      vertex 25.4605 18.5233 2
      vertex 25.4605 18.5233 11
    endloop
  endfacet
  facet normal 0.798735 0.601683 0
    outer loop
      vertex 25.4605 18.5233 2
      vertex 26.2034 17.5371 11
      vertex 26.2034 17.5371 2
    endloop
  endfacet
  facet normal 0.904268 0.426966 0
    outer loop
      vertex 26.7327 16.4161 11
      vertex 26.2034 17.5371 2
      vertex 26.2034 17.5371 11
    endloop
  endfacet
  facet normal 0.904268 0.426966 0
    outer loop
      vertex 26.2034 17.5371 2
      vertex 26.7327 16.4161 11
      vertex 26.7327 16.4161 2
    endloop
  endfacet
  facet normal 0.969559 0.244857 0
    outer loop
      vertex 27.0453 15.1783 11
      vertex 26.7327 16.4161 2
      vertex 26.7327 16.4161 11
    endloop
  endfacet
  facet normal 0.969559 0.244857 0
    outer loop
      vertex 26.7327 16.4161 2
      vertex 27.0453 15.1783 11
      vertex 27.0453 15.1783 2
    endloop
  endfacet
  facet normal 0.997136 0.0756299 0
    outer loop
      vertex 27.1467 13.8414 11
      vertex 27.0453 15.1783 2
      vertex 27.0453 15.1783 11
    endloop
  endfacet
  facet normal 0.997136 0.0756299 0
    outer loop
      vertex 27.0453 15.1783 2
      vertex 27.1467 13.8414 11
      vertex 27.1467 13.8414 2
    endloop
  endfacet
  facet normal 0.998364 -0.0571848 0
    outer loop
      vertex 27.0647 12.4098 11
      vertex 27.1467 13.8414 2
      vertex 27.1467 13.8414 11
    endloop
  endfacet
  facet normal 0.998364 -0.0571848 0
    outer loop
      vertex 27.1467 13.8414 2
      vertex 27.0647 12.4098 11
      vertex 27.0647 12.4098 2
    endloop
  endfacet
  facet normal 0.981894 -0.189429 0
    outer loop
      vertex 26.8145 11.1129 11
      vertex 27.0647 12.4098 2
      vertex 27.0647 12.4098 11
    endloop
  endfacet
  facet normal 0.981894 -0.189429 0
    outer loop
      vertex 27.0647 12.4098 2
      vertex 26.8145 11.1129 11
      vertex 26.8145 11.1129 2
    endloop
  endfacet
  facet normal 0.93907 -0.343727 0
    outer loop
      vertex 26.387 9.94496 11
      vertex 26.8145 11.1129 2
      vertex 26.8145 11.1129 11
    endloop
  endfacet
  facet normal 0.93907 -0.343727 0
    outer loop
      vertex 26.8145 11.1129 2
      vertex 26.387 9.94496 11
      vertex 26.387 9.94496 2
    endloop
  endfacet
  facet normal 0.859454 -0.511213 0
    outer loop
      vertex 25.7757 8.91724 11
      vertex 26.387 9.94496 2
      vertex 26.387 9.94496 11
    endloop
  endfacet
  facet normal 0.859454 -0.511213 0
    outer loop
      vertex 26.387 9.94496 2
      vertex 25.7757 8.91724 11
      vertex 25.7757 8.91724 2
    endloop
  endfacet
  facet normal 0.739056 -0.673644 0
    outer loop
      vertex 24.9853 8.05009 11
      vertex 25.7757 8.91724 2
      vertex 25.7757 8.91724 11
    endloop
  endfacet
  facet normal 0.739056 -0.673644 0
    outer loop
      vertex 25.7757 8.91724 2
      vertex 24.9853 8.05009 11
      vertex 24.9853 8.05009 2
    endloop
  endfacet
  facet normal 0.59677 -0.802412 0
    outer loop
      vertex 24.0473 7.35248 2
      vertex 24.9853 8.05009 11
      vertex 24.0473 7.35248 11
    endloop
  endfacet
  facet normal 0.59677 -0.802412 0
    outer loop
      vertex 24.9853 8.05009 11
      vertex 24.0473 7.35248 2
      vertex 24.9853 8.05009 2
    endloop
  endfacet
  facet normal 0.449757 -0.893151 0
    outer loop
      vertex 22.9862 6.81815 2
      vertex 24.0473 7.35248 11
      vertex 22.9862 6.81815 11
    endloop
  endfacet
  facet normal 0.449757 -0.893151 0
    outer loop
      vertex 24.0473 7.35248 11
      vertex 22.9862 6.81815 2
      vertex 24.0473 7.35248 2
    endloop
  endfacet
  facet normal 0.303419 -0.952857 0
    outer loop
      vertex 21.8083 6.44307 2
      vertex 22.9862 6.81815 11
      vertex 21.8083 6.44307 11
    endloop
  endfacet
  facet normal 0.303419 -0.952857 0
    outer loop
      vertex 22.9862 6.81815 11
      vertex 21.8083 6.44307 2
      vertex 22.9862 6.81815 2
    endloop
  endfacet
  facet normal 0.168927 -0.985629 0
    outer loop
      vertex 20.5203 6.22232 2
      vertex 21.8083 6.44307 11
      vertex 20.5203 6.22232 11
    endloop
  endfacet
  facet normal 0.168927 -0.985629 0
    outer loop
      vertex 21.8083 6.44307 11
      vertex 20.5203 6.22232 2
      vertex 21.8083 6.44307 2
    endloop
  endfacet
  facet normal 0.0517438 -0.99866 0
    outer loop
      vertex 19.1002 6.14874 2
      vertex 20.5203 6.22232 11
      vertex 19.1002 6.14874 11
    endloop
  endfacet
  facet normal 0.0517438 -0.99866 0
    outer loop
      vertex 20.5203 6.22232 11
      vertex 19.1002 6.14874 2
      vertex 20.5203 6.22232 2
    endloop
  endfacet
  facet normal -0.108331 -0.994115 0
    outer loop
      vertex 16.3997 6.44302 2
      vertex 19.1002 6.14874 11
      vertex 16.3997 6.44302 11
    endloop
  endfacet
  facet normal -0.108331 -0.994115 -0
    outer loop
      vertex 19.1002 6.14874 11
      vertex 16.3997 6.44302 2
      vertex 19.1002 6.14874 2
    endloop
  endfacet
  facet normal -0.37427 -0.92732 0
    outer loop
      vertex 14.1242 7.36142 2
      vertex 16.3997 6.44302 11
      vertex 14.1242 7.36142 11
    endloop
  endfacet
  facet normal -0.37427 -0.92732 -0
    outer loop
      vertex 16.3997 6.44302 11
      vertex 14.1242 7.36142 2
      vertex 16.3997 6.44302 2
    endloop
  endfacet
  facet normal -0.660134 -0.751148 0
    outer loop
      vertex 12.3534 8.91766 2
      vertex 14.1242 7.36142 11
      vertex 12.3534 8.91766 11
    endloop
  endfacet
  facet normal -0.660134 -0.751148 -0
    outer loop
      vertex 14.1242 7.36142 11
      vertex 12.3534 8.91766 2
      vertex 14.1242 7.36142 2
    endloop
  endfacet
  facet normal -0.871134 -0.491046 0
    outer loop
      vertex 12.3534 8.91766 2
      vertex 11.1463 11.0591 11
      vertex 11.1463 11.0591 2
    endloop
  endfacet
  facet normal -0.871134 -0.491046 0
    outer loop
      vertex 11.1463 11.0591 11
      vertex 12.3534 8.91766 2
      vertex 12.3534 8.91766 11
    endloop
  endfacet
  facet normal -0.971351 -0.237647 0
    outer loop
      vertex 11.1463 11.0591 2
      vertex 10.677 12.9773 11
      vertex 10.677 12.9773 2
    endloop
  endfacet
  facet normal -0.971351 -0.237647 0
    outer loop
      vertex 10.677 12.9773 11
      vertex 11.1463 11.0591 2
      vertex 11.1463 11.0591 11
    endloop
  endfacet
  facet normal 0.0871172 -0.996198 0
    outer loop
      vertex 2.53746 12.2655 2
      vertex 10.677 12.9773 11
      vertex 2.53746 12.2655 11
    endloop
  endfacet
  facet normal 0.0871172 -0.996198 0
    outer loop
      vertex 10.677 12.9773 11
      vertex 2.53746 12.2655 2
      vertex 10.677 12.9773 2
    endloop
  endfacet
  facet normal 0.983899 0.178725 0
    outer loop
      vertex 2.83304 10.6383 11
      vertex 2.53746 12.2655 2
      vertex 2.53746 12.2655 11
    endloop
  endfacet
  facet normal 0.983899 0.178725 0
    outer loop
      vertex 2.53746 12.2655 2
      vertex 2.83304 10.6383 11
      vertex 2.83304 10.6383 2
    endloop
  endfacet
  facet normal 0.948874 0.315656 0
    outer loop
      vertex 3.55862 8.45718 11
      vertex 2.83304 10.6383 2
      vertex 2.83304 10.6383 11
    endloop
  endfacet
  facet normal 0.948874 0.315656 0
    outer loop
      vertex 2.83304 10.6383 2
      vertex 3.55862 8.45718 11
      vertex 3.55862 8.45718 2
    endloop
  endfacet
  facet normal 0.886951 0.461864 0
    outer loop
      vertex 4.5623 6.52974 11
      vertex 3.55862 8.45718 2
      vertex 3.55862 8.45718 11
    endloop
  endfacet
  facet normal 0.886951 0.461864 0
    outer loop
      vertex 3.55862 8.45718 2
      vertex 4.5623 6.52974 11
      vertex 4.5623 6.52974 2
    endloop
  endfacet
  facet normal 0.795612 0.605806 0
    outer loop
      vertex 5.84457 4.84572 11
      vertex 4.5623 6.52974 2
      vertex 4.5623 6.52974 11
    endloop
  endfacet
  facet normal 0.795612 0.605806 0
    outer loop
      vertex 4.5623 6.52974 2
      vertex 5.84457 4.84572 11
      vertex 5.84457 4.84572 2
    endloop
  endfacet
  facet normal 0.679285 0.733875 -0
    outer loop
      vertex 7.41153 3.39532 2
      vertex 5.84457 4.84572 11
      vertex 7.41153 3.39532 11
    endloop
  endfacet
  facet normal 0.679285 0.733875 0
    outer loop
      vertex 5.84457 4.84572 11
      vertex 7.41153 3.39532 2
      vertex 5.84457 4.84572 2
    endloop
  endfacet
  facet normal 0.54866 0.836046 -0
    outer loop
      vertex 9.24702 2.19077 2
      vertex 7.41153 3.39532 11
      vertex 9.24702 2.19077 11
    endloop
  endfacet
  facet normal 0.54866 0.836046 0
    outer loop
      vertex 7.41153 3.39532 11
      vertex 9.24702 2.19077 2
      vertex 7.41153 3.39532 2
    endloop
  endfacet
  facet normal 0.411731 0.911305 -0
    outer loop
      vertex 11.3337 1.248 2
      vertex 9.24702 2.19077 11
      vertex 11.3337 1.248 11
    endloop
  endfacet
  facet normal 0.411731 0.911305 0
    outer loop
      vertex 9.24702 2.19077 11
      vertex 11.3337 1.248 2
      vertex 9.24702 2.19077 2
    endloop
  endfacet
  facet normal 0.278044 0.960568 -0
    outer loop
      vertex 13.6783 0.569336 2
      vertex 11.3337 1.248 11
      vertex 13.6783 0.569336 11
    endloop
  endfacet
  facet normal 0.278044 0.960568 0
    outer loop
      vertex 11.3337 1.248 11
      vertex 13.6783 0.569336 2
      vertex 11.3337 1.248 2
    endloop
  endfacet
  facet normal 0.155534 0.987831 -0
    outer loop
      vertex 16.2861 0.158737 2
      vertex 13.6783 0.569336 11
      vertex 16.2861 0.158737 11
    endloop
  endfacet
  facet normal 0.155534 0.987831 0
    outer loop
      vertex 13.6783 0.569336 11
      vertex 16.2861 0.158737 2
      vertex 13.6783 0.569336 2
    endloop
  endfacet
  facet normal 0.0479447 0.99885 -0
    outer loop
      vertex 19.1573 0.0209198 2
      vertex 16.2861 0.158737 11
      vertex 19.1573 0.0209198 11
    endloop
  endfacet
  facet normal 0.0479447 0.99885 0
    outer loop
      vertex 16.2861 0.158737 11
      vertex 19.1573 0.0209198 2
      vertex 16.2861 0.158737 2
    endloop
  endfacet
  facet normal -0.0471123 0.99889 0
    outer loop
      vertex 22.1819 0.163574 2
      vertex 19.1573 0.0209198 11
      vertex 22.1819 0.163574 11
    endloop
  endfacet
  facet normal -0.0471123 0.99889 0
    outer loop
      vertex 19.1573 0.0209198 11
      vertex 22.1819 0.163574 2
      vertex 19.1573 0.0209198 2
    endloop
  endfacet
  facet normal -0.135709 0.990749 0
    outer loop
      vertex 69.7899 1.25377 2
      vertex 67.3113 0.914261 11
      vertex 69.7899 1.25377 11
    endloop
  endfacet
  facet normal -0.135709 0.990749 0
    outer loop
      vertex 67.3113 0.914261 11
      vertex 69.7899 1.25377 2
      vertex 67.3113 0.914261 2
    endloop
  endfacet
  facet normal -0.233274 0.972411 0
    outer loop
      vertex 72.1415 1.8179 2
      vertex 69.7899 1.25377 11
      vertex 72.1415 1.8179 11
    endloop
  endfacet
  facet normal -0.233274 0.972411 0
    outer loop
      vertex 69.7899 1.25377 11
      vertex 72.1415 1.8179 2
      vertex 69.7899 1.25377 2
    endloop
  endfacet
  facet normal -0.333553 0.942731 0
    outer loop
      vertex 74.3689 2.60599 2
      vertex 72.1415 1.8179 11
      vertex 74.3689 2.60599 11
    endloop
  endfacet
  facet normal -0.333553 0.942731 0
    outer loop
      vertex 72.1415 1.8179 11
      vertex 74.3689 2.60599 2
      vertex 72.1415 1.8179 2
    endloop
  endfacet
  facet normal -0.433202 0.901297 0
    outer loop
      vertex 76.4736 3.6176 2
      vertex 74.3689 2.60599 11
      vertex 76.4736 3.6176 11
    endloop
  endfacet
  facet normal -0.433202 0.901297 0
    outer loop
      vertex 74.3689 2.60599 11
      vertex 76.4736 3.6176 2
      vertex 74.3689 2.60599 2
    endloop
  endfacet
  facet normal -0.531113 0.847301 0
    outer loop
      vertex 78.4218 4.83879 2
      vertex 76.4736 3.6176 11
      vertex 78.4218 4.83879 11
    endloop
  endfacet
  facet normal -0.531113 0.847301 0
    outer loop
      vertex 76.4736 3.6176 11
      vertex 78.4218 4.83879 2
      vertex 76.4736 3.6176 2
    endloop
  endfacet
  facet normal -0.627433 0.778671 0
    outer loop
      vertex 80.1812 6.25647 2
      vertex 78.4218 4.83879 11
      vertex 80.1812 6.25647 11
    endloop
  endfacet
  facet normal -0.627433 0.778671 0
    outer loop
      vertex 78.4218 4.83879 11
      vertex 80.1812 6.25647 2
      vertex 78.4218 4.83879 2
    endloop
  endfacet
  facet normal -0.716401 0.697689 0
    outer loop
      vertex 80.1812 6.25647 2
      vertex 81.7554 7.87289 11
      vertex 81.7554 7.87289 2
    endloop
  endfacet
  facet normal -0.716401 0.697689 0
    outer loop
      vertex 81.7554 7.87289 11
      vertex 80.1812 6.25647 2
      vertex 80.1812 6.25647 11
    endloop
  endfacet
  facet normal -0.794123 0.607757 0
    outer loop
      vertex 81.7554 7.87289 2
      vertex 83.1471 9.69135 11
      vertex 83.1471 9.69135 2
    endloop
  endfacet
  facet normal -0.794123 0.607757 0
    outer loop
      vertex 83.1471 9.69135 11
      vertex 81.7554 7.87289 2
      vertex 81.7554 7.87289 11
    endloop
  endfacet
  facet normal -0.858228 0.513269 0
    outer loop
      vertex 83.1471 9.69135 2
      vertex 84.357 11.7144 11
      vertex 84.357 11.7144 2
    endloop
  endfacet
  facet normal -0.858228 0.513269 0
    outer loop
      vertex 84.357 11.7144 11
      vertex 83.1471 9.69135 2
      vertex 83.1471 9.69135 11
    endloop
  endfacet
  facet normal -0.909231 0.416292 0
    outer loop
      vertex 84.357 11.7144 2
      vertex 85.3645 13.9149 11
      vertex 85.3645 13.9149 2
    endloop
  endfacet
  facet normal -0.909231 0.416292 0
    outer loop
      vertex 85.3645 13.9149 11
      vertex 84.357 11.7144 2
      vertex 84.357 11.7144 11
    endloop
  endfacet
  facet normal -0.948473 0.316857 0
    outer loop
      vertex 85.3645 13.9149 2
      vertex 86.1498 16.2656 11
      vertex 86.1498 16.2656 2
    endloop
  endfacet
  facet normal -0.948473 0.316857 0
    outer loop
      vertex 86.1498 16.2656 11
      vertex 85.3645 13.9149 2
      vertex 85.3645 13.9149 11
    endloop
  endfacet
  facet normal -0.975664 0.219269 0
    outer loop
      vertex 86.1498 16.2656 2
      vertex 86.7125 18.7694 11
      vertex 86.7125 18.7694 2
    endloop
  endfacet
  facet normal -0.975664 0.219269 0
    outer loop
      vertex 86.7125 18.7694 11
      vertex 86.1498 16.2656 2
      vertex 86.1498 16.2656 11
    endloop
  endfacet
  facet normal -0.991985 0.126358 0
    outer loop
      vertex 86.7125 18.7694 2
      vertex 87.0512 21.4284 11
      vertex 87.0512 21.4284 2
    endloop
  endfacet
  facet normal -0.991985 0.126358 0
    outer loop
      vertex 87.0512 21.4284 11
      vertex 86.7125 18.7694 2
      vertex 86.7125 18.7694 11
    endloop
  endfacet
  facet normal -0.999192 0.0401984 0
    outer loop
      vertex 87.0512 21.4284 2
      vertex 87.1641 24.2347 11
      vertex 87.1641 24.2347 2
    endloop
  endfacet
  facet normal -0.999192 0.0401984 0
    outer loop
      vertex 87.1641 24.2347 11
      vertex 87.0512 21.4284 2
      vertex 87.0512 21.4284 11
    endloop
  endfacet
  facet normal -0.998142 -0.0609304 0
    outer loop
      vertex 87.1641 24.2347 2
      vertex 86.9055 28.471 11
      vertex 86.9055 28.471 2
    endloop
  endfacet
  facet normal -0.998142 -0.0609304 0
    outer loop
      vertex 86.9055 28.471 11
      vertex 87.1641 24.2347 2
      vertex 87.1641 24.2347 11
    endloop
  endfacet
  facet normal -0.980035 -0.198824 0
    outer loop
      vertex 86.9055 28.471 2
      vertex 86.1361 32.2635 11
      vertex 86.1361 32.2635 2
    endloop
  endfacet
  facet normal -0.980035 -0.198824 0
    outer loop
      vertex 86.1361 32.2635 11
      vertex 86.9055 28.471 2
      vertex 86.9055 28.471 11
    endloop
  endfacet
  facet normal -0.935077 -0.354445 0
    outer loop
      vertex 86.1361 32.2635 2
      vertex 84.8624 35.6237 11
      vertex 84.8624 35.6237 2
    endloop
  endfacet
  facet normal -0.935077 -0.354445 0
    outer loop
      vertex 84.8624 35.6237 11
      vertex 86.1361 32.2635 2
      vertex 86.1361 32.2635 11
    endloop
  endfacet
  facet normal -0.85612 -0.516776 0
    outer loop
      vertex 84.8624 35.6237 2
      vertex 83.0878 38.5636 11
      vertex 83.0878 38.5636 2
    endloop
  endfacet
  facet normal -0.85612 -0.516776 0
    outer loop
      vertex 83.0878 38.5636 11
      vertex 84.8624 35.6237 2
      vertex 84.8624 35.6237 11
    endloop
  endfacet
  facet normal -0.743358 -0.668893 0
    outer loop
      vertex 83.0878 38.5636 2
      vertex 80.808 41.0972 11
      vertex 80.808 41.0972 2
    endloop
  endfacet
  facet normal -0.743358 -0.668893 0
    outer loop
      vertex 80.808 41.0972 11
      vertex 83.0878 38.5636 2
      vertex 83.0878 38.5636 11
    endloop
  endfacet
  facet normal -0.607786 -0.794101 0
    outer loop
      vertex 78.0602 43.2003 2
      vertex 80.808 41.0972 11
      vertex 78.0602 43.2003 11
    endloop
  endfacet
  facet normal -0.607786 -0.794101 -0
    outer loop
      vertex 80.808 41.0972 11
      vertex 78.0602 43.2003 2
      vertex 80.808 41.0972 2
    endloop
  endfacet
  facet normal -0.458891 -0.888493 0
    outer loop
      vertex 74.881 44.8423 2
      vertex 78.0602 43.2003 11
      vertex 74.881 44.8423 11
    endloop
  endfacet
  facet normal -0.458891 -0.888493 -0
    outer loop
      vertex 78.0602 43.2003 11
      vertex 74.881 44.8423 2
      vertex 78.0602 43.2003 2
    endloop
  endfacet
  facet normal -0.309761 -0.950815 0
    outer loop
      vertex 71.2602 46.0219 2
      vertex 74.881 44.8423 11
      vertex 71.2602 46.0219 11
    endloop
  endfacet
  facet normal -0.309761 -0.950815 -0
    outer loop
      vertex 74.881 44.8423 11
      vertex 71.2602 46.0219 2
      vertex 74.881 44.8423 2
    endloop
  endfacet
  facet normal -0.172409 -0.985026 0
    outer loop
      vertex 67.1906 46.7342 2
      vertex 71.2602 46.0219 11
      vertex 67.1906 46.7342 11
    endloop
  endfacet
  facet normal -0.172409 -0.985026 -0
    outer loop
      vertex 71.2602 46.0219 11
      vertex 67.1906 46.7342 2
      vertex 71.2602 46.0219 2
    endloop
  endfacet
  facet normal -0.0527389 -0.998608 0
    outer loop
      vertex 62.65 46.974 2
      vertex 67.1906 46.7342 11
      vertex 62.65 46.974 11
    endloop
  endfacet
  facet normal -0.0527389 -0.998608 -0
    outer loop
      vertex 67.1906 46.7342 11
      vertex 62.65 46.974 2
      vertex 67.1906 46.7342 2
    endloop
  endfacet
  facet normal 0 -1 0
    outer loop
      vertex 46.1786 46.974 2
      vertex 62.65 46.974 11
      vertex 46.1786 46.974 11
    endloop
  endfacet
  facet normal 0 -1 -0
    outer loop
      vertex 62.65 46.974 11
      vertex 46.1786 46.974 2
      vertex 62.65 46.974 2
    endloop
  endfacet
  facet normal 1 -0 0
    outer loop
      vertex 46.1786 0.800003 11
      vertex 46.1786 46.974 2
      vertex 46.1786 46.974 11
    endloop
  endfacet
  facet normal 1 0 0
    outer loop
      vertex 46.1786 46.974 2
      vertex 46.1786 0.800003 11
      vertex 46.1786 0.800003 2
    endloop
  endfacet
  facet normal 0 1 -0
    outer loop
      vertex 64.6878 0.800003 2
      vertex 46.1786 0.800003 11
      vertex 64.6878 0.800003 11
    endloop
  endfacet
  facet normal 0 1 0
    outer loop
      vertex 46.1786 0.800003 11
      vertex 64.6878 0.800003 2
      vertex 46.1786 0.800003 2
    endloop
  endfacet
  facet normal -0.0435105 0.999053 0
    outer loop
      vertex 67.3113 0.914261 2
      vertex 64.6878 0.800003 11
      vertex 67.3113 0.914261 11
    endloop
  endfacet
  facet normal -0.0435105 0.999053 0
    outer loop
      vertex 64.6878 0.800003 11
      vertex 67.3113 0.914261 2
      vertex 64.6878 0.800003 2
    endloop
  endfacet
  facet normal -1 0 0
    outer loop
      vertex 54.5811 6.9305 2
      vertex 54.5811 40.8435 11
      vertex 54.5811 40.8435 2
    endloop
  endfacet
  facet normal -1 -0 0
    outer loop
      vertex 54.5811 40.8435 11
      vertex 54.5811 6.9305 2
      vertex 54.5811 6.9305 11
    endloop
  endfacet
  facet normal 0 1 -0
    outer loop
      vertex 62.4905 40.8435 2
      vertex 54.5811 40.8435 11
      vertex 62.4905 40.8435 11
    endloop
  endfacet
  facet normal 0 1 0
    outer loop
      vertex 54.5811 40.8435 11
      vertex 62.4905 40.8435 2
      vertex 54.5811 40.8435 2
    endloop
  endfacet
  facet normal 0.0571241 0.998367 -0
    outer loop
      vertex 65.3987 40.6771 2
      vertex 62.4905 40.8435 11
      vertex 65.3987 40.6771 11
    endloop
  endfacet
  facet normal 0.0571241 0.998367 0
    outer loop
      vertex 62.4905 40.8435 11
      vertex 65.3987 40.6771 2
      vertex 62.4905 40.8435 2
    endloop
  endfacet
  facet normal 0.186629 0.982431 -0
    outer loop
      vertex 68.0697 40.1697 2
      vertex 65.3987 40.6771 11
      vertex 68.0697 40.1697 11
    endloop
  endfacet
  facet normal 0.186629 0.982431 0
    outer loop
      vertex 65.3987 40.6771 11
      vertex 68.0697 40.1697 2
      vertex 65.3987 40.6771 2
    endloop
  endfacet
  facet normal 0.334238 0.942489 -0
    outer loop
      vertex 70.4781 39.3156 2
      vertex 68.0697 40.1697 11
      vertex 70.4781 39.3156 11
    endloop
  endfacet
  facet normal 0.334238 0.942489 0
    outer loop
      vertex 68.0697 40.1697 11
      vertex 70.4781 39.3156 2
      vertex 68.0697 40.1697 2
    endloop
  endfacet
  facet normal 0.49131 0.870985 -0
    outer loop
      vertex 72.6143 38.1106 2
      vertex 70.4781 39.3156 11
      vertex 72.6143 38.1106 11
    endloop
  endfacet
  facet normal 0.49131 0.870985 0
    outer loop
      vertex 70.4781 39.3156 11
      vertex 72.6143 38.1106 2
      vertex 70.4781 39.3156 2
    endloop
  endfacet
  facet normal 0.643007 0.76586 -0
    outer loop
      vertex 74.4664 36.5556 2
      vertex 72.6143 38.1106 11
      vertex 74.4664 36.5556 11
    endloop
  endfacet
  facet normal 0.643007 0.76586 0
    outer loop
      vertex 72.6143 38.1106 11
      vertex 74.4664 36.5556 2
      vertex 72.6143 38.1106 2
    endloop
  endfacet
  facet normal 0.77504 0.631912 0
    outer loop
      vertex 76.0015 34.6728 11
      vertex 74.4664 36.5556 2
      vertex 74.4664 36.5556 11
    endloop
  endfacet
  facet normal 0.77504 0.631912 0
    outer loop
      vertex 74.4664 36.5556 2
      vertex 76.0015 34.6728 11
      vertex 76.0015 34.6728 2
    endloop
  endfacet
  facet normal 0.878318 0.478077 0
    outer loop
      vertex 77.19 32.4893 11
      vertex 76.0015 34.6728 2
      vertex 76.0015 34.6728 11
    endloop
  endfacet
  facet normal 0.878318 0.478077 0
    outer loop
      vertex 76.0015 34.6728 2
      vertex 77.19 32.4893 11
      vertex 77.19 32.4893 2
    endloop
  endfacet
  facet normal 0.94661 0.322382 0
    outer loop
      vertex 78.0314 30.0187 11
      vertex 77.19 32.4893 2
      vertex 77.19 32.4893 11
    endloop
  endfacet
  facet normal 0.94661 0.322382 0
    outer loop
      vertex 77.19 32.4893 2
      vertex 78.0314 30.0187 11
      vertex 78.0314 30.0187 2
    endloop
  endfacet
  facet normal 0.98388 0.178832 0
    outer loop
      vertex 78.5311 27.2695 11
      vertex 78.0314 30.0187 2
      vertex 78.0314 30.0187 11
    endloop
  endfacet
  facet normal 0.98388 0.178832 0
    outer loop
      vertex 78.0314 30.0187 2
      vertex 78.5311 27.2695 11
      vertex 78.5311 27.2695 2
    endloop
  endfacet
  facet normal 0.998514 0.0544884 0
    outer loop
      vertex 78.6962 24.244 11
      vertex 78.5311 27.2695 2
      vertex 78.5311 27.2695 11
    endloop
  endfacet
  facet normal 0.998514 0.0544884 0
    outer loop
      vertex 78.5311 27.2695 2
      vertex 78.6962 24.244 11
      vertex 78.6962 24.244 2
    endloop
  endfacet
  facet normal 0.998654 -0.0518631 0
    outer loop
      vertex 78.5397 21.2305 11
      vertex 78.6962 24.244 2
      vertex 78.6962 24.244 11
    endloop
  endfacet
  facet normal 0.998654 -0.0518631 0
    outer loop
      vertex 78.6962 24.244 2
      vertex 78.5397 21.2305 11
      vertex 78.5397 21.2305 2
    endloop
  endfacet
  facet normal 0.985734 -0.168312 0
    outer loop
      vertex 78.0669 18.4615 11
      vertex 78.5397 21.2305 2
      vertex 78.5397 21.2305 11
    endloop
  endfacet
  facet normal 0.985734 -0.168312 0
    outer loop
      vertex 78.5397 21.2305 2
      vertex 78.0669 18.4615 11
      vertex 78.0669 18.4615 2
    endloop
  endfacet
  facet normal 0.95392 -0.300062 0
    outer loop
      vertex 77.2728 15.937 11
      vertex 78.0669 18.4615 2
      vertex 78.0669 18.4615 11
    endloop
  endfacet
  facet normal 0.95392 -0.300062 0
    outer loop
      vertex 78.0669 18.4615 2
      vertex 77.2728 15.937 11
      vertex 77.2728 15.937 2
    endloop
  endfacet
  facet normal 0.897118 -0.441792 0
    outer loop
      vertex 76.1532 13.6635 11
      vertex 77.2728 15.937 2
      vertex 77.2728 15.937 11
    endloop
  endfacet
  facet normal 0.897118 -0.441792 0
    outer loop
      vertex 77.2728 15.937 2
      vertex 76.1532 13.6635 11
      vertex 76.1532 13.6635 2
    endloop
  endfacet
  facet normal 0.812349 -0.583171 0
    outer loop
      vertex 74.7076 11.6498 11
      vertex 76.1532 13.6635 2
      vertex 76.1532 13.6635 11
    endloop
  endfacet
  facet normal 0.812349 -0.583171 0
    outer loop
      vertex 76.1532 13.6635 2
      vertex 74.7076 11.6498 11
      vertex 74.7076 11.6498 2
    endloop
  endfacet
  facet normal 0.701403 -0.712765 0
    outer loop
      vertex 72.9819 9.95161 2
      vertex 74.7076 11.6498 11
      vertex 72.9819 9.95161 11
    endloop
  endfacet
  facet normal 0.701403 -0.712765 0
    outer loop
      vertex 74.7076 11.6498 11
      vertex 72.9819 9.95161 2
      vertex 74.7076 11.6498 2
    endloop
  endfacet
  facet normal 0.560717 -0.828007 0
    outer loop
      vertex 71.0232 8.6252 2
      vertex 72.9819 9.95161 11
      vertex 71.0232 8.6252 11
    endloop
  endfacet
  facet normal 0.560717 -0.828007 0
    outer loop
      vertex 72.9819 9.95161 11
      vertex 71.0232 8.6252 2
      vertex 72.9819 9.95161 2
    endloop
  endfacet
  facet normal 0.397927 -0.917417 0
    outer loop
      vertex 68.8414 7.67885 2
      vertex 71.0232 8.6252 11
      vertex 68.8414 7.67885 11
    endloop
  endfacet
  facet normal 0.397927 -0.917417 0
    outer loop
      vertex 71.0232 8.6252 11
      vertex 68.8414 7.67885 2
      vertex 71.0232 8.6252 2
    endloop
  endfacet
  facet normal 0.229572 -0.973292 0
    outer loop
      vertex 66.4501 7.11481 2
      vertex 68.8414 7.67885 11
      vertex 66.4501 7.11481 11
    endloop
  endfacet
  facet normal 0.229572 -0.973292 0
    outer loop
      vertex 68.8414 7.67885 11
      vertex 66.4501 7.11481 2
      vertex 68.8414 7.67885 2
    endloop
  endfacet
  facet normal 0.0717043 -0.997426 0
    outer loop
      vertex 63.8863 6.9305 2
      vertex 66.4501 7.11481 11
      vertex 63.8863 6.9305 11
    endloop
  endfacet
  facet normal 0.0717043 -0.997426 0
    outer loop
      vertex 66.4501 7.11481 11
      vertex 63.8863 6.9305 2
      vertex 66.4501 7.11481 2
    endloop
  endfacet
  facet normal 0 -1 0
    outer loop
      vertex 54.5811 6.9305 2
      vertex 63.8863 6.9305 11
      vertex 54.5811 6.9305 11
    endloop
  endfacet
  facet normal 0 -1 -0
    outer loop
      vertex 63.8863 6.9305 11
      vertex 54.5811 6.9305 2
      vertex 63.8863 6.9305 2
    endloop
  endfacet
  facet normal 0 0 1
    outer loop
      vertex 34.8895 35.771 11
      vertex 33.9277 37.929 11
      vertex 34.0877 35.7658 11
    endloop
  endfacet
  facet normal 0 0 1
    outer loop
      vertex 34.2141 40.13 11
      vertex 33.4545 39.8682 11
      vertex 33.9277 37.929 11
    endloop
  endfacet
  facet normal 0 0 1
    outer loop
      vertex 33.3698 41.9982 11
      vertex 33.4545 39.8682 11
      vertex 34.2141 40.13 11
    endloop
  endfacet
  facet normal 0 0 1
    outer loop
      vertex 33.3698 41.9982 11
      vertex 32.6728 41.5977 11
      vertex 33.4545 39.8682 11
    endloop
  endfacet
  facet normal 0 0 1
    outer loop
      vertex 32.1877 43.6588 11
      vertex 32.6728 41.5977 11
      vertex 33.3698 41.9982 11
    endloop
  endfacet
  facet normal 0 0 1
    outer loop
      vertex 32.1877 43.6588 11
      vertex 31.58 43.1331 11
      vertex 32.6728 41.5977 11
    endloop
  endfacet
  facet normal 0 0 1
    outer loop
      vertex 30.668 45.112 11
      vertex 31.58 43.1331 11
      vertex 32.1877 43.6588 11
    endloop
  endfacet
  facet normal 0 0 1
    outer loop
      vertex 30.668 45.112 11
      vertex 30.1656 44.4855 11
      vertex 31.58 43.1331 11
    endloop
  endfacet
  facet normal 0 0 1
    outer loop
      vertex 28.8487 46.3266 11
      vertex 30.1656 44.4855 11
      vertex 30.668 45.112 11
    endloop
  endfacet
  facet normal 0 0 1
    outer loop
      vertex 28.8487 46.3266 11
      vertex 28.4587 45.6251 11
      vertex 30.1656 44.4855 11
    endloop
  endfacet
  facet normal 0 0 1
    outer loop
      vertex 26.7676 47.2713 11
      vertex 28.4587 45.6251 11
      vertex 28.8487 46.3266 11
    endloop
  endfacet
  facet normal 0 0 1
    outer loop
      vertex 26.7676 47.2713 11
      vertex 26.4901 46.5187 11
      vertex 28.4587 45.6251 11
    endloop
  endfacet
  facet normal 0 0 1
    outer loop
      vertex 24.4247 47.9462 11
      vertex 26.4901 46.5187 11
      vertex 26.7676 47.2713 11
    endloop
  endfacet
  facet normal 0 0 1
    outer loop
      vertex 24.4247 47.9462 11
      vertex 24.2519 47.1634 11
      vertex 26.4901 46.5187 11
    endloop
  endfacet
  facet normal 0 0 1
    outer loop
      vertex 21.82 48.351 11
      vertex 24.2519 47.1634 11
      vertex 24.4247 47.9462 11
    endloop
  endfacet
  facet normal 0 0 1
    outer loop
      vertex 21.82 48.351 11
      vertex 21.7395 47.5539 11
      vertex 24.2519 47.1634 11
    endloop
  endfacet
  facet normal 0 0 1
    outer loop
      vertex 21.82 48.351 11
      vertex 18.9551 47.685 11
      vertex 21.7395 47.5539 11
    endloop
  endfacet
  facet normal 0 0 1
    outer loop
      vertex 18.9535 48.486 11
      vertex 18.9551 47.685 11
      vertex 21.82 48.351 11
    endloop
  endfacet
  facet normal 0 0 1
    outer loop
      vertex 18.9535 48.486 11
      vertex 16.3267 47.5497 11
      vertex 18.9551 47.685 11
    endloop
  endfacet
  facet normal -0 0 1
    outer loop
      vertex 16.2396 48.3463 11
      vertex 16.3267 47.5497 11
      vertex 18.9535 48.486 11
    endloop
  endfacet
  facet normal 0 0 1
    outer loop
      vertex 16.2396 48.3463 11
      vertex 13.9239 47.1468 11
      vertex 16.3267 47.5497 11
    endloop
  endfacet
  facet normal -0 0 1
    outer loop
      vertex 13.7401 47.9272 11
      vertex 13.9239 47.1468 11
      vertex 16.2396 48.3463 11
    endloop
  endfacet
  facet normal 0 0 1
    outer loop
      vertex 13.7401 47.9272 11
      vertex 11.7439 46.4806 11
      vertex 13.9239 47.1468 11
    endloop
  endfacet
  facet normal -0 0 1
    outer loop
      vertex 11.4548 47.2287 11
      vertex 11.7439 46.4806 11
      vertex 13.7401 47.9272 11
    endloop
  endfacet
  facet normal 0 0 1
    outer loop
      vertex 11.4548 47.2287 11
      vertex 9.78119 45.5538 11
      vertex 11.7439 46.4806 11
    endloop
  endfacet
  facet normal -0 0 1
    outer loop
      vertex 9.38373 46.2508 11
      vertex 9.78119 45.5538 11
      vertex 11.4548 47.2287 11
    endloop
  endfacet
  facet normal 0 0 1
    outer loop
      vertex 9.38373 46.2508 11
      vertex 8.02791 44.3665 11
      vertex 9.78119 45.5538 11
    endloop
  endfacet
  facet normal -0 0 1
    outer loop
      vertex 7.52699 44.9935 11
      vertex 8.02791 44.3665 11
      vertex 9.38373 46.2508 11
    endloop
  endfacet
  facet normal 0 0 1
    outer loop
      vertex 7.52699 44.9935 11
      vertex 6.5181 42.9511 11
      vertex 8.02791 44.3665 11
    endloop
  endfacet
  facet normal -0 0 1
    outer loop
      vertex 5.9227 43.4895 11
      vertex 6.5181 42.9511 11
      vertex 7.52699 44.9935 11
    endloop
  endfacet
  facet normal 0 0 1
    outer loop
      vertex 5.9227 43.4895 11
      vertex 5.28438 41.338 11
      vertex 6.5181 42.9511 11
    endloop
  endfacet
  facet normal -0 0 1
    outer loop
      vertex 4.6086 41.7713 11
      vertex 5.28438 41.338 11
      vertex 5.9227 43.4895 11
    endloop
  endfacet
  facet normal 0 0 1
    outer loop
      vertex 4.6086 41.7713 11
      vertex 4.32124 39.5201 11
      vertex 5.28438 41.338 11
    endloop
  endfacet
  facet normal -0 0 1
    outer loop
      vertex 3.58469 39.8387 11
      vertex 4.32124 39.5201 11
      vertex 4.6086 41.7713 11
    endloop
  endfacet
  facet normal 0 0 1
    outer loop
      vertex 4.32124 39.5201 11
      vertex 3.58469 39.8387 11
      vertex 3.62663 37.4875 11
    endloop
  endfacet
  facet normal -0 0 1
    outer loop
      vertex 2.851 37.6917 11
      vertex 3.62663 37.4875 11
      vertex 3.58469 39.8387 11
    endloop
  endfacet
  facet normal 0 0 1
    outer loop
      vertex 3.62663 37.4875 11
      vertex 2.851 37.6917 11
      vertex 3.35939 36.0647 11
    endloop
  endfacet
  facet normal -0 0 1
    outer loop
      vertex 33.9277 37.929 11
      vertex 34.8895 35.771 11
      vertex 34.7206 38.0542 11
    endloop
  endfacet
  facet normal 0 0 1
    outer loop
      vertex 34.8895 35.771 11
      vertex 34.0877 35.7658 11
      vertex 34.7844 34.0445 11
    endloop
  endfacet
  facet normal 0 0 1
    outer loop
      vertex 33.9277 37.929 11
      vertex 34.7206 38.0542 11
      vertex 34.2141 40.13 11
    endloop
  endfacet
  facet normal -0 0 1
    outer loop
      vertex 33.9891 34.1467 11
      vertex 34.7844 34.0445 11
      vertex 34.0877 35.7658 11
    endloop
  endfacet
  facet normal 0 0 1
    outer loop
      vertex 34.7844 34.0445 11
      vertex 33.9891 34.1467 11
      vertex 34.469 32.4456 11
    endloop
  endfacet
  facet normal -0 0 1
    outer loop
      vertex 33.6956 32.6587 11
      vertex 34.469 32.4456 11
      vertex 33.9891 34.1467 11
    endloop
  endfacet
  facet normal 0 0 1
    outer loop
      vertex 34.469 32.4456 11
      vertex 33.6956 32.6587 11
      vertex 33.9434 30.974 11
    endloop
  endfacet
  facet normal -0 0 1
    outer loop
      vertex 33.2113 31.3027 11
      vertex 33.9434 30.974 11
      vertex 33.6956 32.6587 11
    endloop
  endfacet
  facet normal 0 0 1
    outer loop
      vertex 33.2113 31.3027 11
      vertex 33.2076 29.63 11
      vertex 33.9434 30.974 11
    endloop
  endfacet
  facet normal -0 0 1
    outer loop
      vertex 32.5367 30.0706 11
      vertex 33.2076 29.63 11
      vertex 33.2113 31.3027 11
    endloop
  endfacet
  facet normal 0 0 1
    outer loop
      vertex 32.5367 30.0706 11
      vertex 32.2615 28.4135 11
      vertex 33.2076 29.63 11
    endloop
  endfacet
  facet normal -0 0 1
    outer loop
      vertex 31.6681 28.9537 11
      vertex 32.2615 28.4135 11
      vertex 32.5367 30.0706 11
    endloop
  endfacet
  facet normal 0 0 1
    outer loop
      vertex 31.6681 28.9537 11
      vertex 31.1176 27.338 11
      vertex 32.2615 28.4135 11
    endloop
  endfacet
  facet normal -0 0 1
    outer loop
      vertex 30.6131 27.9617 11
      vertex 31.1176 27.338 11
      vertex 31.6681 28.9537 11
    endloop
  endfacet
  facet normal 0 0 1
    outer loop
      vertex 30.6131 27.9617 11
      vertex 29.7879 26.4171 11
      vertex 31.1176 27.338 11
    endloop
  endfacet
  facet normal -0 0 1
    outer loop
      vertex 29.3776 27.1061 11
      vertex 29.7879 26.4171 11
      vertex 30.6131 27.9617 11
    endloop
  endfacet
  facet normal 0 0 1
    outer loop
      vertex 29.3776 27.1061 11
      vertex 28.2724 25.6508 11
      vertex 29.7879 26.4171 11
    endloop
  endfacet
  facet normal -0 0 1
    outer loop
      vertex 27.9555 26.387 11
      vertex 28.2724 25.6508 11
      vertex 29.3776 27.1061 11
    endloop
  endfacet
  facet normal 0 0 1
    outer loop
      vertex 27.9555 26.387 11
      vertex 26.5711 25.0391 11
      vertex 28.2724 25.6508 11
    endloop
  endfacet
  facet normal -0 0 1
    outer loop
      vertex 26.3409 25.8065 11
      vertex 26.5711 25.0391 11
      vertex 27.9555 26.387 11
    endloop
  endfacet
  facet normal 0 0 1
    outer loop
      vertex 26.3409 25.8065 11
      vertex 24.684 24.582 11
      vertex 26.5711 25.0391 11
    endloop
  endfacet
  facet normal 0 0 1
    outer loop
      vertex 24.684 24.582 11
      vertex 23.884 25.2113 11
      vertex 24.684 24.4465 11
    endloop
  endfacet
  facet normal -0 0 1
    outer loop
      vertex 23.884 25.2113 11
      vertex 24.684 24.582 11
      vertex 26.3409 25.8065 11
    endloop
  endfacet
  facet normal -0 0 1
    outer loop
      vertex 35.3082 13.2583 11
      vertex 36.11 13.2575 11
      vertex 35.9913 15.0361 11
    endloop
  endfacet
  facet normal 0 0 1
    outer loop
      vertex 35.197 14.9243 11
      vertex 35.9913 15.0361 11
      vertex 35.6353 16.6832 11
    endloop
  endfacet
  facet normal 0 0 1
    outer loop
      vertex 35.1398 10.8112 11
      vertex 36.11 13.2575 11
      vertex 35.3082 13.2583 11
    endloop
  endfacet
  facet normal 0 0 1
    outer loop
      vertex 36.11 13.2575 11
      vertex 35.1398 10.8112 11
      vertex 35.9337 10.6942 11
    endloop
  endfacet
  facet normal 0 0 1
    outer loop
      vertex 35.9913 15.0361 11
      vertex 35.197 14.9243 11
      vertex 35.3082 13.2583 11
    endloop
  endfacet
  facet normal 0 0 1
    outer loop
      vertex 34.8669 16.4513 11
      vertex 35.6353 16.6832 11
      vertex 35.0419 18.1987 11
    endloop
  endfacet
  facet normal 0 0 1
    outer loop
      vertex 35.6353 16.6832 11
      vertex 34.8669 16.4513 11
      vertex 35.197 14.9243 11
    endloop
  endfacet
  facet normal 0 0 1
    outer loop
      vertex 35.0419 18.1987 11
      vertex 34.3214 17.8445 11
      vertex 34.8669 16.4513 11
    endloop
  endfacet
  facet normal 0 0 1
    outer loop
      vertex 34.2111 19.5826 11
      vertex 34.3214 17.8445 11
      vertex 35.0419 18.1987 11
    endloop
  endfacet
  facet normal 0 0 1
    outer loop
      vertex 34.2111 19.5826 11
      vertex 33.5593 19.114 11
      vertex 34.3214 17.8445 11
    endloop
  endfacet
  facet normal 0 0 1
    outer loop
      vertex 33.143 20.835 11
      vertex 33.5593 19.114 11
      vertex 34.2111 19.5826 11
    endloop
  endfacet
  facet normal 0 0 1
    outer loop
      vertex 33.143 20.835 11
      vertex 32.576 20.2669 11
      vertex 33.5593 19.114 11
    endloop
  endfacet
  facet normal 0 0 1
    outer loop
      vertex 31.8553 21.9289 11
      vertex 32.576 20.2669 11
      vertex 33.143 20.835 11
    endloop
  endfacet
  facet normal 0 0 1
    outer loop
      vertex 31.8553 21.9289 11
      vertex 31.3853 21.2785 11
      vertex 32.576 20.2669 11
    endloop
  endfacet
  facet normal 0 0 1
    outer loop
      vertex 30.3656 22.837 11
      vertex 31.3853 21.2785 11
      vertex 31.8553 21.9289 11
    endloop
  endfacet
  facet normal 0 0 1
    outer loop
      vertex 30.3656 22.837 11
      vertex 29.9985 22.1239 11
      vertex 31.3853 21.2785 11
    endloop
  endfacet
  facet normal 0 0 1
    outer loop
      vertex 28.6738 23.5593 11
      vertex 29.9985 22.1239 11
      vertex 30.3656 22.837 11
    endloop
  endfacet
  facet normal 0 0 1
    outer loop
      vertex 28.6738 23.5593 11
      vertex 28.4067 22.8035 11
      vertex 29.9985 22.1239 11
    endloop
  endfacet
  facet normal 0 0 1
    outer loop
      vertex 26.78 24.0958 11
      vertex 28.4067 22.8035 11
      vertex 28.6738 23.5593 11
    endloop
  endfacet
  facet normal 0 0 1
    outer loop
      vertex 26.78 24.0958 11
      vertex 26.6044 23.3141 11
      vertex 28.4067 22.8035 11
    endloop
  endfacet
  facet normal 0 0 1
    outer loop
      vertex 24.684 24.4465 11
      vertex 26.6044 23.3141 11
      vertex 26.78 24.0958 11
    endloop
  endfacet
  facet normal 0 0 1
    outer loop
      vertex 24.684 24.4465 11
      vertex 23.884 23.7692 11
      vertex 26.6044 23.3141 11
    endloop
  endfacet
  facet normal 0 0 1
    outer loop
      vertex 23.884 23.7692 11
      vertex 24.684 24.4465 11
      vertex 23.884 25.2113 11
    endloop
  endfacet
  facet normal 0 0 1
    outer loop
      vertex 34.6406 8.6223 11
      vertex 35.9337 10.6942 11
      vertex 35.1398 10.8112 11
    endloop
  endfacet
  facet normal 0 0 1
    outer loop
      vertex 35.9337 10.6942 11
      vertex 34.6406 8.6223 11
      vertex 35.4047 8.37494 11
    endloop
  endfacet
  facet normal 0 0 1
    outer loop
      vertex 34.6406 8.6223 11
      vertex 34.5231 6.29984 11
      vertex 35.4047 8.37494 11
    endloop
  endfacet
  facet normal -0 0 1
    outer loop
      vertex 33.8168 6.68329 11
      vertex 34.5231 6.29984 11
      vertex 34.6406 8.6223 11
    endloop
  endfacet
  facet normal 0 0 1
    outer loop
      vertex 33.8168 6.68329 11
      vertex 33.2889 4.46886 11
      vertex 34.5231 6.29984 11
    endloop
  endfacet
  facet normal -0 0 1
    outer loop
      vertex 32.6687 4.98001 11
      vertex 33.2889 4.46886 11
      vertex 33.8168 6.68329 11
    endloop
  endfacet
  facet normal 0 0 1
    outer loop
      vertex 32.6687 4.98001 11
      vertex 31.702 2.88199 11
      vertex 33.2889 4.46886 11
    endloop
  endfacet
  facet normal -0 0 1
    outer loop
      vertex 31.1879 3.49924 11
      vertex 31.702 2.88199 11
      vertex 32.6687 4.98001 11
    endloop
  endfacet
  facet normal 0 0 1
    outer loop
      vertex 31.1879 3.49924 11
      vertex 29.7898 1.56367 11
      vertex 31.702 2.88199 11
    endloop
  endfacet
  facet normal -0 0 1
    outer loop
      vertex 29.3916 2.26086 11
      vertex 29.7898 1.56367 11
      vertex 31.1879 3.49924 11
    endloop
  endfacet
  facet normal 0 0 1
    outer loop
      vertex 29.3916 2.26086 11
      vertex 27.5792 0.538315 11
      vertex 29.7898 1.56367 11
    endloop
  endfacet
  facet normal -0 0 1
    outer loop
      vertex 27.2971 1.28935 11
      vertex 27.5792 0.538315 11
      vertex 29.3916 2.26086 11
    endloop
  endfacet
  facet normal 0 0 1
    outer loop
      vertex 27.2971 1.28935 11
      vertex 25.0702 -0.194077 11
      vertex 27.5792 0.538315 11
    endloop
  endfacet
  facet normal -0 0 1
    outer loop
      vertex 24.8956 0.588333 11
      vertex 25.0702 -0.194077 11
      vertex 27.2971 1.28935 11
    endloop
  endfacet
  facet normal 0 0 1
    outer loop
      vertex 24.8956 0.588333 11
      vertex 22.2628 -0.633514 11
      vertex 25.0702 -0.194077 11
    endloop
  endfacet
  facet normal -0 0 1
    outer loop
      vertex 22.1819 0.163574 11
      vertex 22.2628 -0.633514 11
      vertex 24.8956 0.588333 11
    endloop
  endfacet
  facet normal -0 0 1
    outer loop
      vertex 19.1573 0.0209198 11
      vertex 22.2628 -0.633514 11
      vertex 22.1819 0.163574 11
    endloop
  endfacet
  facet normal 0 0 1
    outer loop
      vertex 19.1573 0.0209198 11
      vertex 19.157 -0.779999 11
      vertex 22.2628 -0.633514 11
    endloop
  endfacet
  facet normal 0 0 1
    outer loop
      vertex 16.2861 0.158737 11
      vertex 19.157 -0.779999 11
      vertex 19.1573 0.0209198 11
    endloop
  endfacet
  facet normal 0 0 1
    outer loop
      vertex 16.2861 0.158737 11
      vertex 16.2045 -0.638275 11
      vertex 19.157 -0.779999 11
    endloop
  endfacet
  facet normal 0 0 1
    outer loop
      vertex 13.6783 0.569336 11
      vertex 16.2045 -0.638275 11
      vertex 16.2861 0.158737 11
    endloop
  endfacet
  facet normal 0 0 1
    outer loop
      vertex 13.6783 0.569336 11
      vertex 13.5043 -0.21312 11
      vertex 16.2045 -0.638275 11
    endloop
  endfacet
  facet normal 0 0 1
    outer loop
      vertex 11.3337 1.248 11
      vertex 13.5043 -0.21312 11
      vertex 13.6783 0.569336 11
    endloop
  endfacet
  facet normal 0 0 1
    outer loop
      vertex 11.3337 1.248 11
      vertex 11.0563 0.495468 11
      vertex 13.5043 -0.21312 11
    endloop
  endfacet
  facet normal 0 0 1
    outer loop
      vertex 9.24702 2.19077 11
      vertex 11.0563 0.495468 11
      vertex 11.3337 1.248 11
    endloop
  endfacet
  facet normal 0 0 1
    outer loop
      vertex 9.24702 2.19077 11
      vertex 8.86052 1.48752 11
      vertex 11.0563 0.495468 11
    endloop
  endfacet
  facet normal 0 0 1
    outer loop
      vertex 7.41153 3.39532 11
      vertex 8.86052 1.48752 11
      vertex 9.24702 2.19077 11
    endloop
  endfacet
  facet normal 0 0 1
    outer loop
      vertex 7.41153 3.39532 11
      vertex 6.91699 2.76299 11
      vertex 8.86052 1.48752 11
    endloop
  endfacet
  facet normal 0 0 1
    outer loop
      vertex 5.84457 4.84572 11
      vertex 6.91699 2.76299 11
      vertex 7.41153 3.39532 11
    endloop
  endfacet
  facet normal 0 0 1
    outer loop
      vertex 5.84457 4.84572 11
      vertex 5.25014 4.30583 11
      vertex 6.91699 2.76299 11
    endloop
  endfacet
  facet normal 0 0 1
    outer loop
      vertex 4.5623 6.52974 11
      vertex 5.25014 4.30583 11
      vertex 5.84457 4.84572 11
    endloop
  endfacet
  facet normal 0 0 1
    outer loop
      vertex 4.5623 6.52974 11
      vertex 3.88435 6.09955 11
      vertex 5.25014 4.30583 11
    endloop
  endfacet
  facet normal 0 0 1
    outer loop
      vertex 3.55862 8.45718 11
      vertex 3.88435 6.09955 11
      vertex 4.5623 6.52974 11
    endloop
  endfacet
  facet normal 0 0 1
    outer loop
      vertex 2.81966 8.14415 11
      vertex 3.55862 8.45718 11
      vertex 2.83304 10.6383 11
    endloop
  endfacet
  facet normal 0 0 1
    outer loop
      vertex 3.55862 8.45718 11
      vertex 2.81966 8.14415 11
      vertex 3.88435 6.09955 11
    endloop
  endfacet
  facet normal 0 0 1
    outer loop
      vertex 2.05603 10.4396 11
      vertex 2.83304 10.6383 11
      vertex 2.53746 12.2655 11
    endloop
  endfacet
  facet normal 0 0 1
    outer loop
      vertex 2.83304 10.6383 11
      vertex 2.05603 10.4396 11
      vertex 2.81966 8.14415 11
    endloop
  endfacet
  facet normal 0 0 1
    outer loop
      vertex 25.9563 35.8126 11
      vertex 25.1607 35.7135 11
      vertex 25.2265 34.5845 11
    endloop
  endfacet
  facet normal 0 0 1
    outer loop
      vertex 25.7375 36.9513 11
      vertex 24.9634 36.7407 11
      vertex 25.1607 35.7135 11
    endloop
  endfacet
  facet normal 0 0 1
    outer loop
      vertex 24.6345 37.6663 11
      vertex 25.3657 37.9977 11
      vertex 24.8377 38.9425 11
    endloop
  endfacet
  facet normal 0 0 1
    outer loop
      vertex 25.3657 37.9977 11
      vertex 24.6345 37.6663 11
      vertex 24.9634 36.7407 11
    endloop
  endfacet
  facet normal 0 0 1
    outer loop
      vertex 24.8377 38.9425 11
      vertex 24.174 38.4902 11
      vertex 24.6345 37.6663 11
    endloop
  endfacet
  facet normal 0 0 1
    outer loop
      vertex 24.1537 39.7769 11
      vertex 24.174 38.4902 11
      vertex 24.8377 38.9425 11
    endloop
  endfacet
  facet normal 0 0 1
    outer loop
      vertex 24.1537 39.7769 11
      vertex 23.582 39.2125 11
      vertex 24.174 38.4902 11
    endloop
  endfacet
  facet normal 0 0 1
    outer loop
      vertex 23.3209 40.4777 11
      vertex 23.582 39.2125 11
      vertex 24.1537 39.7769 11
    endloop
  endfacet
  facet normal 0 0 1
    outer loop
      vertex 23.3209 40.4777 11
      vertex 22.8638 39.8168 11
      vertex 23.582 39.2125 11
    endloop
  endfacet
  facet normal 0 0 1
    outer loop
      vertex 22.355 41.0188 11
      vertex 22.8638 39.8168 11
      vertex 23.3209 40.4777 11
    endloop
  endfacet
  facet normal 0 0 1
    outer loop
      vertex 22.355 41.0188 11
      vertex 22.0249 40.2867 11
      vertex 22.8638 39.8168 11
    endloop
  endfacet
  facet normal 0 0 1
    outer loop
      vertex 21.2719 41.3977 11
      vertex 22.0249 40.2867 11
      vertex 22.355 41.0188 11
    endloop
  endfacet
  facet normal 0 0 1
    outer loop
      vertex 21.2719 41.3977 11
      vertex 21.0654 40.6224 11
      vertex 22.0249 40.2867 11
    endloop
  endfacet
  facet normal 0 0 1
    outer loop
      vertex 20.0811 41.6197 11
      vertex 21.0654 40.6224 11
      vertex 21.2719 41.3977 11
    endloop
  endfacet
  facet normal 0 0 1
    outer loop
      vertex 20.0811 41.6197 11
      vertex 19.985 40.8239 11
      vertex 21.0654 40.6224 11
    endloop
  endfacet
  facet normal 0 0 1
    outer loop
      vertex 20.0811 41.6197 11
      vertex 18.784 40.891 11
      vertex 19.985 40.8239 11
    endloop
  endfacet
  facet normal 0 0 1
    outer loop
      vertex 18.7834 41.6923 11
      vertex 18.784 40.891 11
      vertex 20.0811 41.6197 11
    endloop
  endfacet
  facet normal 0 0 1
    outer loop
      vertex 18.7834 41.6923 11
      vertex 17.6494 40.8259 11
      vertex 18.784 40.891 11
    endloop
  endfacet
  facet normal -0 0 1
    outer loop
      vertex 17.5526 41.6217 11
      vertex 17.6494 40.8259 11
      vertex 18.7834 41.6923 11
    endloop
  endfacet
  facet normal 0 0 1
    outer loop
      vertex 17.5526 41.6217 11
      vertex 16.6058 40.6306 11
      vertex 17.6494 40.8259 11
    endloop
  endfacet
  facet normal -0 0 1
    outer loop
      vertex 16.4018 41.4063 11
      vertex 16.6058 40.6306 11
      vertex 17.5526 41.6217 11
    endloop
  endfacet
  facet normal 0 0 1
    outer loop
      vertex 16.4018 41.4063 11
      vertex 15.653 40.3051 11
      vertex 16.6058 40.6306 11
    endloop
  endfacet
  facet normal -0 0 1
    outer loop
      vertex 15.3347 41.0418 11
      vertex 15.653 40.3051 11
      vertex 16.4018 41.4063 11
    endloop
  endfacet
  facet normal 0 0 1
    outer loop
      vertex 15.3347 41.0418 11
      vertex 14.791 39.8494 11
      vertex 15.653 40.3051 11
    endloop
  endfacet
  facet normal -0 0 1
    outer loop
      vertex 14.3592 40.526 11
      vertex 14.791 39.8494 11
      vertex 15.3347 41.0418 11
    endloop
  endfacet
  facet normal 0 0 1
    outer loop
      vertex 14.3592 40.526 11
      vertex 14.02 39.2635 11
      vertex 14.791 39.8494 11
    endloop
  endfacet
  facet normal -0 0 1
    outer loop
      vertex 13.483 39.8602 11
      vertex 14.02 39.2635 11
      vertex 14.3592 40.526 11
    endloop
  endfacet
  facet normal 0 0 1
    outer loop
      vertex 13.483 39.8602 11
      vertex 13.3563 38.5582 11
      vertex 14.02 39.2635 11
    endloop
  endfacet
  facet normal -0 0 1
    outer loop
      vertex 12.7273 39.0572 11
      vertex 13.3563 38.5582 11
      vertex 13.483 39.8602 11
    endloop
  endfacet
  facet normal 0 0 1
    outer loop
      vertex 13.3563 38.5582 11
      vertex 12.7273 39.0572 11
      vertex 12.8159 37.7444 11
    endloop
  endfacet
  facet normal -0 0 1
    outer loop
      vertex 12.1136 38.133 11
      vertex 12.8159 37.7444 11
      vertex 12.7273 39.0572 11
    endloop
  endfacet
  facet normal 0 0 1
    outer loop
      vertex 12.8159 37.7444 11
      vertex 12.1136 38.133 11
      vertex 12.3989 36.8222 11
    endloop
  endfacet
  facet normal -0 0 1
    outer loop
      vertex 11.6457 37.098 11
      vertex 12.3989 36.8222 11
      vertex 12.1136 38.133 11
    endloop
  endfacet
  facet normal 0 0 1
    outer loop
      vertex 12.3989 36.8222 11
      vertex 11.6457 37.098 11
      vertex 12.1053 35.7913 11
    endloop
  endfacet
  facet normal -0 0 1
    outer loop
      vertex 11.3217 35.9608 11
      vertex 12.1053 35.7913 11
      vertex 11.6457 37.098 11
    endloop
  endfacet
  facet normal 0 0 1
    outer loop
      vertex 11.2532 35.5026 11
      vertex 12.1053 35.7913 11
      vertex 11.3217 35.9608 11
    endloop
  endfacet
  facet normal 0 0 1
    outer loop
      vertex 12.1053 35.7913 11
      vertex 11.2532 35.5026 11
      vertex 11.935 34.652 11
    endloop
  endfacet
  facet normal 0 0 1
    outer loop
      vertex 3.35939 36.0647 11
      vertex 11.935 34.652 11
      vertex 11.2532 35.5026 11
    endloop
  endfacet
  facet normal 0 0 1
    outer loop
      vertex 3.35939 36.0647 11
      vertex 2.40749 35.3305 11
      vertex 11.935 34.652 11
    endloop
  endfacet
  facet normal 0 0 1
    outer loop
      vertex 2.40749 35.3305 11
      vertex 3.35939 36.0647 11
      vertex 2.851 37.6917 11
    endloop
  endfacet
  facet normal -0 0 1
    outer loop
      vertex 25.2265 34.5845 11
      vertex 26.0281 34.58 11
      vertex 25.9563 35.8126 11
    endloop
  endfacet
  facet normal 0 0 1
    outer loop
      vertex 25.1607 35.7135 11
      vertex 25.9563 35.8126 11
      vertex 25.7375 36.9513 11
    endloop
  endfacet
  facet normal 0 0 1
    outer loop
      vertex 25.1438 33.3943 11
      vertex 26.0281 34.58 11
      vertex 25.2265 34.5845 11
    endloop
  endfacet
  facet normal 0 0 1
    outer loop
      vertex 24.9634 36.7407 11
      vertex 25.7375 36.9513 11
      vertex 25.3657 37.9977 11
    endloop
  endfacet
  facet normal 0 0 1
    outer loop
      vertex 26.0281 34.58 11
      vertex 25.1438 33.3943 11
      vertex 25.9375 33.2759 11
    endloop
  endfacet
  facet normal 0 0 1
    outer loop
      vertex 24.8955 32.3195 11
      vertex 25.9375 33.2759 11
      vertex 25.1438 33.3943 11
    endloop
  endfacet
  facet normal 0 0 1
    outer loop
      vertex 25.9375 33.2759 11
      vertex 24.8955 32.3195 11
      vertex 25.6588 32.0691 11
    endloop
  endfacet
  facet normal 0 0 1
    outer loop
      vertex 25.6588 32.0691 11
      vertex 24.8955 32.3195 11
      vertex 25.1856 30.9716 11
    endloop
  endfacet
  facet normal -0 0 1
    outer loop
      vertex 24.4818 31.3598 11
      vertex 25.1856 30.9716 11
      vertex 24.8955 32.3195 11
    endloop
  endfacet
  facet normal 0 0 1
    outer loop
      vertex 25.1856 30.9716 11
      vertex 24.4818 31.3598 11
      vertex 24.5181 29.9986 11
    endloop
  endfacet
  facet normal -0 0 1
    outer loop
      vertex 23.9026 30.5155 11
      vertex 24.5181 29.9986 11
      vertex 24.4818 31.3598 11
    endloop
  endfacet
  facet normal 0 0 1
    outer loop
      vertex 23.9026 30.5155 11
      vertex 23.6637 29.162 11
      vertex 24.5181 29.9986 11
    endloop
  endfacet
  facet normal -0 0 1
    outer loop
      vertex 23.158 29.7865 11
      vertex 23.6637 29.162 11
      vertex 23.9026 30.5155 11
    endloop
  endfacet
  facet normal 0 0 1
    outer loop
      vertex 23.158 29.7865 11
      vertex 22.6342 28.4777 11
      vertex 23.6637 29.162 11
    endloop
  endfacet
  facet normal -0 0 1
    outer loop
      vertex 22.2492 29.1824 11
      vertex 22.6342 28.4777 11
      vertex 23.158 29.7865 11
    endloop
  endfacet
  facet normal 0 0 1
    outer loop
      vertex 22.2492 29.1824 11
      vertex 21.4448 27.9561 11
      vertex 22.6342 28.4777 11
    endloop
  endfacet
  facet normal -0 0 1
    outer loop
      vertex 21.1777 28.7126 11
      vertex 21.4448 27.9561 11
      vertex 22.2492 29.1824 11
    endloop
  endfacet
  facet normal 0 0 1
    outer loop
      vertex 21.1777 28.7126 11
      vertex 20.1062 27.5921 11
      vertex 21.4448 27.9561 11
    endloop
  endfacet
  facet normal -0 0 1
    outer loop
      vertex 19.9436 28.377 11
      vertex 20.1062 27.5921 11
      vertex 21.1777 28.7126 11
    endloop
  endfacet
  facet normal 0 0 1
    outer loop
      vertex 19.9436 28.377 11
      vertex 18.6211 27.3781 11
      vertex 20.1062 27.5921 11
    endloop
  endfacet
  facet normal -0 0 1
    outer loop
      vertex 18.5466 28.1756 11
      vertex 18.6211 27.3781 11
      vertex 19.9436 28.377 11
    endloop
  endfacet
  facet normal 0 0 1
    outer loop
      vertex 18.5466 28.1756 11
      vertex 17.0042 27.3085 11
      vertex 18.6211 27.3781 11
    endloop
  endfacet
  facet normal -0 0 1
    outer loop
      vertex 16.987 28.1085 11
      vertex 17.0042 27.3085 11
      vertex 18.5466 28.1756 11
    endloop
  endfacet
  facet normal 0 0 1
    outer loop
      vertex 16.987 28.1085 11
      vertex 14.6675 27.3085 11
      vertex 17.0042 27.3085 11
    endloop
  endfacet
  facet normal 0 0 1
    outer loop
      vertex 14.6675 27.3085 11
      vertex 13.8675 28.1085 11
      vertex 14.6675 21.2115 11
    endloop
  endfacet
  facet normal -0 0 1
    outer loop
      vertex 13.8675 28.1085 11
      vertex 14.6675 27.3085 11
      vertex 16.987 28.1085 11
    endloop
  endfacet
  facet normal -0 0 1
    outer loop
      vertex 26.2528 15.0491 11
      vertex 27.1467 13.8414 11
      vertex 27.0453 15.1783 11
    endloop
  endfacet
  facet normal 0 0 1
    outer loop
      vertex 27.1467 13.8414 11
      vertex 26.345 13.834 11
      vertex 27.0647 12.4098 11
    endloop
  endfacet
  facet normal -0 0 1
    outer loop
      vertex 25.9761 16.1449 11
      vertex 27.0453 15.1783 11
      vertex 26.7327 16.4161 11
    endloop
  endfacet
  facet normal -0 0 1
    outer loop
      vertex 26.269 12.5089 11
      vertex 27.0647 12.4098 11
      vertex 26.345 13.834 11
    endloop
  endfacet
  facet normal 0 0 1
    outer loop
      vertex 26.0412 11.3275 11
      vertex 27.0647 12.4098 11
      vertex 26.269 12.5089 11
    endloop
  endfacet
  facet normal 0 0 1
    outer loop
      vertex 27.1467 13.8414 11
      vertex 26.2528 15.0491 11
      vertex 26.345 13.834 11
    endloop
  endfacet
  facet normal 0 0 1
    outer loop
      vertex 25.9761 16.1449 11
      vertex 26.7327 16.4161 11
      vertex 26.2034 17.5371 11
    endloop
  endfacet
  facet normal 0 0 1
    outer loop
      vertex 27.0453 15.1783 11
      vertex 25.9761 16.1449 11
      vertex 26.2528 15.0491 11
    endloop
  endfacet
  facet normal 0 0 1
    outer loop
      vertex 26.2034 17.5371 11
      vertex 25.515 17.1213 11
      vertex 25.9761 16.1449 11
    endloop
  endfacet
  facet normal 0 0 1
    outer loop
      vertex 25.4605 18.5233 11
      vertex 25.515 17.1213 11
      vertex 26.2034 17.5371 11
    endloop
  endfacet
  facet normal 0 0 1
    outer loop
      vertex 25.4605 18.5233 11
      vertex 24.8695 17.9783 11
      vertex 25.515 17.1213 11
    endloop
  endfacet
  facet normal 0 0 1
    outer loop
      vertex 24.5159 19.3629 11
      vertex 24.8695 17.9783 11
      vertex 25.4605 18.5233 11
    endloop
  endfacet
  facet normal 0 0 1
    outer loop
      vertex 24.5159 19.3629 11
      vertex 24.0395 18.716 11
      vertex 24.8695 17.9783 11
    endloop
  endfacet
  facet normal 0 0 1
    outer loop
      vertex 23.3849 20.0452 11
      vertex 24.0395 18.716 11
      vertex 24.5159 19.3629 11
    endloop
  endfacet
  facet normal 0 0 1
    outer loop
      vertex 23.3849 20.0452 11
      vertex 23.0278 19.3264 11
      vertex 24.0395 18.716 11
    endloop
  endfacet
  facet normal 0 0 1
    outer loop
      vertex 22.0824 20.5645 11
      vertex 23.0278 19.3264 11
      vertex 23.3849 20.0452 11
    endloop
  endfacet
  facet normal 0 0 1
    outer loop
      vertex 22.0824 20.5645 11
      vertex 21.837 19.8011 11
      vertex 23.0278 19.3264 11
    endloop
  endfacet
  facet normal 0 0 1
    outer loop
      vertex 20.6159 20.9276 11
      vertex 21.837 19.8011 11
      vertex 22.0824 20.5645 11
    endloop
  endfacet
  facet normal 0 0 1
    outer loop
      vertex 20.6159 20.9276 11
      vertex 20.4672 20.1402 11
      vertex 21.837 19.8011 11
    endloop
  endfacet
  facet normal 0 0 1
    outer loop
      vertex 18.9863 21.1416 11
      vertex 20.4672 20.1402 11
      vertex 20.6159 20.9276 11
    endloop
  endfacet
  facet normal 0 0 1
    outer loop
      vertex 18.9863 21.1416 11
      vertex 18.9184 20.3437 11
      vertex 20.4672 20.1402 11
    endloop
  endfacet
  facet normal 0 0 1
    outer loop
      vertex 17.2062 21.2115 11
      vertex 18.9184 20.3437 11
      vertex 18.9863 21.1416 11
    endloop
  endfacet
  facet normal 0 0 1
    outer loop
      vertex 17.2062 21.2115 11
      vertex 17.1905 20.4115 11
      vertex 18.9184 20.3437 11
    endloop
  endfacet
  facet normal -0 0 1
    outer loop
      vertex 14.6675 21.2115 11
      vertex 17.1905 20.4115 11
      vertex 17.2062 21.2115 11
    endloop
  endfacet
  facet normal 0 0 1
    outer loop
      vertex 14.6675 21.2115 11
      vertex 13.8675 20.4115 11
      vertex 17.1905 20.4115 11
    endloop
  endfacet
  facet normal 0 0 1
    outer loop
      vertex 13.8675 20.4115 11
      vertex 14.6675 21.2115 11
      vertex 13.8675 28.1085 11
    endloop
  endfacet
  facet normal 0 0 1
    outer loop
      vertex 27.0647 12.4098 11
      vertex 26.0412 11.3275 11
      vertex 26.8145 11.1129 11
    endloop
  endfacet
  facet normal 0 0 1
    outer loop
      vertex 25.6613 10.2899 11
      vertex 26.8145 11.1129 11
      vertex 26.0412 11.3275 11
    endloop
  endfacet
  facet normal 0 0 1
    outer loop
      vertex 26.8145 11.1129 11
      vertex 25.6613 10.2899 11
      vertex 26.387 9.94496 11
    endloop
  endfacet
  facet normal 0 0 1
    outer loop
      vertex 26.387 9.94496 11
      vertex 25.6613 10.2899 11
      vertex 25.7757 8.91724 11
    endloop
  endfacet
  facet normal -0 0 1
    outer loop
      vertex 25.1296 9.39607 11
      vertex 25.7757 8.91724 11
      vertex 25.6613 10.2899 11
    endloop
  endfacet
  facet normal 0 0 1
    outer loop
      vertex 25.1296 9.39607 11
      vertex 24.9853 8.05009 11
      vertex 25.7757 8.91724 11
    endloop
  endfacet
  facet normal -0 0 1
    outer loop
      vertex 24.446 8.646 11
      vertex 24.9853 8.05009 11
      vertex 25.1296 9.39607 11
    endloop
  endfacet
  facet normal 0 0 1
    outer loop
      vertex 24.446 8.646 11
      vertex 24.0473 7.35248 11
      vertex 24.9853 8.05009 11
    endloop
  endfacet
  facet normal -0 0 1
    outer loop
      vertex 23.6255 8.0358 11
      vertex 24.0473 7.35248 11
      vertex 24.446 8.646 11
    endloop
  endfacet
  facet normal 0 0 1
    outer loop
      vertex 23.6255 8.0358 11
      vertex 22.9862 6.81815 11
      vertex 24.0473 7.35248 11
    endloop
  endfacet
  facet normal -0 0 1
    outer loop
      vertex 22.683 7.56119 11
      vertex 22.9862 6.81815 11
      vertex 23.6255 8.0358 11
    endloop
  endfacet
  facet normal 0 0 1
    outer loop
      vertex 22.683 7.56119 11
      vertex 21.8083 6.44307 11
      vertex 22.9862 6.81815 11
    endloop
  endfacet
  facet normal -0 0 1
    outer loop
      vertex 21.6184 7.2222 11
      vertex 21.8083 6.44307 11
      vertex 22.683 7.56119 11
    endloop
  endfacet
  facet normal 0 0 1
    outer loop
      vertex 21.6184 7.2222 11
      vertex 20.5203 6.22232 11
      vertex 21.8083 6.44307 11
    endloop
  endfacet
  facet normal -0 0 1
    outer loop
      vertex 20.4317 7.0188 11
      vertex 20.5203 6.22232 11
      vertex 21.6184 7.2222 11
    endloop
  endfacet
  facet normal -0 0 1
    outer loop
      vertex 19.123 6.95099 11
      vertex 20.5203 6.22232 11
      vertex 20.4317 7.0188 11
    endloop
  endfacet
  facet normal 0 0 1
    outer loop
      vertex 19.123 6.95099 11
      vertex 19.1002 6.14874 11
      vertex 20.5203 6.22232 11
    endloop
  endfacet
  facet normal 0 0 1
    outer loop
      vertex 16.5964 7.22632 11
      vertex 19.1002 6.14874 11
      vertex 19.123 6.95099 11
    endloop
  endfacet
  facet normal 0 0 1
    outer loop
      vertex 16.5964 7.22632 11
      vertex 16.3997 6.44302 11
      vertex 19.1002 6.14874 11
    endloop
  endfacet
  facet normal 0 0 1
    outer loop
      vertex 14.55 8.05228 11
      vertex 16.3997 6.44302 11
      vertex 16.5964 7.22632 11
    endloop
  endfacet
  facet normal 0 0 1
    outer loop
      vertex 14.55 8.05228 11
      vertex 14.1242 7.36142 11
      vertex 16.3997 6.44302 11
    endloop
  endfacet
  facet normal 0 0 1
    outer loop
      vertex 12.9836 9.42888 11
      vertex 14.1242 7.36142 11
      vertex 14.55 8.05228 11
    endloop
  endfacet
  facet normal 0 0 1
    outer loop
      vertex 12.9836 9.42888 11
      vertex 12.3534 8.91766 11
      vertex 14.1242 7.36142 11
    endloop
  endfacet
  facet normal -0 0 1
    outer loop
      vertex 11.1463 11.0591 11
      vertex 12.9836 9.42888 11
      vertex 11.8972 11.3561 11
    endloop
  endfacet
  facet normal -0 0 1
    outer loop
      vertex 10.677 12.9773 11
      vertex 11.8972 11.3561 11
      vertex 11.291 13.834 11
    endloop
  endfacet
  facet normal 0 0 1
    outer loop
      vertex 12.9836 9.42888 11
      vertex 11.1463 11.0591 11
      vertex 12.3534 8.91766 11
    endloop
  endfacet
  facet normal 0 0 1
    outer loop
      vertex 11.8972 11.3561 11
      vertex 10.677 12.9773 11
      vertex 11.1463 11.0591 11
    endloop
  endfacet
  facet normal 0 0 1
    outer loop
      vertex 11.291 13.834 11
      vertex 2.53746 12.2655 11
      vertex 10.677 12.9773 11
    endloop
  endfacet
  facet normal 0 0 1
    outer loop
      vertex 2.53746 12.2655 11
      vertex 1.59349 12.986 11
      vertex 2.05603 10.4396 11
    endloop
  endfacet
  facet normal -0 0 1
    outer loop
      vertex 1.59349 12.986 11
      vertex 2.53746 12.2655 11
      vertex 11.291 13.834 11
    endloop
  endfacet
  facet normal -0 0 1
    outer loop
      vertex 86.9055 28.471 11
      vertex 87.9651 24.243 11
      vertex 87.7006 28.5755 11
    endloop
  endfacet
  facet normal 0 0 1
    outer loop
      vertex 87.9651 24.243 11
      vertex 87.1641 24.2347 11
      vertex 87.8492 21.3616 11
    endloop
  endfacet
  facet normal -0 0 1
    outer loop
      vertex 87.0512 21.4284 11
      vertex 87.8492 21.3616 11
      vertex 87.1641 24.2347 11
    endloop
  endfacet
  facet normal -0 0 1
    outer loop
      vertex 86.1361 32.2635 11
      vertex 87.7006 28.5755 11
      vertex 86.9072 32.4862 11
    endloop
  endfacet
  facet normal 0 0 1
    outer loop
      vertex 87.9651 24.243 11
      vertex 86.9055 28.471 11
      vertex 87.1641 24.2347 11
    endloop
  endfacet
  facet normal 0 0 1
    outer loop
      vertex 87.7006 28.5755 11
      vertex 86.1361 32.2635 11
      vertex 86.9055 28.471 11
    endloop
  endfacet
  facet normal 0 0 1
    outer loop
      vertex 85.5848 35.9751 11
      vertex 86.1361 32.2635 11
      vertex 86.9072 32.4862 11
    endloop
  endfacet
  facet normal 0 0 1
    outer loop
      vertex 85.5848 35.9751 11
      vertex 84.8624 35.6237 11
      vertex 86.1361 32.2635 11
    endloop
  endfacet
  facet normal 0 0 1
    outer loop
      vertex 83.7334 39.0422 11
      vertex 84.8624 35.6237 11
      vertex 85.5848 35.9751 11
    endloop
  endfacet
  facet normal 0 0 1
    outer loop
      vertex 83.7334 39.0422 11
      vertex 83.0878 38.5636 11
      vertex 84.8624 35.6237 11
    endloop
  endfacet
  facet normal 0 0 1
    outer loop
      vertex 81.3531 41.6875 11
      vertex 83.0878 38.5636 11
      vertex 83.7334 39.0422 11
    endloop
  endfacet
  facet normal 0 0 1
    outer loop
      vertex 81.3531 41.6875 11
      vertex 80.808 41.0972 11
      vertex 83.0878 38.5636 11
    endloop
  endfacet
  facet normal 0 0 1
    outer loop
      vertex 78.4901 43.8786 11
      vertex 80.808 41.0972 11
      vertex 81.3531 41.6875 11
    endloop
  endfacet
  facet normal 0 0 1
    outer loop
      vertex 78.4901 43.8786 11
      vertex 78.0602 43.2003 11
      vertex 80.808 41.0972 11
    endloop
  endfacet
  facet normal 0 0 1
    outer loop
      vertex 75.1905 45.5829 11
      vertex 78.0602 43.2003 11
      vertex 78.4901 43.8786 11
    endloop
  endfacet
  facet normal 0 0 1
    outer loop
      vertex 75.1905 45.5829 11
      vertex 74.881 44.8423 11
      vertex 78.0602 43.2003 11
    endloop
  endfacet
  facet normal 0 0 1
    outer loop
      vertex 71.4541 46.8002 11
      vertex 74.881 44.8423 11
      vertex 75.1905 45.5829 11
    endloop
  endfacet
  facet normal 0 0 1
    outer loop
      vertex 71.4541 46.8002 11
      vertex 71.2602 46.0219 11
      vertex 74.881 44.8423 11
    endloop
  endfacet
  facet normal 0 0 1
    outer loop
      vertex 67.2809 47.5305 11
      vertex 71.2602 46.0219 11
      vertex 71.4541 46.8002 11
    endloop
  endfacet
  facet normal 0 0 1
    outer loop
      vertex 67.2809 47.5305 11
      vertex 67.1906 46.7342 11
      vertex 71.2602 46.0219 11
    endloop
  endfacet
  facet normal 0 0 1
    outer loop
      vertex 62.6711 47.774 11
      vertex 67.1906 46.7342 11
      vertex 67.2809 47.5305 11
    endloop
  endfacet
  facet normal 0 0 1
    outer loop
      vertex 62.6711 47.774 11
      vertex 62.65 46.974 11
      vertex 67.1906 46.7342 11
    endloop
  endfacet
  facet normal 0 0 1
    outer loop
      vertex 62.6711 47.774 11
      vertex 46.1786 46.974 11
      vertex 62.65 46.974 11
    endloop
  endfacet
  facet normal 0 0 1
    outer loop
      vertex 46.1786 46.974 11
      vertex 45.3786 47.774 11
      vertex 46.1786 0.800003 11
    endloop
  endfacet
  facet normal -0 0 1
    outer loop
      vertex 45.3786 47.774 11
      vertex 46.1786 46.974 11
      vertex 62.6711 47.774 11
    endloop
  endfacet
  facet normal 0 0 1
    outer loop
      vertex 87.8492 21.3616 11
      vertex 87.0512 21.4284 11
      vertex 87.5013 18.6308 11
    endloop
  endfacet
  facet normal -0 0 1
    outer loop
      vertex 86.7125 18.7694 11
      vertex 87.5013 18.6308 11
      vertex 87.0512 21.4284 11
    endloop
  endfacet
  facet normal 0 0 1
    outer loop
      vertex 87.5013 18.6308 11
      vertex 86.7125 18.7694 11
      vertex 86.9215 16.0505 11
    endloop
  endfacet
  facet normal -0 0 1
    outer loop
      vertex 86.1498 16.2656 11
      vertex 86.9215 16.0505 11
      vertex 86.7125 18.7694 11
    endloop
  endfacet
  facet normal 0 0 1
    outer loop
      vertex 86.1498 16.2656 11
      vertex 86.1097 13.6208 11
      vertex 86.9215 16.0505 11
    endloop
  endfacet
  facet normal -0 0 1
    outer loop
      vertex 85.3645 13.9149 11
      vertex 86.1097 13.6208 11
      vertex 86.1498 16.2656 11
    endloop
  endfacet
  facet normal 0 0 1
    outer loop
      vertex 85.3645 13.9149 11
      vertex 85.0661 11.3415 11
      vertex 86.1097 13.6208 11
    endloop
  endfacet
  facet normal -0 0 1
    outer loop
      vertex 84.357 11.7144 11
      vertex 85.0661 11.3415 11
      vertex 85.3645 13.9149 11
    endloop
  endfacet
  facet normal 0 0 1
    outer loop
      vertex 84.357 11.7144 11
      vertex 83.8102 9.24144 11
      vertex 85.0661 11.3415 11
    endloop
  endfacet
  facet normal -0 0 1
    outer loop
      vertex 83.1471 9.69135 11
      vertex 83.8102 9.24144 11
      vertex 84.357 11.7144 11
    endloop
  endfacet
  facet normal 0 0 1
    outer loop
      vertex 83.1471 9.69135 11
      vertex 82.3617 7.34885 11
      vertex 83.8102 9.24144 11
    endloop
  endfacet
  facet normal -0 0 1
    outer loop
      vertex 81.7554 7.87289 11
      vertex 82.3617 7.34885 11
      vertex 83.1471 9.69135 11
    endloop
  endfacet
  facet normal 0 0 1
    outer loop
      vertex 81.7554 7.87289 11
      vertex 80.7206 5.66376 11
      vertex 82.3617 7.34885 11
    endloop
  endfacet
  facet normal -0 0 1
    outer loop
      vertex 80.1812 6.25647 11
      vertex 80.7206 5.66376 11
      vertex 81.7554 7.87289 11
    endloop
  endfacet
  facet normal 0 0 1
    outer loop
      vertex 80.1812 6.25647 11
      vertex 78.8869 4.18613 11
      vertex 80.7206 5.66376 11
    endloop
  endfacet
  facet normal -0 0 1
    outer loop
      vertex 78.4218 4.83879 11
      vertex 78.8869 4.18613 11
      vertex 80.1812 6.25647 11
    endloop
  endfacet
  facet normal 0 0 1
    outer loop
      vertex 78.4218 4.83879 11
      vertex 76.8606 2.91599 11
      vertex 78.8869 4.18613 11
    endloop
  endfacet
  facet normal -0 0 1
    outer loop
      vertex 76.4736 3.6176 11
      vertex 76.8606 2.91599 11
      vertex 78.4218 4.83879 11
    endloop
  endfacet
  facet normal 0 0 1
    outer loop
      vertex 76.4736 3.6176 11
      vertex 74.6765 1.86623 11
      vertex 76.8606 2.91599 11
    endloop
  endfacet
  facet normal -0 0 1
    outer loop
      vertex 74.3689 2.60599 11
      vertex 74.6765 1.86623 11
      vertex 76.4736 3.6176 11
    endloop
  endfacet
  facet normal 0 0 1
    outer loop
      vertex 74.3689 2.60599 11
      vertex 72.3689 1.04976 11
      vertex 74.6765 1.86623 11
    endloop
  endfacet
  facet normal -0 0 1
    outer loop
      vertex 72.1415 1.8179 11
      vertex 72.3689 1.04976 11
      vertex 74.3689 2.60599 11
    endloop
  endfacet
  facet normal 0 0 1
    outer loop
      vertex 72.1415 1.8179 11
      vertex 69.9377 0.466553 11
      vertex 72.3689 1.04976 11
    endloop
  endfacet
  facet normal -0 0 1
    outer loop
      vertex 69.7899 1.25377 11
      vertex 69.9377 0.466553 11
      vertex 72.1415 1.8179 11
    endloop
  endfacet
  facet normal 0 0 1
    outer loop
      vertex 69.7899 1.25377 11
      vertex 67.3832 0.116638 11
      vertex 69.9377 0.466553 11
    endloop
  endfacet
  facet normal -0 0 1
    outer loop
      vertex 67.3113 0.914261 11
      vertex 67.3832 0.116638 11
      vertex 69.7899 1.25377 11
    endloop
  endfacet
  facet normal 0 0 1
    outer loop
      vertex 67.3113 0.914261 11
      vertex 64.7051 0 11
      vertex 67.3832 0.116638 11
    endloop
  endfacet
  facet normal -0 0 1
    outer loop
      vertex 64.6878 0.800003 11
      vertex 64.7051 0 11
      vertex 67.3113 0.914261 11
    endloop
  endfacet
  facet normal -0 0 1
    outer loop
      vertex 46.1786 0.800003 11
      vertex 64.7051 0 11
      vertex 64.6878 0.800003 11
    endloop
  endfacet
  facet normal 0 0 1
    outer loop
      vertex 46.1786 0.800003 11
      vertex 45.3786 0 11
      vertex 64.7051 0 11
    endloop
  endfacet
  facet normal 0 0 1
    outer loop
      vertex 45.3786 0 11
      vertex 46.1786 0.800003 11
      vertex 45.3786 47.774 11
    endloop
  endfacet
  facet normal 0 0 1
    outer loop
      vertex 78.5311 27.2695 11
      vertex 77.7351 27.1758 11
      vertex 77.8951 24.243 11
    endloop
  endfacet
  facet normal 0 0 1
    outer loop
      vertex 78.5311 27.2695 11
      vertex 77.2549 29.8171 11
      vertex 77.7351 27.1758 11
    endloop
  endfacet
  facet normal -0 0 1
    outer loop
      vertex 76.4547 32.1668 11
      vertex 78.0314 30.0187 11
      vertex 77.19 32.4893 11
    endloop
  endfacet
  facet normal 0 0 1
    outer loop
      vertex 78.0314 30.0187 11
      vertex 76.4547 32.1668 11
      vertex 77.2549 29.8171 11
    endloop
  endfacet
  facet normal 0 0 1
    outer loop
      vertex 76.0015 34.6728 11
      vertex 76.4547 32.1668 11
      vertex 77.19 32.4893 11
    endloop
  endfacet
  facet normal 0 0 1
    outer loop
      vertex 76.0015 34.6728 11
      vertex 75.3345 34.2249 11
      vertex 76.4547 32.1668 11
    endloop
  endfacet
  facet normal 0 0 1
    outer loop
      vertex 74.4664 36.5556 11
      vertex 75.3345 34.2249 11
      vertex 76.0015 34.6728 11
    endloop
  endfacet
  facet normal 0 0 1
    outer loop
      vertex 74.4664 36.5556 11
      vertex 73.8941 35.9915 11
      vertex 75.3345 34.2249 11
    endloop
  endfacet
  facet normal 0 0 1
    outer loop
      vertex 72.6143 38.1106 11
      vertex 73.8941 35.9915 11
      vertex 74.4664 36.5556 11
    endloop
  endfacet
  facet normal 0 0 1
    outer loop
      vertex 72.6143 38.1106 11
      vertex 72.1567 37.4502 11
      vertex 73.8941 35.9915 11
    endloop
  endfacet
  facet normal 0 0 1
    outer loop
      vertex 70.4781 39.3156 11
      vertex 72.1567 37.4502 11
      vertex 72.6143 38.1106 11
    endloop
  endfacet
  facet normal 0 0 1
    outer loop
      vertex 70.4781 39.3156 11
      vertex 70.1454 38.5848 11
      vertex 72.1567 37.4502 11
    endloop
  endfacet
  facet normal 0 0 1
    outer loop
      vertex 68.0697 40.1697 11
      vertex 70.1454 38.5848 11
      vertex 70.4781 39.3156 11
    endloop
  endfacet
  facet normal 0 0 1
    outer loop
      vertex 68.0697 40.1697 11
      vertex 67.8601 39.3952 11
      vertex 70.1454 38.5848 11
    endloop
  endfacet
  facet normal 0 0 1
    outer loop
      vertex 65.3987 40.6771 11
      vertex 67.8601 39.3952 11
      vertex 68.0697 40.1697 11
    endloop
  endfacet
  facet normal 0 0 1
    outer loop
      vertex 65.3987 40.6771 11
      vertex 65.3008 39.8814 11
      vertex 67.8601 39.3952 11
    endloop
  endfacet
  facet normal 0 0 1
    outer loop
      vertex 62.4905 40.8435 11
      vertex 65.3008 39.8814 11
      vertex 65.3987 40.6771 11
    endloop
  endfacet
  facet normal 0 0 1
    outer loop
      vertex 62.4905 40.8435 11
      vertex 62.4676 40.0435 11
      vertex 65.3008 39.8814 11
    endloop
  endfacet
  facet normal 0 0 1
    outer loop
      vertex 62.4905 40.8435 11
      vertex 55.3811 40.0435 11
      vertex 62.4676 40.0435 11
    endloop
  endfacet
  facet normal 0 0 1
    outer loop
      vertex 55.3811 40.0435 11
      vertex 54.5811 40.8435 11
      vertex 55.3811 7.7305 11
    endloop
  endfacet
  facet normal -0 0 1
    outer loop
      vertex 54.5811 40.8435 11
      vertex 55.3811 40.0435 11
      vertex 62.4905 40.8435 11
    endloop
  endfacet
  facet normal 0 0 1
    outer loop
      vertex 77.8951 24.243 11
      vertex 78.6962 24.244 11
      vertex 78.5311 27.2695 11
    endloop
  endfacet
  facet normal 0 0 1
    outer loop
      vertex 78.6962 24.244 11
      vertex 77.8951 24.243 11
      vertex 78.5397 21.2305 11
    endloop
  endfacet
  facet normal -0 0 1
    outer loop
      vertex 77.2549 29.8171 11
      vertex 78.5311 27.2695 11
      vertex 78.0314 30.0187 11
    endloop
  endfacet
  facet normal -0 0 1
    outer loop
      vertex 77.7432 21.3189 11
      vertex 78.5397 21.2305 11
      vertex 77.8951 24.243 11
    endloop
  endfacet
  facet normal 0 0 1
    outer loop
      vertex 78.5397 21.2305 11
      vertex 77.7432 21.3189 11
      vertex 78.0669 18.4615 11
    endloop
  endfacet
  facet normal -0 0 1
    outer loop
      vertex 77.2875 18.6497 11
      vertex 78.0669 18.4615 11
      vertex 77.7432 21.3189 11
    endloop
  endfacet
  facet normal 0 0 1
    outer loop
      vertex 77.2875 18.6497 11
      vertex 77.2728 15.937 11
      vertex 78.0669 18.4615 11
    endloop
  endfacet
  facet normal -0 0 1
    outer loop
      vertex 76.528 16.2355 11
      vertex 77.2728 15.937 11
      vertex 77.2875 18.6497 11
    endloop
  endfacet
  facet normal 0 0 1
    outer loop
      vertex 76.528 16.2355 11
      vertex 76.1532 13.6635 11
      vertex 77.2728 15.937 11
    endloop
  endfacet
  facet normal -0 0 1
    outer loop
      vertex 75.4647 14.0763 11
      vertex 76.1532 13.6635 11
      vertex 76.528 16.2355 11
    endloop
  endfacet
  facet normal 0 0 1
    outer loop
      vertex 75.4647 14.0763 11
      vertex 74.7076 11.6498 11
      vertex 76.1532 13.6635 11
    endloop
  endfacet
  facet normal -0 0 1
    outer loop
      vertex 74.0976 12.172 11
      vertex 74.7076 11.6498 11
      vertex 75.4647 14.0763 11
    endloop
  endfacet
  facet normal 0 0 1
    outer loop
      vertex 74.0976 12.172 11
      vertex 72.9819 9.95161 11
      vertex 74.7076 11.6498 11
    endloop
  endfacet
  facet normal -0 0 1
    outer loop
      vertex 72.4728 10.5731 11
      vertex 72.9819 9.95161 11
      vertex 74.0976 12.172 11
    endloop
  endfacet
  facet normal 0 0 1
    outer loop
      vertex 72.4728 10.5731 11
      vertex 71.0232 8.6252 11
      vertex 72.9819 9.95161 11
    endloop
  endfacet
  facet normal -0 0 1
    outer loop
      vertex 70.6364 9.32944 11
      vertex 71.0232 8.6252 11
      vertex 72.4728 10.5731 11
    endloop
  endfacet
  facet normal 0 0 1
    outer loop
      vertex 70.6364 9.32944 11
      vertex 68.8414 7.67885 11
      vertex 71.0232 8.6252 11
    endloop
  endfacet
  facet normal -0 0 1
    outer loop
      vertex 68.5884 8.44113 11
      vertex 68.8414 7.67885 11
      vertex 70.6364 9.32944 11
    endloop
  endfacet
  facet normal 0 0 1
    outer loop
      vertex 68.5884 8.44113 11
      vertex 66.4501 7.11481 11
      vertex 68.8414 7.67885 11
    endloop
  endfacet
  facet normal -0 0 1
    outer loop
      vertex 66.3288 7.90816 11
      vertex 66.4501 7.11481 11
      vertex 68.5884 8.44113 11
    endloop
  endfacet
  facet normal 0 0 1
    outer loop
      vertex 66.3288 7.90816 11
      vertex 63.8863 6.9305 11
      vertex 66.4501 7.11481 11
    endloop
  endfacet
  facet normal -0 0 1
    outer loop
      vertex 63.8576 7.7305 11
      vertex 63.8863 6.9305 11
      vertex 66.3288 7.90816 11
    endloop
  endfacet
  facet normal -0 0 1
    outer loop
      vertex 55.3811 7.7305 11
      vertex 63.8863 6.9305 11
      vertex 63.8576 7.7305 11
    endloop
  endfacet
  facet normal 0 0 1
    outer loop
      vertex 55.3811 7.7305 11
      vertex 54.5811 6.9305 11
      vertex 63.8863 6.9305 11
    endloop
  endfacet
  facet normal 0 0 1
    outer loop
      vertex 54.5811 6.9305 11
      vertex 55.3811 7.7305 11
      vertex 54.5811 40.8435 11
    endloop
  endfacet
  facet normal -0.154645 0.98797 0
    outer loop
      vertex 25.0702 -0.194077 11
      vertex 22.2628 -0.633514 12
      vertex 25.0702 -0.194077 12
    endloop
  endfacet
  facet normal -0.154645 0.98797 0
    outer loop
      vertex 22.2628 -0.633514 12
      vertex 25.0702 -0.194077 11
      vertex 22.2628 -0.633514 11
    endloop
  endfacet
  facet normal -0.280212 0.959938 0
    outer loop
      vertex 27.5792 0.538315 11
      vertex 25.0702 -0.194077 12
      vertex 27.5792 0.538315 12
    endloop
  endfacet
  facet normal -0.280212 0.959938 0
    outer loop
      vertex 25.0702 -0.194077 12
      vertex 27.5792 0.538315 11
      vertex 25.0702 -0.194077 11
    endloop
  endfacet
  facet normal -0.420775 0.907165 0
    outer loop
      vertex 29.7898 1.56367 11
      vertex 27.5792 0.538315 12
      vertex 29.7898 1.56367 12
    endloop
  endfacet
  facet normal -0.420775 0.907165 0
    outer loop
      vertex 27.5792 0.538315 12
      vertex 29.7898 1.56367 11
      vertex 27.5792 0.538315 11
    endloop
  endfacet
  facet normal -0.567605 0.823301 0
    outer loop
      vertex 31.702 2.88199 11
      vertex 29.7898 1.56367 12
      vertex 31.702 2.88199 12
    endloop
  endfacet
  facet normal -0.567605 0.823301 0
    outer loop
      vertex 29.7898 1.56367 12
      vertex 31.702 2.88199 11
      vertex 29.7898 1.56367 11
    endloop
  endfacet
  facet normal -0.7071 0.707113 0
    outer loop
      vertex 33.2889 4.46886 11
      vertex 31.702 2.88199 12
      vertex 33.2889 4.46886 12
    endloop
  endfacet
  facet normal -0.7071 0.707113 0
    outer loop
      vertex 31.702 2.88199 12
      vertex 33.2889 4.46886 11
      vertex 31.702 2.88199 11
    endloop
  endfacet
  facet normal -0.829208 0.55894 0
    outer loop
      vertex 33.2889 4.46886 11
      vertex 34.5231 6.29984 12
      vertex 34.5231 6.29984 11
    endloop
  endfacet
  facet normal -0.829208 0.55894 0
    outer loop
      vertex 34.5231 6.29984 12
      vertex 33.2889 4.46886 11
      vertex 33.2889 4.46886 12
    endloop
  endfacet
  facet normal -0.920382 0.391021 0
    outer loop
      vertex 34.5231 6.29984 11
      vertex 35.4047 8.37494 12
      vertex 35.4047 8.37494 11
    endloop
  endfacet
  facet normal -0.920382 0.391021 0
    outer loop
      vertex 35.4047 8.37494 12
      vertex 34.5231 6.29984 11
      vertex 34.5231 6.29984 12
    endloop
  endfacet
  facet normal -0.97496 0.222379 0
    outer loop
      vertex 35.4047 8.37494 11
      vertex 35.9337 10.6942 12
      vertex 35.9337 10.6942 11
    endloop
  endfacet
  facet normal -0.97496 0.222379 0
    outer loop
      vertex 35.9337 10.6942 12
      vertex 35.4047 8.37494 11
      vertex 35.4047 8.37494 12
    endloop
  endfacet
  facet normal -0.997643 0.0686164 0
    outer loop
      vertex 35.9337 10.6942 11
      vertex 36.11 13.2575 12
      vertex 36.11 13.2575 11
    endloop
  endfacet
  facet normal -0.997643 0.0686164 0
    outer loop
      vertex 36.11 13.2575 12
      vertex 35.9337 10.6942 11
      vertex 35.9337 10.6942 12
    endloop
  endfacet
  facet normal -0.99778 -0.0665898 0
    outer loop
      vertex 36.11 13.2575 11
      vertex 35.9913 15.0361 12
      vertex 35.9913 15.0361 11
    endloop
  endfacet
  facet normal -0.99778 -0.0665898 0
    outer loop
      vertex 35.9913 15.0361 12
      vertex 36.11 13.2575 11
      vertex 36.11 13.2575 12
    endloop
  endfacet
  facet normal -0.97743 -0.211259 0
    outer loop
      vertex 35.9913 15.0361 11
      vertex 35.6353 16.6832 12
      vertex 35.6353 16.6832 11
    endloop
  endfacet
  facet normal -0.97743 -0.211259 0
    outer loop
      vertex 35.6353 16.6832 12
      vertex 35.9913 15.0361 11
      vertex 35.9913 15.0361 12
    endloop
  endfacet
  facet normal -0.931164 -0.364601 0
    outer loop
      vertex 35.6353 16.6832 11
      vertex 35.0419 18.1987 12
      vertex 35.0419 18.1987 11
    endloop
  endfacet
  facet normal -0.931164 -0.364601 0
    outer loop
      vertex 35.0419 18.1987 12
      vertex 35.6353 16.6832 11
      vertex 35.6353 16.6832 12
    endloop
  endfacet
  facet normal -0.857367 -0.514705 0
    outer loop
      vertex 35.0419 18.1987 11
      vertex 34.2111 19.5826 12
      vertex 34.2111 19.5826 11
    endloop
  endfacet
  facet normal -0.857367 -0.514705 0
    outer loop
      vertex 34.2111 19.5826 12
      vertex 35.0419 18.1987 11
      vertex 35.0419 18.1987 12
    endloop
  endfacet
  facet normal -0.760871 -0.648903 0
    outer loop
      vertex 34.2111 19.5826 11
      vertex 33.143 20.835 12
      vertex 33.143 20.835 11
    endloop
  endfacet
  facet normal -0.760871 -0.648903 0
    outer loop
      vertex 33.143 20.835 12
      vertex 34.2111 19.5826 11
      vertex 34.2111 19.5826 12
    endloop
  endfacet
  facet normal -0.647427 -0.762128 0
    outer loop
      vertex 31.8553 21.9289 11
      vertex 33.143 20.835 12
      vertex 31.8553 21.9289 12
    endloop
  endfacet
  facet normal -0.647427 -0.762128 -0
    outer loop
      vertex 33.143 20.835 12
      vertex 31.8553 21.9289 11
      vertex 33.143 20.835 11
    endloop
  endfacet
  facet normal -0.520501 -0.853861 0
    outer loop
      vertex 30.3656 22.837 11
      vertex 31.8553 21.9289 12
      vertex 30.3656 22.837 12
    endloop
  endfacet
  facet normal -0.520501 -0.853861 -0
    outer loop
      vertex 31.8553 21.9289 12
      vertex 30.3656 22.837 11
      vertex 31.8553 21.9289 11
    endloop
  endfacet
  facet normal -0.392653 -0.919687 0
    outer loop
      vertex 28.6738 23.5593 11
      vertex 30.3656 22.837 12
      vertex 28.6738 23.5593 12
    endloop
  endfacet
  facet normal -0.392653 -0.919687 -0
    outer loop
      vertex 30.3656 22.837 12
      vertex 28.6738 23.5593 11
      vertex 30.3656 22.837 11
    endloop
  endfacet
  facet normal -0.272567 -0.962137 0
    outer loop
      vertex 26.78 24.0958 11
      vertex 28.6738 23.5593 12
      vertex 26.78 24.0958 12
    endloop
  endfacet
  facet normal -0.272567 -0.962137 -0
    outer loop
      vertex 28.6738 23.5593 12
      vertex 26.78 24.0958 11
      vertex 28.6738 23.5593 11
    endloop
  endfacet
  facet normal -0.165025 -0.986289 0
    outer loop
      vertex 24.684 24.4465 11
      vertex 26.78 24.0958 12
      vertex 24.684 24.4465 12
    endloop
  endfacet
  facet normal -0.165025 -0.986289 -0
    outer loop
      vertex 26.78 24.0958 12
      vertex 24.684 24.4465 11
      vertex 26.78 24.0958 11
    endloop
  endfacet
  facet normal -1 0 0
    outer loop
      vertex 24.684 24.4465 11
      vertex 24.684 24.582 12
      vertex 24.684 24.582 11
    endloop
  endfacet
  facet normal -1 -0 0
    outer loop
      vertex 24.684 24.582 12
      vertex 24.684 24.4465 11
      vertex 24.684 24.4465 12
    endloop
  endfacet
  facet normal -0.235416 0.971895 0
    outer loop
      vertex 26.5711 25.0391 11
      vertex 24.684 24.582 12
      vertex 26.5711 25.0391 12
    endloop
  endfacet
  facet normal -0.235416 0.971895 0
    outer loop
      vertex 24.684 24.582 12
      vertex 26.5711 25.0391 11
      vertex 24.684 24.582 11
    endloop
  endfacet
  facet normal -0.338343 0.941023 0
    outer loop
      vertex 28.2724 25.6508 11
      vertex 26.5711 25.0391 12
      vertex 28.2724 25.6508 12
    endloop
  endfacet
  facet normal -0.338343 0.941023 0
    outer loop
      vertex 26.5711 25.0391 12
      vertex 28.2724 25.6508 11
      vertex 26.5711 25.0391 11
    endloop
  endfacet
  facet normal -0.451237 0.892404 0
    outer loop
      vertex 29.7879 26.4171 11
      vertex 28.2724 25.6508 12
      vertex 29.7879 26.4171 12
    endloop
  endfacet
  facet normal -0.451237 0.892404 0
    outer loop
      vertex 28.2724 25.6508 12
      vertex 29.7879 26.4171 11
      vertex 28.2724 25.6508 11
    endloop
  endfacet
  facet normal -0.569351 0.822094 0
    outer loop
      vertex 31.1176 27.338 11
      vertex 29.7879 26.4171 12
      vertex 31.1176 27.338 12
    endloop
  endfacet
  facet normal -0.569351 0.822094 0
    outer loop
      vertex 29.7879 26.4171 12
      vertex 31.1176 27.338 11
      vertex 29.7879 26.4171 11
    endloop
  endfacet
  facet normal -0.684989 0.728553 0
    outer loop
      vertex 32.2615 28.4135 11
      vertex 31.1176 27.338 12
      vertex 32.2615 28.4135 12
    endloop
  endfacet
  facet normal -0.684989 0.728553 0
    outer loop
      vertex 31.1176 27.338 12
      vertex 32.2615 28.4135 11
      vertex 31.1176 27.338 11
    endloop
  endfacet
  facet normal -0.789373 0.613914 0
    outer loop
      vertex 32.2615 28.4135 11
      vertex 33.2076 29.63 12
      vertex 33.2076 29.63 11
    endloop
  endfacet
  facet normal -0.789373 0.613914 0
    outer loop
      vertex 33.2076 29.63 12
      vertex 32.2615 28.4135 11
      vertex 32.2615 28.4135 12
    endloop
  endfacet
  facet normal -0.877151 0.480214 0
    outer loop
      vertex 33.2076 29.63 11
      vertex 33.9434 30.974 12
      vertex 33.9434 30.974 11
    endloop
  endfacet
  facet normal -0.877151 0.480214 0
    outer loop
      vertex 33.9434 30.974 12
      vertex 33.2076 29.63 11
      vertex 33.2076 29.63 12
    endloop
  endfacet
  facet normal -0.941736 0.336353 0
    outer loop
      vertex 33.9434 30.974 11
      vertex 34.469 32.4456 12
      vertex 34.469 32.4456 11
    endloop
  endfacet
  facet normal -0.941736 0.336353 0
    outer loop
      vertex 34.469 32.4456 12
      vertex 33.9434 30.974 11
      vertex 33.9434 30.974 12
    endloop
  endfacet
  facet normal -0.981094 0.193531 0
    outer loop
      vertex 34.469 32.4456 11
      vertex 34.7844 34.0445 12
      vertex 34.7844 34.0445 11
    endloop
  endfacet
  facet normal -0.981094 0.193531 0
    outer loop
      vertex 34.7844 34.0445 12
      vertex 34.469 32.4456 11
      vertex 34.469 32.4456 12
    endloop
  endfacet
  facet normal -0.998152 0.0607621 0
    outer loop
      vertex 34.7844 34.0445 11
      vertex 34.8895 35.771 12
      vertex 34.8895 35.771 11
    endloop
  endfacet
  facet normal -0.998152 0.0607621 0
    outer loop
      vertex 34.8895 35.771 12
      vertex 34.7844 34.0445 11
      vertex 34.7844 34.0445 12
    endloop
  endfacet
  facet normal -0.997275 -0.0737735 0
    outer loop
      vertex 34.8895 35.771 11
      vertex 34.7206 38.0542 12
      vertex 34.7206 38.0542 11
    endloop
  endfacet
  facet normal -0.997275 -0.0737735 0
    outer loop
      vertex 34.7206 38.0542 12
      vertex 34.8895 35.771 11
      vertex 34.8895 35.771 12
    endloop
  endfacet
  facet normal -0.971498 -0.237048 0
    outer loop
      vertex 34.7206 38.0542 11
      vertex 34.2141 40.13 12
      vertex 34.2141 40.13 11
    endloop
  endfacet
  facet normal -0.971498 -0.237048 0
    outer loop
      vertex 34.2141 40.13 12
      vertex 34.7206 38.0542 11
      vertex 34.7206 38.0542 12
    endloop
  endfacet
  facet normal -0.911261 -0.411828 0
    outer loop
      vertex 34.2141 40.13 11
      vertex 33.3698 41.9982 12
      vertex 33.3698 41.9982 11
    endloop
  endfacet
  facet normal -0.911261 -0.411828 0
    outer loop
      vertex 33.3698 41.9982 12
      vertex 34.2141 40.13 11
      vertex 34.2141 40.13 12
    endloop
  endfacet
  facet normal -0.81467 -0.579924 0
    outer loop
      vertex 33.3698 41.9982 11
      vertex 32.1877 43.6588 12
      vertex 32.1877 43.6588 11
    endloop
  endfacet
  facet normal -0.81467 -0.579924 0
    outer loop
      vertex 32.1877 43.6588 12
      vertex 33.3698 41.9982 11
      vertex 33.3698 41.9982 12
    endloop
  endfacet
  facet normal -0.691117 -0.722743 0
    outer loop
      vertex 30.668 45.112 11
      vertex 32.1877 43.6588 12
      vertex 30.668 45.112 12
    endloop
  endfacet
  facet normal -0.691117 -0.722743 -0
    outer loop
      vertex 32.1877 43.6588 12
      vertex 30.668 45.112 11
      vertex 32.1877 43.6588 11
    endloop
  endfacet
  facet normal -0.555249 -0.831684 0
    outer loop
      vertex 28.8487 46.3266 11
      vertex 30.668 45.112 12
      vertex 28.8487 46.3266 12
    endloop
  endfacet
  facet normal -0.555249 -0.831684 -0
    outer loop
      vertex 30.668 45.112 12
      vertex 28.8487 46.3266 11
      vertex 30.668 45.112 11
    endloop
  endfacet
  facet normal -0.413348 -0.910573 0
    outer loop
      vertex 26.7676 47.2713 11
      vertex 28.8487 46.3266 12
      vertex 26.7676 47.2713 12
    endloop
  endfacet
  facet normal -0.413348 -0.910573 -0
    outer loop
      vertex 28.8487 46.3266 12
      vertex 26.7676 47.2713 11
      vertex 28.8487 46.3266 11
    endloop
  endfacet
  facet normal -0.276806 -0.960926 0
    outer loop
      vertex 24.4247 47.9462 11
      vertex 26.7676 47.2713 12
      vertex 24.4247 47.9462 12
    endloop
  endfacet
  facet normal -0.276806 -0.960926 -0
    outer loop
      vertex 26.7676 47.2713 12
      vertex 24.4247 47.9462 11
      vertex 26.7676 47.2713 11
    endloop
  endfacet
  facet normal -0.153568 -0.988138 0
    outer loop
      vertex 21.82 48.351 11
      vertex 24.4247 47.9462 12
      vertex 21.82 48.351 12
    endloop
  endfacet
  facet normal -0.153568 -0.988138 -0
    outer loop
      vertex 24.4247 47.9462 12
      vertex 21.82 48.351 11
      vertex 24.4247 47.9462 11
    endloop
  endfacet
  facet normal -0.0470436 -0.998893 0
    outer loop
      vertex 18.9535 48.486 11
      vertex 21.82 48.351 12
      vertex 18.9535 48.486 12
    endloop
  endfacet
  facet normal -0.0470436 -0.998893 -0
    outer loop
      vertex 21.82 48.351 12
      vertex 18.9535 48.486 11
      vertex 21.82 48.351 11
    endloop
  endfacet
  facet normal 0.0514077 -0.998678 0
    outer loop
      vertex 16.2396 48.3463 11
      vertex 18.9535 48.486 12
      vertex 16.2396 48.3463 12
    endloop
  endfacet
  facet normal 0.0514077 -0.998678 0
    outer loop
      vertex 18.9535 48.486 12
      vertex 16.2396 48.3463 11
      vertex 18.9535 48.486 11
    endloop
  endfacet
  facet normal 0.165365 -0.986232 0
    outer loop
      vertex 13.7401 47.9272 11
      vertex 16.2396 48.3463 12
      vertex 13.7401 47.9272 12
    endloop
  endfacet
  facet normal 0.165365 -0.986232 0
    outer loop
      vertex 16.2396 48.3463 12
      vertex 13.7401 47.9272 11
      vertex 16.2396 48.3463 11
    endloop
  endfacet
  facet normal 0.2923 -0.956327 0
    outer loop
      vertex 11.4548 47.2287 11
      vertex 13.7401 47.9272 12
      vertex 11.4548 47.2287 12
    endloop
  endfacet
  facet normal 0.2923 -0.956327 0
    outer loop
      vertex 13.7401 47.9272 12
      vertex 11.4548 47.2287 11
      vertex 13.7401 47.9272 11
    endloop
  endfacet
  facet normal 0.426969 -0.904266 0
    outer loop
      vertex 9.38373 46.2508 11
      vertex 11.4548 47.2287 12
      vertex 9.38373 46.2508 12
    endloop
  endfacet
  facet normal 0.426969 -0.904266 0
    outer loop
      vertex 11.4548 47.2287 12
      vertex 9.38373 46.2508 11
      vertex 11.4548 47.2287 11
    endloop
  endfacet
  facet normal 0.560698 -0.82802 0
    outer loop
      vertex 7.52699 44.9935 11
      vertex 9.38373 46.2508 12
      vertex 7.52699 44.9935 12
    endloop
  endfacet
  facet normal 0.560698 -0.82802 0
    outer loop
      vertex 9.38373 46.2508 12
      vertex 7.52699 44.9935 11
      vertex 9.38373 46.2508 11
    endloop
  endfacet
  facet normal 0.683936 -0.729542 0
    outer loop
      vertex 5.9227 43.4895 11
      vertex 7.52699 44.9935 12
      vertex 5.9227 43.4895 12
    endloop
  endfacet
  facet normal 0.683936 -0.729542 0
    outer loop
      vertex 7.52699 44.9935 12
      vertex 5.9227 43.4895 11
      vertex 7.52699 44.9935 11
    endloop
  endfacet
  facet normal 0.794317 -0.607503 0
    outer loop
      vertex 4.6086 41.7713 12
      vertex 5.9227 43.4895 11
      vertex 5.9227 43.4895 12
    endloop
  endfacet
  facet normal 0.794317 -0.607503 0
    outer loop
      vertex 5.9227 43.4895 11
      vertex 4.6086 41.7713 12
      vertex 4.6086 41.7713 11
    endloop
  endfacet
  facet normal 0.883643 -0.468162 0
    outer loop
      vertex 3.58469 39.8387 12
      vertex 4.6086 41.7713 11
      vertex 4.6086 41.7713 12
    endloop
  endfacet
  facet normal 0.883643 -0.468162 0
    outer loop
      vertex 4.6086 41.7713 11
      vertex 3.58469 39.8387 12
      vertex 3.58469 39.8387 11
    endloop
  endfacet
  facet normal 0.946273 -0.323368 0
    outer loop
      vertex 2.851 37.6917 12
      vertex 3.58469 39.8387 11
      vertex 3.58469 39.8387 12
    endloop
  endfacet
  facet normal 0.946273 -0.323368 0
    outer loop
      vertex 3.58469 39.8387 11
      vertex 2.851 37.6917 12
      vertex 2.851 37.6917 11
    endloop
  endfacet
  facet normal 0.982813 -0.184604 0
    outer loop
      vertex 2.40749 35.3305 12
      vertex 2.851 37.6917 11
      vertex 2.851 37.6917 12
    endloop
  endfacet
  facet normal 0.982813 -0.184604 0
    outer loop
      vertex 2.851 37.6917 11
      vertex 2.40749 35.3305 12
      vertex 2.40749 35.3305 11
    endloop
  endfacet
  facet normal 0.0710349 0.997474 -0
    outer loop
      vertex 11.935 34.652 11
      vertex 2.40749 35.3305 12
      vertex 11.935 34.652 12
    endloop
  endfacet
  facet normal 0.0710349 0.997474 0
    outer loop
      vertex 2.40749 35.3305 12
      vertex 11.935 34.652 11
      vertex 2.40749 35.3305 11
    endloop
  endfacet
  facet normal -0.989012 0.147835 0
    outer loop
      vertex 11.935 34.652 11
      vertex 12.1053 35.7913 12
      vertex 12.1053 35.7913 11
    endloop
  endfacet
  facet normal -0.989012 0.147835 0
    outer loop
      vertex 12.1053 35.7913 12
      vertex 11.935 34.652 11
      vertex 11.935 34.652 12
    endloop
  endfacet
  facet normal -0.961756 0.273908 0
    outer loop
      vertex 12.1053 35.7913 11
      vertex 12.3989 36.8222 12
      vertex 12.3989 36.8222 11
    endloop
  endfacet
  facet normal -0.961756 0.273908 0
    outer loop
      vertex 12.3989 36.8222 12
      vertex 12.1053 35.7913 11
      vertex 12.1053 35.7913 12
    endloop
  endfacet
  facet normal -0.911177 0.412016 0
    outer loop
      vertex 12.3989 36.8222 11
      vertex 12.8159 37.7444 12
      vertex 12.8159 37.7444 11
    endloop
  endfacet
  facet normal -0.911177 0.412016 0
    outer loop
      vertex 12.8159 37.7444 12
      vertex 12.3989 36.8222 11
      vertex 12.3989 36.8222 12
    endloop
  endfacet
  facet normal -0.833057 0.553187 0
    outer loop
      vertex 12.8159 37.7444 11
      vertex 13.3563 38.5582 12
      vertex 13.3563 38.5582 11
    endloop
  endfacet
  facet normal -0.833057 0.553187 0
    outer loop
      vertex 13.3563 38.5582 12
      vertex 12.8159 37.7444 11
      vertex 12.8159 37.7444 12
    endloop
  endfacet
  facet normal -0.728258 0.685304 0
    outer loop
      vertex 13.3563 38.5582 11
      vertex 14.02 39.2635 12
      vertex 14.02 39.2635 11
    endloop
  endfacet
  facet normal -0.728258 0.685304 0
    outer loop
      vertex 14.02 39.2635 12
      vertex 13.3563 38.5582 11
      vertex 13.3563 38.5582 12
    endloop
  endfacet
  facet normal -0.605044 0.796192 0
    outer loop
      vertex 14.791 39.8494 11
      vertex 14.02 39.2635 12
      vertex 14.791 39.8494 12
    endloop
  endfacet
  facet normal -0.605044 0.796192 0
    outer loop
      vertex 14.02 39.2635 12
      vertex 14.791 39.8494 11
      vertex 14.02 39.2635 11
    endloop
  endfacet
  facet normal -0.467365 0.884065 0
    outer loop
      vertex 15.653 40.3051 11
      vertex 14.791 39.8494 12
      vertex 15.653 40.3051 12
    endloop
  endfacet
  facet normal -0.467365 0.884065 0
    outer loop
      vertex 14.791 39.8494 12
      vertex 15.653 40.3051 11
      vertex 14.791 39.8494 11
    endloop
  endfacet
  facet normal -0.323281 0.946303 0
    outer loop
      vertex 16.6058 40.6306 11
      vertex 15.653 40.3051 12
      vertex 16.6058 40.6306 12
    endloop
  endfacet
  facet normal -0.323281 0.946303 0
    outer loop
      vertex 15.653 40.3051 12
      vertex 16.6058 40.6306 11
      vertex 15.653 40.3051 11
    endloop
  endfacet
  facet normal -0.183947 0.982936 0
    outer loop
      vertex 17.6494 40.8259 11
      vertex 16.6058 40.6306 12
      vertex 17.6494 40.8259 12
    endloop
  endfacet
  facet normal -0.183947 0.982936 0
    outer loop
      vertex 16.6058 40.6306 12
      vertex 17.6494 40.8259 11
      vertex 16.6058 40.6306 11
    endloop
  endfacet
  facet normal -0.0572828 0.998358 0
    outer loop
      vertex 18.784 40.891 11
      vertex 17.6494 40.8259 12
      vertex 18.784 40.891 12
    endloop
  endfacet
  facet normal -0.0572828 0.998358 0
    outer loop
      vertex 17.6494 40.8259 12
      vertex 18.784 40.891 11
      vertex 17.6494 40.8259 11
    endloop
  endfacet
  facet normal 0.0557831 0.998443 -0
    outer loop
      vertex 19.985 40.8239 11
      vertex 18.784 40.891 12
      vertex 19.985 40.8239 12
    endloop
  endfacet
  facet normal 0.0557831 0.998443 0
    outer loop
      vertex 18.784 40.891 12
      vertex 19.985 40.8239 11
      vertex 18.784 40.891 11
    endloop
  endfacet
  facet normal 0.183344 0.983049 -0
    outer loop
      vertex 21.0654 40.6224 11
      vertex 19.985 40.8239 12
      vertex 21.0654 40.6224 12
    endloop
  endfacet
  facet normal 0.183344 0.983049 0
    outer loop
      vertex 19.985 40.8239 12
      vertex 21.0654 40.6224 11
      vertex 19.985 40.8239 11
    endloop
  endfacet
  facet normal 0.330241 0.943897 -0
    outer loop
      vertex 22.0249 40.2867 11
      vertex 21.0654 40.6224 12
      vertex 22.0249 40.2867 12
    endloop
  endfacet
  facet normal 0.330241 0.943897 0
    outer loop
      vertex 21.0654 40.6224 12
      vertex 22.0249 40.2867 11
      vertex 21.0654 40.6224 11
    endloop
  endfacet
  facet normal 0.488695 0.872455 -0
    outer loop
      vertex 22.8638 39.8168 11
      vertex 22.0249 40.2867 12
      vertex 22.8638 39.8168 12
    endloop
  endfacet
  facet normal 0.488695 0.872455 0
    outer loop
      vertex 22.0249 40.2867 12
      vertex 22.8638 39.8168 11
      vertex 22.0249 40.2867 11
    endloop
  endfacet
  facet normal 0.643824 0.765174 -0
    outer loop
      vertex 23.582 39.2125 11
      vertex 22.8638 39.8168 12
      vertex 23.582 39.2125 12
    endloop
  endfacet
  facet normal 0.643824 0.765174 0
    outer loop
      vertex 22.8638 39.8168 12
      vertex 23.582 39.2125 11
      vertex 22.8638 39.8168 11
    endloop
  endfacet
  facet normal 0.773418 0.633896 0
    outer loop
      vertex 24.174 38.4902 12
      vertex 23.582 39.2125 11
      vertex 23.582 39.2125 12
    endloop
  endfacet
  facet normal 0.773418 0.633896 0
    outer loop
      vertex 23.582 39.2125 11
      vertex 24.174 38.4902 12
      vertex 24.174 38.4902 11
    endloop
  endfacet
  facet normal 0.872905 0.48789 0
    outer loop
      vertex 24.6345 37.6663 12
      vertex 24.174 38.4902 11
      vertex 24.174 38.4902 12
    endloop
  endfacet
  facet normal 0.872905 0.48789 0
    outer loop
      vertex 24.174 38.4902 11
      vertex 24.6345 37.6663 12
      vertex 24.6345 37.6663 11
    endloop
  endfacet
  facet normal 0.94228 0.334827 0
    outer loop
      vertex 24.9634 36.7407 12
      vertex 24.6345 37.6663 11
      vertex 24.6345 37.6663 12
    endloop
  endfacet
  facet normal 0.94228 0.334827 0
    outer loop
      vertex 24.6345 37.6663 11
      vertex 24.9634 36.7407 12
      vertex 24.9634 36.7407 11
    endloop
  endfacet
  facet normal 0.982049 0.188628 0
    outer loop
      vertex 25.1607 35.7135 12
      vertex 24.9634 36.7407 11
      vertex 24.9634 36.7407 12
    endloop
  endfacet
  facet normal 0.982049 0.188628 0
    outer loop
      vertex 24.9634 36.7407 11
      vertex 25.1607 35.7135 12
      vertex 25.1607 35.7135 11
    endloop
  endfacet
  facet normal 0.998306 0.0581829 0
    outer loop
      vertex 25.2265 34.5845 12
      vertex 25.1607 35.7135 11
      vertex 25.1607 35.7135 12
    endloop
  endfacet
  facet normal 0.998306 0.0581829 0
    outer loop
      vertex 25.1607 35.7135 11
      vertex 25.2265 34.5845 12
      vertex 25.2265 34.5845 11
    endloop
  endfacet
  facet normal 0.997595 -0.069317 0
    outer loop
      vertex 25.1438 33.3943 12
      vertex 25.2265 34.5845 11
      vertex 25.2265 34.5845 12
    endloop
  endfacet
  facet normal 0.997595 -0.069317 0
    outer loop
      vertex 25.2265 34.5845 11
      vertex 25.1438 33.3943 12
      vertex 25.1438 33.3943 11
    endloop
  endfacet
  facet normal 0.974338 -0.225091 0
    outer loop
      vertex 24.8955 32.3195 12
      vertex 25.1438 33.3943 11
      vertex 25.1438 33.3943 12
    endloop
  endfacet
  facet normal 0.974338 -0.225091 0
    outer loop
      vertex 25.1438 33.3943 11
      vertex 24.8955 32.3195 12
      vertex 24.8955 32.3195 11
    endloop
  endfacet
  facet normal 0.918311 -0.395859 0
    outer loop
      vertex 24.4818 31.3598 12
      vertex 24.8955 32.3195 11
      vertex 24.8955 32.3195 12
    endloop
  endfacet
  facet normal 0.918311 -0.395859 0
    outer loop
      vertex 24.8955 32.3195 11
      vertex 24.4818 31.3598 12
      vertex 24.4818 31.3598 11
    endloop
  endfacet
  facet normal 0.824614 -0.565695 0
    outer loop
      vertex 23.9026 30.5155 12
      vertex 24.4818 31.3598 11
      vertex 24.4818 31.3598 12
    endloop
  endfacet
  facet normal 0.824614 -0.565695 0
    outer loop
      vertex 24.4818 31.3598 11
      vertex 23.9026 30.5155 12
      vertex 23.9026 30.5155 11
    endloop
  endfacet
  facet normal 0.699582 -0.714552 0
    outer loop
      vertex 23.158 29.7865 11
      vertex 23.9026 30.5155 12
      vertex 23.158 29.7865 12
    endloop
  endfacet
  facet normal 0.699582 -0.714552 0
    outer loop
      vertex 23.9026 30.5155 12
      vertex 23.158 29.7865 11
      vertex 23.9026 30.5155 11
    endloop
  endfacet
  facet normal 0.553579 -0.832797 0
    outer loop
      vertex 22.2492 29.1824 11
      vertex 23.158 29.7865 12
      vertex 22.2492 29.1824 12
    endloop
  endfacet
  facet normal 0.553579 -0.832797 0
    outer loop
      vertex 23.158 29.7865 12
      vertex 22.2492 29.1824 11
      vertex 23.158 29.7865 11
    endloop
  endfacet
  facet normal 0.40155 -0.915837 0
    outer loop
      vertex 21.1777 28.7126 11
      vertex 22.2492 29.1824 12
      vertex 21.1777 28.7126 12
    endloop
  endfacet
  facet normal 0.40155 -0.915837 0
    outer loop
      vertex 22.2492 29.1824 12
      vertex 21.1777 28.7126 11
      vertex 22.2492 29.1824 11
    endloop
  endfacet
  facet normal 0.262409 -0.964957 0
    outer loop
      vertex 19.9436 28.377 11
      vertex 21.1777 28.7126 12
      vertex 19.9436 28.377 12
    endloop
  endfacet
  facet normal 0.262409 -0.964957 0
    outer loop
      vertex 21.1777 28.7126 12
      vertex 19.9436 28.377 11
      vertex 21.1777 28.7126 11
    endloop
  endfacet
  facet normal 0.142691 -0.989767 0
    outer loop
      vertex 18.5466 28.1756 11
      vertex 19.9436 28.377 12
      vertex 18.5466 28.1756 12
    endloop
  endfacet
  facet normal 0.142691 -0.989767 0
    outer loop
      vertex 19.9436 28.377 12
      vertex 18.5466 28.1756 11
      vertex 19.9436 28.377 11
    endloop
  endfacet
  facet normal 0.0429841 -0.999076 0
    outer loop
      vertex 16.987 28.1085 11
      vertex 18.5466 28.1756 12
      vertex 16.987 28.1085 12
    endloop
  endfacet
  facet normal 0.0429841 -0.999076 0
    outer loop
      vertex 18.5466 28.1756 12
      vertex 16.987 28.1085 11
      vertex 18.5466 28.1756 11
    endloop
  endfacet
  facet normal 0 -1 0
    outer loop
      vertex 13.8675 28.1085 11
      vertex 16.987 28.1085 12
      vertex 13.8675 28.1085 12
    endloop
  endfacet
  facet normal 0 -1 -0
    outer loop
      vertex 16.987 28.1085 12
      vertex 13.8675 28.1085 11
      vertex 16.987 28.1085 11
    endloop
  endfacet
  facet normal 1 -0 0
    outer loop
      vertex 13.8675 20.4115 12
      vertex 13.8675 28.1085 11
      vertex 13.8675 28.1085 12
    endloop
  endfacet
  facet normal 1 0 0
    outer loop
      vertex 13.8675 28.1085 11
      vertex 13.8675 20.4115 12
      vertex 13.8675 20.4115 11
    endloop
  endfacet
  facet normal 0 1 -0
    outer loop
      vertex 17.1905 20.4115 11
      vertex 13.8675 20.4115 12
      vertex 17.1905 20.4115 12
    endloop
  endfacet
  facet normal 0 1 0
    outer loop
      vertex 13.8675 20.4115 12
      vertex 17.1905 20.4115 11
      vertex 13.8675 20.4115 11
    endloop
  endfacet
  facet normal 0.0392082 0.999231 -0
    outer loop
      vertex 18.9184 20.3437 11
      vertex 17.1905 20.4115 12
      vertex 18.9184 20.3437 12
    endloop
  endfacet
  facet normal 0.0392082 0.999231 0
    outer loop
      vertex 17.1905 20.4115 12
      vertex 18.9184 20.3437 11
      vertex 17.1905 20.4115 11
    endloop
  endfacet
  facet normal 0.130272 0.991478 -0
    outer loop
      vertex 20.4672 20.1402 11
      vertex 18.9184 20.3437 12
      vertex 20.4672 20.1402 12
    endloop
  endfacet
  facet normal 0.130272 0.991478 0
    outer loop
      vertex 18.9184 20.3437 12
      vertex 20.4672 20.1402 11
      vertex 18.9184 20.3437 11
    endloop
  endfacet
  facet normal 0.240301 0.970699 -0
    outer loop
      vertex 21.837 19.8011 11
      vertex 20.4672 20.1402 12
      vertex 21.837 19.8011 12
    endloop
  endfacet
  facet normal 0.240301 0.970699 0
    outer loop
      vertex 20.4672 20.1402 12
      vertex 21.837 19.8011 11
      vertex 20.4672 20.1402 11
    endloop
  endfacet
  facet normal 0.370301 0.928912 -0
    outer loop
      vertex 23.0278 19.3264 11
      vertex 21.837 19.8011 12
      vertex 23.0278 19.3264 12
    endloop
  endfacet
  facet normal 0.370301 0.928912 0
    outer loop
      vertex 21.837 19.8011 12
      vertex 23.0278 19.3264 11
      vertex 21.837 19.8011 11
    endloop
  endfacet
  facet normal 0.516598 0.856228 -0
    outer loop
      vertex 24.0395 18.716 11
      vertex 23.0278 19.3264 12
      vertex 24.0395 18.716 12
    endloop
  endfacet
  facet normal 0.516598 0.856228 0
    outer loop
      vertex 23.0278 19.3264 12
      vertex 24.0395 18.716 11
      vertex 23.0278 19.3264 11
    endloop
  endfacet
  facet normal 0.664325 0.747444 -0
    outer loop
      vertex 24.8695 17.9783 11
      vertex 24.0395 18.716 12
      vertex 24.8695 17.9783 12
    endloop
  endfacet
  facet normal 0.664325 0.747444 0
    outer loop
      vertex 24.0395 18.716 12
      vertex 24.8695 17.9783 11
      vertex 24.0395 18.716 11
    endloop
  endfacet
  facet normal 0.798768 0.601639 0
    outer loop
      vertex 25.515 17.1213 12
      vertex 24.8695 17.9783 11
      vertex 24.8695 17.9783 12
    endloop
  endfacet
  facet normal 0.798768 0.601639 0
    outer loop
      vertex 24.8695 17.9783 11
      vertex 25.515 17.1213 12
      vertex 25.515 17.1213 11
    endloop
  endfacet
  facet normal 0.904241 0.427023 0
    outer loop
      vertex 25.9761 16.1449 12
      vertex 25.515 17.1213 11
      vertex 25.515 17.1213 12
    endloop
  endfacet
  facet normal 0.904241 0.427023 0
    outer loop
      vertex 25.515 17.1213 11
      vertex 25.9761 16.1449 12
      vertex 25.9761 16.1449 11
    endloop
  endfacet
  facet normal 0.969567 0.244825 0
    outer loop
      vertex 26.2528 15.0491 12
      vertex 25.9761 16.1449 11
      vertex 25.9761 16.1449 12
    endloop
  endfacet
  facet normal 0.969567 0.244825 0
    outer loop
      vertex 25.9761 16.1449 11
      vertex 26.2528 15.0491 12
      vertex 26.2528 15.0491 11
    endloop
  endfacet
  facet normal 0.997134 0.075661 0
    outer loop
      vertex 26.345 13.834 12
      vertex 26.2528 15.0491 11
      vertex 26.2528 15.0491 12
    endloop
  endfacet
  facet normal 0.997134 0.075661 0
    outer loop
      vertex 26.2528 15.0491 11
      vertex 26.345 13.834 12
      vertex 26.345 13.834 11
    endloop
  endfacet
  facet normal 0.998359 -0.0572601 0
    outer loop
      vertex 26.269 12.5089 12
      vertex 26.345 13.834 11
      vertex 26.345 13.834 12
    endloop
  endfacet
  facet normal 0.998359 -0.0572601 0
    outer loop
      vertex 26.345 13.834 11
      vertex 26.269 12.5089 12
      vertex 26.269 12.5089 11
    endloop
  endfacet
  facet normal 0.981913 -0.189334 0
    outer loop
      vertex 26.0412 11.3275 12
      vertex 26.269 12.5089 11
      vertex 26.269 12.5089 12
    endloop
  endfacet
  facet normal 0.981913 -0.189334 0
    outer loop
      vertex 26.269 12.5089 11
      vertex 26.0412 11.3275 12
      vertex 26.0412 11.3275 11
    endloop
  endfacet
  facet normal 0.939038 -0.343813 0
    outer loop
      vertex 25.6613 10.2899 12
      vertex 26.0412 11.3275 11
      vertex 26.0412 11.3275 12
    endloop
  endfacet
  facet normal 0.939038 -0.343813 0
    outer loop
      vertex 26.0412 11.3275 11
      vertex 25.6613 10.2899 12
      vertex 25.6613 10.2899 11
    endloop
  endfacet
  facet normal 0.859437 -0.511241 0
    outer loop
      vertex 25.1296 9.39607 12
      vertex 25.6613 10.2899 11
      vertex 25.6613 10.2899 12
    endloop
  endfacet
  facet normal 0.859437 -0.511241 0
    outer loop
      vertex 25.6613 10.2899 11
      vertex 25.1296 9.39607 12
      vertex 25.1296 9.39607 11
    endloop
  endfacet
  facet normal 0.739097 -0.673599 0
    outer loop
      vertex 24.446 8.646 12
      vertex 25.1296 9.39607 11
      vertex 25.1296 9.39607 12
    endloop
  endfacet
  facet normal 0.739097 -0.673599 0
    outer loop
      vertex 25.1296 9.39607 11
      vertex 24.446 8.646 12
      vertex 24.446 8.646 11
    endloop
  endfacet
  facet normal 0.596756 -0.802423 0
    outer loop
      vertex 23.6255 8.0358 11
      vertex 24.446 8.646 12
      vertex 23.6255 8.0358 12
    endloop
  endfacet
  facet normal 0.596756 -0.802423 0
    outer loop
      vertex 24.446 8.646 12
      vertex 23.6255 8.0358 11
      vertex 24.446 8.646 11
    endloop
  endfacet
  facet normal 0.449759 -0.89315 0
    outer loop
      vertex 22.683 7.56119 11
      vertex 23.6255 8.0358 12
      vertex 22.683 7.56119 12
    endloop
  endfacet
  facet normal 0.449759 -0.89315 0
    outer loop
      vertex 23.6255 8.0358 12
      vertex 22.683 7.56119 11
      vertex 23.6255 8.0358 11
    endloop
  endfacet
  facet normal 0.30341 -0.95286 0
    outer loop
      vertex 21.6184 7.2222 11
      vertex 22.683 7.56119 12
      vertex 21.6184 7.2222 12
    endloop
  endfacet
  facet normal 0.30341 -0.95286 0
    outer loop
      vertex 22.683 7.56119 12
      vertex 21.6184 7.2222 11
      vertex 22.683 7.56119 11
    endloop
  endfacet
  facet normal 0.168936 -0.985627 0
    outer loop
      vertex 20.4317 7.0188 11
      vertex 21.6184 7.2222 12
      vertex 20.4317 7.0188 12
    endloop
  endfacet
  facet normal 0.168936 -0.985627 0
    outer loop
      vertex 21.6184 7.2222 12
      vertex 20.4317 7.0188 11
      vertex 21.6184 7.2222 11
    endloop
  endfacet
  facet normal 0.0517454 -0.99866 0
    outer loop
      vertex 19.123 6.95099 11
      vertex 20.4317 7.0188 12
      vertex 19.123 6.95099 12
    endloop
  endfacet
  facet normal 0.0517454 -0.99866 0
    outer loop
      vertex 20.4317 7.0188 12
      vertex 19.123 6.95099 11
      vertex 20.4317 7.0188 11
    endloop
  endfacet
  facet normal -0.108331 -0.994115 0
    outer loop
      vertex 16.5964 7.22632 11
      vertex 19.123 6.95099 12
      vertex 16.5964 7.22632 12
    endloop
  endfacet
  facet normal -0.108331 -0.994115 -0
    outer loop
      vertex 19.123 6.95099 12
      vertex 16.5964 7.22632 11
      vertex 19.123 6.95099 11
    endloop
  endfacet
  facet normal -0.37428 -0.927316 0
    outer loop
      vertex 14.55 8.05228 11
      vertex 16.5964 7.22632 12
      vertex 14.55 8.05228 12
    endloop
  endfacet
  facet normal -0.37428 -0.927316 -0
    outer loop
      vertex 16.5964 7.22632 12
      vertex 14.55 8.05228 11
      vertex 16.5964 7.22632 11
    endloop
  endfacet
  facet normal -0.660133 -0.751149 0
    outer loop
      vertex 12.9836 9.42888 11
      vertex 14.55 8.05228 12
      vertex 12.9836 9.42888 12
    endloop
  endfacet
  facet normal -0.660133 -0.751149 -0
    outer loop
      vertex 14.55 8.05228 12
      vertex 12.9836 9.42888 11
      vertex 14.55 8.05228 11
    endloop
  endfacet
  facet normal -0.871123 -0.491064 0
    outer loop
      vertex 12.9836 9.42888 11
      vertex 11.8972 11.3561 12
      vertex 11.8972 11.3561 11
    endloop
  endfacet
  facet normal -0.871123 -0.491064 0
    outer loop
      vertex 11.8972 11.3561 12
      vertex 12.9836 9.42888 11
      vertex 12.9836 9.42888 12
    endloop
  endfacet
  facet normal -0.971355 -0.237635 0
    outer loop
      vertex 11.8972 11.3561 11
      vertex 11.291 13.834 12
      vertex 11.291 13.834 11
    endloop
  endfacet
  facet normal -0.971355 -0.237635 0
    outer loop
      vertex 11.291 13.834 12
      vertex 11.8972 11.3561 11
      vertex 11.8972 11.3561 12
    endloop
  endfacet
  facet normal 0.0871127 -0.996198 0
    outer loop
      vertex 1.59349 12.986 11
      vertex 11.291 13.834 12
      vertex 1.59349 12.986 12
    endloop
  endfacet
  facet normal 0.0871127 -0.996198 0
    outer loop
      vertex 11.291 13.834 12
      vertex 1.59349 12.986 11
      vertex 11.291 13.834 11
    endloop
  endfacet
  facet normal 0.9839 0.17872 0
    outer loop
      vertex 2.05603 10.4396 12
      vertex 1.59349 12.986 11
      vertex 1.59349 12.986 12
    endloop
  endfacet
  facet normal 0.9839 0.17872 0
    outer loop
      vertex 1.59349 12.986 11
      vertex 2.05603 10.4396 12
      vertex 2.05603 10.4396 11
    endloop
  endfacet
  facet normal 0.948872 0.315662 0
    outer loop
      vertex 2.81966 8.14415 12
      vertex 2.05603 10.4396 11
      vertex 2.05603 10.4396 12
    endloop
  endfacet
  facet normal 0.948872 0.315662 0
    outer loop
      vertex 2.05603 10.4396 11
      vertex 2.81966 8.14415 12
      vertex 2.81966 8.14415 11
    endloop
  endfacet
  facet normal 0.886951 0.461864 0
    outer loop
      vertex 3.88435 6.09955 12
      vertex 2.81966 8.14415 11
      vertex 2.81966 8.14415 12
    endloop
  endfacet
  facet normal 0.886951 0.461864 0
    outer loop
      vertex 2.81966 8.14415 11
      vertex 3.88435 6.09955 12
      vertex 3.88435 6.09955 11
    endloop
  endfacet
  facet normal 0.795614 0.605804 0
    outer loop
      vertex 5.25014 4.30583 12
      vertex 3.88435 6.09955 11
      vertex 3.88435 6.09955 12
    endloop
  endfacet
  facet normal 0.795614 0.605804 0
    outer loop
      vertex 3.88435 6.09955 11
      vertex 5.25014 4.30583 12
      vertex 5.25014 4.30583 11
    endloop
  endfacet
  facet normal 0.67928 0.733879 -0
    outer loop
      vertex 6.91699 2.76299 11
      vertex 5.25014 4.30583 12
      vertex 6.91699 2.76299 12
    endloop
  endfacet
  facet normal 0.67928 0.733879 0
    outer loop
      vertex 5.25014 4.30583 12
      vertex 6.91699 2.76299 11
      vertex 5.25014 4.30583 11
    endloop
  endfacet
  facet normal 0.548665 0.836042 -0
    outer loop
      vertex 8.86052 1.48752 11
      vertex 6.91699 2.76299 12
      vertex 8.86052 1.48752 12
    endloop
  endfacet
  facet normal 0.548665 0.836042 0
    outer loop
      vertex 6.91699 2.76299 12
      vertex 8.86052 1.48752 11
      vertex 6.91699 2.76299 11
    endloop
  endfacet
  facet normal 0.411728 0.911307 -0
    outer loop
      vertex 11.0563 0.495468 11
      vertex 8.86052 1.48752 12
      vertex 11.0563 0.495468 12
    endloop
  endfacet
  facet normal 0.411728 0.911307 0
    outer loop
      vertex 8.86052 1.48752 12
      vertex 11.0563 0.495468 11
      vertex 8.86052 1.48752 11
    endloop
  endfacet
  facet normal 0.278042 0.960569 -0
    outer loop
      vertex 13.5043 -0.21312 11
      vertex 11.0563 0.495468 12
      vertex 13.5043 -0.21312 12
    endloop
  endfacet
  facet normal 0.278042 0.960569 0
    outer loop
      vertex 11.0563 0.495468 12
      vertex 13.5043 -0.21312 11
      vertex 11.0563 0.495468 11
    endloop
  endfacet
  facet normal 0.155537 0.98783 -0
    outer loop
      vertex 16.2045 -0.638275 11
      vertex 13.5043 -0.21312 12
      vertex 16.2045 -0.638275 12
    endloop
  endfacet
  facet normal 0.155537 0.98783 0
    outer loop
      vertex 13.5043 -0.21312 12
      vertex 16.2045 -0.638275 11
      vertex 13.5043 -0.21312 11
    endloop
  endfacet
  facet normal 0.0479461 0.99885 -0
    outer loop
      vertex 19.157 -0.779999 11
      vertex 16.2045 -0.638275 12
      vertex 19.157 -0.779999 12
    endloop
  endfacet
  facet normal 0.0479461 0.99885 0
    outer loop
      vertex 16.2045 -0.638275 12
      vertex 19.157 -0.779999 11
      vertex 16.2045 -0.638275 11
    endloop
  endfacet
  facet normal -0.0471126 0.99889 0
    outer loop
      vertex 22.2628 -0.633514 11
      vertex 19.157 -0.779999 12
      vertex 22.2628 -0.633514 12
    endloop
  endfacet
  facet normal -0.0471126 0.99889 0
    outer loop
      vertex 19.157 -0.779999 12
      vertex 22.2628 -0.633514 11
      vertex 19.157 -0.779999 11
    endloop
  endfacet
  facet normal -0.135713 0.990748 0
    outer loop
      vertex 69.9377 0.466553 11
      vertex 67.3832 0.116638 12
      vertex 69.9377 0.466553 12
    endloop
  endfacet
  facet normal -0.135713 0.990748 0
    outer loop
      vertex 67.3832 0.116638 12
      vertex 69.9377 0.466553 11
      vertex 67.3832 0.116638 11
    endloop
  endfacet
  facet normal -0.233267 0.972413 0
    outer loop
      vertex 72.3689 1.04976 11
      vertex 69.9377 0.466553 12
      vertex 72.3689 1.04976 12
    endloop
  endfacet
  facet normal -0.233267 0.972413 0
    outer loop
      vertex 69.9377 0.466553 12
      vertex 72.3689 1.04976 11
      vertex 69.9377 0.466553 11
    endloop
  endfacet
  facet normal -0.333555 0.942731 0
    outer loop
      vertex 74.6765 1.86623 11
      vertex 72.3689 1.04976 12
      vertex 74.6765 1.86623 12
    endloop
  endfacet
  facet normal -0.333555 0.942731 0
    outer loop
      vertex 72.3689 1.04976 12
      vertex 74.6765 1.86623 11
      vertex 72.3689 1.04976 11
    endloop
  endfacet
  facet normal -0.433198 0.901299 0
    outer loop
      vertex 76.8606 2.91599 11
      vertex 74.6765 1.86623 12
      vertex 76.8606 2.91599 12
    endloop
  endfacet
  facet normal -0.433198 0.901299 0
    outer loop
      vertex 74.6765 1.86623 12
      vertex 76.8606 2.91599 11
      vertex 74.6765 1.86623 11
    endloop
  endfacet
  facet normal -0.531112 0.847302 0
    outer loop
      vertex 78.8869 4.18613 11
      vertex 76.8606 2.91599 12
      vertex 78.8869 4.18613 12
    endloop
  endfacet
  facet normal -0.531112 0.847302 0
    outer loop
      vertex 76.8606 2.91599 12
      vertex 78.8869 4.18613 11
      vertex 76.8606 2.91599 11
    endloop
  endfacet
  facet normal -0.627454 0.778654 0
    outer loop
      vertex 80.7206 5.66376 11
      vertex 78.8869 4.18613 12
      vertex 80.7206 5.66376 12
    endloop
  endfacet
  facet normal -0.627454 0.778654 0
    outer loop
      vertex 78.8869 4.18613 12
      vertex 80.7206 5.66376 11
      vertex 78.8869 4.18613 11
    endloop
  endfacet
  facet normal -0.716396 0.697694 0
    outer loop
      vertex 80.7206 5.66376 11
      vertex 82.3617 7.34885 12
      vertex 82.3617 7.34885 11
    endloop
  endfacet
  facet normal -0.716396 0.697694 0
    outer loop
      vertex 82.3617 7.34885 12
      vertex 80.7206 5.66376 11
      vertex 80.7206 5.66376 12
    endloop
  endfacet
  facet normal -0.79411 0.607774 0
    outer loop
      vertex 82.3617 7.34885 11
      vertex 83.8102 9.24144 12
      vertex 83.8102 9.24144 11
    endloop
  endfacet
  facet normal -0.79411 0.607774 0
    outer loop
      vertex 83.8102 9.24144 12
      vertex 82.3617 7.34885 11
      vertex 82.3617 7.34885 12
    endloop
  endfacet
  facet normal -0.858238 0.513252 0
    outer loop
      vertex 83.8102 9.24144 11
      vertex 85.0661 11.3415 12
      vertex 85.0661 11.3415 11
    endloop
  endfacet
  facet normal -0.858238 0.513252 0
    outer loop
      vertex 85.0661 11.3415 12
      vertex 83.8102 9.24144 11
      vertex 83.8102 9.24144 12
    endloop
  endfacet
  facet normal -0.909228 0.416299 0
    outer loop
      vertex 85.0661 11.3415 11
      vertex 86.1097 13.6208 12
      vertex 86.1097 13.6208 11
    endloop
  endfacet
  facet normal -0.909228 0.416299 0
    outer loop
      vertex 86.1097 13.6208 12
      vertex 85.0661 11.3415 11
      vertex 85.0661 11.3415 12
    endloop
  endfacet
  facet normal -0.948461 0.316895 0
    outer loop
      vertex 86.1097 13.6208 11
      vertex 86.9215 16.0505 12
      vertex 86.9215 16.0505 11
    endloop
  endfacet
  facet normal -0.948461 0.316895 0
    outer loop
      vertex 86.9215 16.0505 12
      vertex 86.1097 13.6208 11
      vertex 86.1097 13.6208 12
    endloop
  endfacet
  facet normal -0.975672 0.219236 0
    outer loop
      vertex 86.9215 16.0505 11
      vertex 87.5013 18.6308 12
      vertex 87.5013 18.6308 11
    endloop
  endfacet
  facet normal -0.975672 0.219236 0
    outer loop
      vertex 87.5013 18.6308 12
      vertex 86.9215 16.0505 11
      vertex 86.9215 16.0505 12
    endloop
  endfacet
  facet normal -0.991982 0.126377 0
    outer loop
      vertex 87.5013 18.6308 11
      vertex 87.8492 21.3616 12
      vertex 87.8492 21.3616 11
    endloop
  endfacet
  facet normal -0.991982 0.126377 0
    outer loop
      vertex 87.8492 21.3616 12
      vertex 87.5013 18.6308 11
      vertex 87.5013 18.6308 12
    endloop
  endfacet
  facet normal -0.999192 0.040191 0
    outer loop
      vertex 87.8492 21.3616 11
      vertex 87.9651 24.243 12
      vertex 87.9651 24.243 11
    endloop
  endfacet
  facet normal -0.999192 0.040191 0
    outer loop
      vertex 87.9651 24.243 12
      vertex 87.8492 21.3616 11
      vertex 87.8492 21.3616 12
    endloop
  endfacet
  facet normal -0.998142 -0.0609367 0
    outer loop
      vertex 87.9651 24.243 11
      vertex 87.7006 28.5755 12
      vertex 87.7006 28.5755 11
    endloop
  endfacet
  facet normal -0.998142 -0.0609367 0
    outer loop
      vertex 87.7006 28.5755 12
      vertex 87.9651 24.243 11
      vertex 87.9651 24.243 12
    endloop
  endfacet
  facet normal -0.980034 -0.198829 0
    outer loop
      vertex 87.7006 28.5755 11
      vertex 86.9072 32.4862 12
      vertex 86.9072 32.4862 11
    endloop
  endfacet
  facet normal -0.980034 -0.198829 0
    outer loop
      vertex 86.9072 32.4862 12
      vertex 87.7006 28.5755 11
      vertex 87.7006 28.5755 12
    endloop
  endfacet
  facet normal -0.935084 -0.354426 0
    outer loop
      vertex 86.9072 32.4862 11
      vertex 85.5848 35.9751 12
      vertex 85.5848 35.9751 11
    endloop
  endfacet
  facet normal -0.935084 -0.354426 0
    outer loop
      vertex 85.5848 35.9751 12
      vertex 86.9072 32.4862 11
      vertex 86.9072 32.4862 12
    endloop
  endfacet
  facet normal -0.856118 -0.51678 0
    outer loop
      vertex 85.5848 35.9751 11
      vertex 83.7334 39.0422 12
      vertex 83.7334 39.0422 11
    endloop
  endfacet
  facet normal -0.856118 -0.51678 0
    outer loop
      vertex 83.7334 39.0422 12
      vertex 85.5848 35.9751 11
      vertex 85.5848 35.9751 12
    endloop
  endfacet
  facet normal -0.74336 -0.668892 0
    outer loop
      vertex 83.7334 39.0422 11
      vertex 81.3531 41.6875 12
      vertex 81.3531 41.6875 11
    endloop
  endfacet
  facet normal -0.74336 -0.668892 0
    outer loop
      vertex 81.3531 41.6875 12
      vertex 83.7334 39.0422 11
      vertex 83.7334 39.0422 12
    endloop
  endfacet
  facet normal -0.607756 -0.794124 0
    outer loop
      vertex 78.4901 43.8786 11
      vertex 81.3531 41.6875 12
      vertex 78.4901 43.8786 12
    endloop
  endfacet
  facet normal -0.607756 -0.794124 -0
    outer loop
      vertex 81.3531 41.6875 12
      vertex 78.4901 43.8786 11
      vertex 81.3531 41.6875 11
    endloop
  endfacet
  facet normal -0.458915 -0.88848 0
    outer loop
      vertex 75.1905 45.5829 11
      vertex 78.4901 43.8786 12
      vertex 75.1905 45.5829 12
    endloop
  endfacet
  facet normal -0.458915 -0.88848 -0
    outer loop
      vertex 78.4901 43.8786 12
      vertex 75.1905 45.5829 11
      vertex 78.4901 43.8786 11
    endloop
  endfacet
  facet normal -0.30977 -0.950812 0
    outer loop
      vertex 71.4541 46.8002 11
      vertex 75.1905 45.5829 12
      vertex 71.4541 46.8002 12
    endloop
  endfacet
  facet normal -0.30977 -0.950812 -0
    outer loop
      vertex 75.1905 45.5829 12
      vertex 71.4541 46.8002 11
      vertex 75.1905 45.5829 11
    endloop
  endfacet
  facet normal -0.172378 -0.985031 0
    outer loop
      vertex 67.2809 47.5305 11
      vertex 71.4541 46.8002 12
      vertex 67.2809 47.5305 12
    endloop
  endfacet
  facet normal -0.172378 -0.985031 -0
    outer loop
      vertex 71.4541 46.8002 12
      vertex 67.2809 47.5305 11
      vertex 71.4541 46.8002 11
    endloop
  endfacet
  facet normal -0.0527487 -0.998608 0
    outer loop
      vertex 62.6711 47.774 11
      vertex 67.2809 47.5305 12
      vertex 62.6711 47.774 12
    endloop
  endfacet
  facet normal -0.0527487 -0.998608 -0
    outer loop
      vertex 67.2809 47.5305 12
      vertex 62.6711 47.774 11
      vertex 67.2809 47.5305 11
    endloop
  endfacet
  facet normal 0 -1 0
    outer loop
      vertex 45.3786 47.774 11
      vertex 62.6711 47.774 12
      vertex 45.3786 47.774 12
    endloop
  endfacet
  facet normal 0 -1 -0
    outer loop
      vertex 62.6711 47.774 12
      vertex 45.3786 47.774 11
      vertex 62.6711 47.774 11
    endloop
  endfacet
  facet normal 1 -0 0
    outer loop
      vertex 45.3786 0 12
      vertex 45.3786 47.774 11
      vertex 45.3786 47.774 12
    endloop
  endfacet
  facet normal 1 0 0
    outer loop
      vertex 45.3786 47.774 11
      vertex 45.3786 0 12
      vertex 45.3786 0 11
    endloop
  endfacet
  facet normal 0 1 -0
    outer loop
      vertex 64.7051 0 11
      vertex 45.3786 0 12
      vertex 64.7051 0 12
    endloop
  endfacet
  facet normal 0 1 0
    outer loop
      vertex 45.3786 0 12
      vertex 64.7051 0 11
      vertex 45.3786 0 11
    endloop
  endfacet
  facet normal -0.0435113 0.999053 0
    outer loop
      vertex 67.3832 0.116638 11
      vertex 64.7051 0 12
      vertex 67.3832 0.116638 12
    endloop
  endfacet
  facet normal -0.0435113 0.999053 0
    outer loop
      vertex 64.7051 0 12
      vertex 67.3832 0.116638 11
      vertex 64.7051 0 11
    endloop
  endfacet
  facet normal -1 0 0
    outer loop
      vertex 55.3811 7.7305 11
      vertex 55.3811 40.0435 12
      vertex 55.3811 40.0435 11
    endloop
  endfacet
  facet normal -1 -0 0
    outer loop
      vertex 55.3811 40.0435 12
      vertex 55.3811 7.7305 11
      vertex 55.3811 7.7305 12
    endloop
  endfacet
  facet normal 0 1 -0
    outer loop
      vertex 62.4676 40.0435 11
      vertex 55.3811 40.0435 12
      vertex 62.4676 40.0435 12
    endloop
  endfacet
  facet normal 0 1 0
    outer loop
      vertex 55.3811 40.0435 12
      vertex 62.4676 40.0435 11
      vertex 55.3811 40.0435 11
    endloop
  endfacet
  facet normal 0.057121 0.998367 -0
    outer loop
      vertex 65.3008 39.8814 11
      vertex 62.4676 40.0435 12
      vertex 65.3008 39.8814 12
    endloop
  endfacet
  facet normal 0.057121 0.998367 0
    outer loop
      vertex 62.4676 40.0435 12
      vertex 65.3008 39.8814 11
      vertex 62.4676 40.0435 11
    endloop
  endfacet
  facet normal 0.186636 0.982429 -0
    outer loop
      vertex 67.8601 39.3952 11
      vertex 65.3008 39.8814 12
      vertex 67.8601 39.3952 12
    endloop
  endfacet
  facet normal 0.186636 0.982429 0
    outer loop
      vertex 65.3008 39.8814 12
      vertex 67.8601 39.3952 11
      vertex 65.3008 39.8814 11
    endloop
  endfacet
  facet normal 0.334222 0.942494 -0
    outer loop
      vertex 70.1454 38.5848 11
      vertex 67.8601 39.3952 12
      vertex 70.1454 38.5848 12
    endloop
  endfacet
  facet normal 0.334222 0.942494 0
    outer loop
      vertex 67.8601 39.3952 12
      vertex 70.1454 38.5848 11
      vertex 67.8601 39.3952 11
    endloop
  endfacet
  facet normal 0.491328 0.870975 -0
    outer loop
      vertex 72.1567 37.4502 11
      vertex 70.1454 38.5848 12
      vertex 72.1567 37.4502 12
    endloop
  endfacet
  facet normal 0.491328 0.870975 0
    outer loop
      vertex 70.1454 38.5848 12
      vertex 72.1567 37.4502 11
      vertex 70.1454 38.5848 11
    endloop
  endfacet
  facet normal 0.643007 0.76586 -0
    outer loop
      vertex 73.8941 35.9915 11
      vertex 72.1567 37.4502 12
      vertex 73.8941 35.9915 12
    endloop
  endfacet
  facet normal 0.643007 0.76586 0
    outer loop
      vertex 72.1567 37.4502 12
      vertex 73.8941 35.9915 11
      vertex 72.1567 37.4502 11
    endloop
  endfacet
  facet normal 0.775031 0.631923 0
    outer loop
      vertex 75.3345 34.2249 12
      vertex 73.8941 35.9915 11
      vertex 73.8941 35.9915 12
    endloop
  endfacet
  facet normal 0.775031 0.631923 0
    outer loop
      vertex 73.8941 35.9915 11
      vertex 75.3345 34.2249 12
      vertex 75.3345 34.2249 11
    endloop
  endfacet
  facet normal 0.878326 0.478063 0
    outer loop
      vertex 76.4547 32.1668 12
      vertex 75.3345 34.2249 11
      vertex 75.3345 34.2249 12
    endloop
  endfacet
  facet normal 0.878326 0.478063 0
    outer loop
      vertex 75.3345 34.2249 11
      vertex 76.4547 32.1668 12
      vertex 76.4547 32.1668 11
    endloop
  endfacet
  facet normal 0.946613 0.322373 0
    outer loop
      vertex 77.2549 29.8171 12
      vertex 76.4547 32.1668 11
      vertex 76.4547 32.1668 12
    endloop
  endfacet
  facet normal 0.946613 0.322373 0
    outer loop
      vertex 76.4547 32.1668 11
      vertex 77.2549 29.8171 12
      vertex 77.2549 29.8171 11
    endloop
  endfacet
  facet normal 0.983872 0.178872 0
    outer loop
      vertex 77.7351 27.1758 12
      vertex 77.2549 29.8171 11
      vertex 77.2549 29.8171 12
    endloop
  endfacet
  facet normal 0.983872 0.178872 0
    outer loop
      vertex 77.2549 29.8171 11
      vertex 77.7351 27.1758 12
      vertex 77.7351 27.1758 11
    endloop
  endfacet
  facet normal 0.998515 0.0544744 0
    outer loop
      vertex 77.8951 24.243 12
      vertex 77.7351 27.1758 11
      vertex 77.7351 27.1758 12
    endloop
  endfacet
  facet normal 0.998515 0.0544744 0
    outer loop
      vertex 77.7351 27.1758 11
      vertex 77.8951 24.243 12
      vertex 77.8951 24.243 11
    endloop
  endfacet
  facet normal 0.998653 -0.0518777 0
    outer loop
      vertex 77.7432 21.3189 12
      vertex 77.8951 24.243 11
      vertex 77.8951 24.243 12
    endloop
  endfacet
  facet normal 0.998653 -0.0518777 0
    outer loop
      vertex 77.8951 24.243 11
      vertex 77.7432 21.3189 12
      vertex 77.7432 21.3189 11
    endloop
  endfacet
  facet normal 0.985737 -0.16829 0
    outer loop
      vertex 77.2875 18.6497 12
      vertex 77.7432 21.3189 11
      vertex 77.7432 21.3189 12
    endloop
  endfacet
  facet normal 0.985737 -0.16829 0
    outer loop
      vertex 77.7432 21.3189 11
      vertex 77.2875 18.6497 12
      vertex 77.2875 18.6497 11
    endloop
  endfacet
  facet normal 0.953909 -0.300097 0
    outer loop
      vertex 76.528 16.2355 12
      vertex 77.2875 18.6497 11
      vertex 77.2875 18.6497 12
    endloop
  endfacet
  facet normal 0.953909 -0.300097 0
    outer loop
      vertex 77.2875 18.6497 11
      vertex 76.528 16.2355 12
      vertex 76.528 16.2355 11
    endloop
  endfacet
  facet normal 0.89712 -0.441787 0
    outer loop
      vertex 75.4647 14.0763 12
      vertex 76.528 16.2355 11
      vertex 76.528 16.2355 12
    endloop
  endfacet
  facet normal 0.89712 -0.441787 0
    outer loop
      vertex 76.528 16.2355 11
      vertex 75.4647 14.0763 12
      vertex 75.4647 14.0763 11
    endloop
  endfacet
  facet normal 0.812342 -0.583182 0
    outer loop
      vertex 74.0976 12.172 12
      vertex 75.4647 14.0763 11
      vertex 75.4647 14.0763 12
    endloop
  endfacet
  facet normal 0.812342 -0.583182 0
    outer loop
      vertex 75.4647 14.0763 11
      vertex 74.0976 12.172 12
      vertex 74.0976 12.172 11
    endloop
  endfacet
  facet normal 0.701403 -0.712765 0
    outer loop
      vertex 72.4728 10.5731 11
      vertex 74.0976 12.172 12
      vertex 72.4728 10.5731 12
    endloop
  endfacet
  facet normal 0.701403 -0.712765 0
    outer loop
      vertex 74.0976 12.172 12
      vertex 72.4728 10.5731 11
      vertex 74.0976 12.172 11
    endloop
  endfacet
  facet normal 0.560739 -0.827993 0
    outer loop
      vertex 70.6364 9.32944 11
      vertex 72.4728 10.5731 12
      vertex 70.6364 9.32944 12
    endloop
  endfacet
  facet normal 0.560739 -0.827993 0
    outer loop
      vertex 72.4728 10.5731 12
      vertex 70.6364 9.32944 11
      vertex 72.4728 10.5731 11
    endloop
  endfacet
  facet normal 0.397925 -0.917418 0
    outer loop
      vertex 68.5884 8.44113 11
      vertex 70.6364 9.32944 12
      vertex 68.5884 8.44113 12
    endloop
  endfacet
  facet normal 0.397925 -0.917418 0
    outer loop
      vertex 70.6364 9.32944 12
      vertex 68.5884 8.44113 11
      vertex 70.6364 9.32944 11
    endloop
  endfacet
  facet normal 0.22957 -0.973292 0
    outer loop
      vertex 66.3288 7.90816 11
      vertex 68.5884 8.44113 12
      vertex 66.3288 7.90816 12
    endloop
  endfacet
  facet normal 0.22957 -0.973292 0
    outer loop
      vertex 68.5884 8.44113 12
      vertex 66.3288 7.90816 11
      vertex 68.5884 8.44113 11
    endloop
  endfacet
  facet normal 0.0717071 -0.997426 0
    outer loop
      vertex 63.8576 7.7305 11
      vertex 66.3288 7.90816 12
      vertex 63.8576 7.7305 12
    endloop
  endfacet
  facet normal 0.0717071 -0.997426 0
    outer loop
      vertex 66.3288 7.90816 12
      vertex 63.8576 7.7305 11
      vertex 66.3288 7.90816 11
    endloop
  endfacet
  facet normal 0 -1 0
    outer loop
      vertex 55.3811 7.7305 11
      vertex 63.8576 7.7305 12
      vertex 55.3811 7.7305 12
    endloop
  endfacet
  facet normal 0 -1 -0
    outer loop
      vertex 63.8576 7.7305 12
      vertex 55.3811 7.7305 11
      vertex 63.8576 7.7305 11
    endloop
  endfacet
  facet normal 0 0 -1
    outer loop
      vertex 78.0954 24.2433 22
      vertex 87.7648 24.241 22
      vertex 87.6497 21.3782 22
    endloop
  endfacet
  facet normal 0 0 -1
    outer loop
      vertex 77.9423 21.2968 22
      vertex 87.6497 21.3782 22
      vertex 87.3041 18.6655 22
    endloop
  endfacet
  facet normal 0 0 -1
    outer loop
      vertex 77.4824 18.6027 22
      vertex 87.3041 18.6655 22
      vertex 86.7286 16.1043 22
    endloop
  endfacet
  facet normal 0 0 -1
    outer loop
      vertex 77.9341 27.1992 22
      vertex 87.7648 24.241 22
      vertex 78.0954 24.2433 22
    endloop
  endfacet
  facet normal 0 0 -1
    outer loop
      vertex 77.4824 18.6027 22
      vertex 86.7286 16.1043 22
      vertex 85.9234 13.6942 22
    endloop
  endfacet
  facet normal 0 0 -1
    outer loop
      vertex 87.7648 24.241 22
      vertex 77.9341 27.1992 22
      vertex 87.5018 28.5495 22
    endloop
  endfacet
  facet normal 0 0 -1
    outer loop
      vertex 76.7142 16.1609 22
      vertex 85.9234 13.6942 22
      vertex 84.8888 11.4347 22
    endloop
  endfacet
  facet normal 0 0 -1
    outer loop
      vertex 75.6368 13.9731 22
      vertex 84.8888 11.4347 22
      vertex 83.6445 9.35396 22
    endloop
  endfacet
  facet normal 0 0 -1
    outer loop
      vertex 77.4491 29.8675 22
      vertex 87.5018 28.5495 22
      vertex 77.9341 27.1992 22
    endloop
  endfacet
  facet normal 0 0 -1
    outer loop
      vertex 75.6368 13.9731 22
      vertex 83.6445 9.35396 22
      vertex 82.2101 7.47986 22
    endloop
  endfacet
  facet normal 0 0 -1
    outer loop
      vertex 87.5018 28.5495 22
      vertex 77.4491 29.8675 22
      vertex 86.7144 32.4305 22
    endloop
  endfacet
  facet normal 0 0 -1
    outer loop
      vertex 74.2501 12.0415 22
      vertex 82.2101 7.47986 22
      vertex 80.5857 5.8119 22
    endloop
  endfacet
  facet normal 0 0 -1
    outer loop
      vertex 74.2501 12.0415 22
      vertex 80.5857 5.8119 22
      vertex 78.7706 4.3493 22
    endloop
  endfacet
  facet normal -0 0 -1
    outer loop
      vertex 87.6497 21.3782 22
      vertex 77.9423 21.2968 22
      vertex 78.0954 24.2433 22
    endloop
  endfacet
  facet normal 0 0 -1
    outer loop
      vertex 76.6386 32.2474 22
      vertex 85.4042 35.8873 22
      vertex 77.4491 29.8675 22
    endloop
  endfacet
  facet normal -0 0 -1
    outer loop
      vertex 86.7144 32.4305 22
      vertex 77.4491 29.8675 22
      vertex 85.4042 35.8873 22
    endloop
  endfacet
  facet normal -0 0 -1
    outer loop
      vertex 87.3041 18.6655 22
      vertex 77.4824 18.6027 22
      vertex 77.9423 21.2968 22
    endloop
  endfacet
  facet normal 0 0 -1
    outer loop
      vertex 72.6001 10.4177 22
      vertex 78.7706 4.3493 22
      vertex 76.7639 3.09143 22
    endloop
  endfacet
  facet normal 0 0 -1
    outer loop
      vertex 85.9234 13.6942 22
      vertex 76.7142 16.1609 22
      vertex 77.4824 18.6027 22
    endloop
  endfacet
  facet normal 0 0 -1
    outer loop
      vertex 84.8888 11.4347 22
      vertex 75.6368 13.9731 22
      vertex 76.7142 16.1609 22
    endloop
  endfacet
  facet normal 0 0 -1
    outer loop
      vertex 70.7331 9.15338 22
      vertex 76.7639 3.09143 22
      vertex 74.5996 2.05118 22
    endloop
  endfacet
  facet normal 0 0 -1
    outer loop
      vertex 82.2101 7.47986 22
      vertex 74.2501 12.0415 22
      vertex 75.6368 13.9731 22
    endloop
  endfacet
  facet normal 0 0 -1
    outer loop
      vertex 78.7706 4.3493 22
      vertex 72.6001 10.4177 22
      vertex 74.2501 12.0415 22
    endloop
  endfacet
  facet normal 0 0 -1
    outer loop
      vertex 70.7331 9.15338 22
      vertex 74.5996 2.05118 22
      vertex 72.312 1.24181 22
    endloop
  endfacet
  facet normal 0 0 -1
    outer loop
      vertex 76.7639 3.09143 22
      vertex 70.7331 9.15338 22
      vertex 72.6001 10.4177 22
    endloop
  endfacet
  facet normal 0 0 -1
    outer loop
      vertex 68.6517 8.25056 22
      vertex 72.312 1.24181 22
      vertex 69.9007 0.663345 22
    endloop
  endfacet
  facet normal 0 0 -1
    outer loop
      vertex 72.312 1.24181 22
      vertex 68.6517 8.25056 22
      vertex 70.7331 9.15338 22
    endloop
  endfacet
  facet normal 0 0 -1
    outer loop
      vertex 66.3591 7.70982 22
      vertex 69.9007 0.663345 22
      vertex 67.3652 0.316055 22
    endloop
  endfacet
  facet normal 0 0 -1
    outer loop
      vertex 69.9007 0.663345 22
      vertex 66.3591 7.70982 22
      vertex 68.6517 8.25056 22
    endloop
  endfacet
  facet normal 0 0 -1
    outer loop
      vertex 64.7006 0.199997 22
      vertex 66.3591 7.70982 22
      vertex 67.3652 0.316055 22
    endloop
  endfacet
  facet normal 0 0 -1
    outer loop
      vertex 64.7006 0.199997 22
      vertex 63.8648 7.5305 22
      vertex 66.3591 7.70982 22
    endloop
  endfacet
  facet normal 0 0 -1
    outer loop
      vertex 64.7006 0.199997 22
      vertex 55.1811 7.5305 22
      vertex 63.8648 7.5305 22
    endloop
  endfacet
  facet normal -0 0 -1
    outer loop
      vertex 55.1811 7.5305 22
      vertex 45.5786 0.199997 22
      vertex 55.1811 40.2435 22
    endloop
  endfacet
  facet normal 0 0 -1
    outer loop
      vertex 45.5786 0.199997 22
      vertex 55.1811 7.5305 22
      vertex 64.7006 0.199997 22
    endloop
  endfacet
  facet normal -0 0 -1
    outer loop
      vertex 85.4042 35.8873 22
      vertex 76.6386 32.2474 22
      vertex 83.572 38.9225 22
    endloop
  endfacet
  facet normal 0 0 -1
    outer loop
      vertex 75.5012 34.3369 22
      vertex 83.572 38.9225 22
      vertex 76.6386 32.2474 22
    endloop
  endfacet
  facet normal -0 0 -1
    outer loop
      vertex 83.572 38.9225 22
      vertex 75.5012 34.3369 22
      vertex 81.2169 41.5399 22
    endloop
  endfacet
  facet normal 0 0 -1
    outer loop
      vertex 74.0372 36.1325 22
      vertex 81.2169 41.5399 22
      vertex 75.5012 34.3369 22
    endloop
  endfacet
  facet normal -0 0 -1
    outer loop
      vertex 81.2169 41.5399 22
      vertex 74.0372 36.1325 22
      vertex 78.3827 43.709 22
    endloop
  endfacet
  facet normal 0 0 -1
    outer loop
      vertex 72.2711 37.6153 22
      vertex 78.3827 43.709 22
      vertex 74.0372 36.1325 22
    endloop
  endfacet
  facet normal -0 0 -1
    outer loop
      vertex 78.3827 43.709 22
      vertex 72.2711 37.6153 22
      vertex 75.113 45.3978 22
    endloop
  endfacet
  facet normal 0 0 -1
    outer loop
      vertex 70.2286 38.7675 22
      vertex 75.113 45.3978 22
      vertex 72.2711 37.6153 22
    endloop
  endfacet
  facet normal -0 0 -1
    outer loop
      vertex 75.113 45.3978 22
      vertex 70.2286 38.7675 22
      vertex 71.4057 46.6056 22
    endloop
  endfacet
  facet normal 0 0 -1
    outer loop
      vertex 67.9125 39.5888 22
      vertex 71.4057 46.6056 22
      vertex 70.2286 38.7675 22
    endloop
  endfacet
  facet normal 0 0 -1
    outer loop
      vertex 67.9125 39.5888 22
      vertex 67.2583 47.3315 22
      vertex 71.4057 46.6056 22
    endloop
  endfacet
  facet normal 0 0 -1
    outer loop
      vertex 65.3253 40.0803 22
      vertex 67.2583 47.3315 22
      vertex 67.9125 39.5888 22
    endloop
  endfacet
  facet normal 0 0 -1
    outer loop
      vertex 65.3253 40.0803 22
      vertex 62.6658 47.574 22
      vertex 67.2583 47.3315 22
    endloop
  endfacet
  facet normal 0 0 -1
    outer loop
      vertex 62.4733 40.2435 22
      vertex 62.6658 47.574 22
      vertex 65.3253 40.0803 22
    endloop
  endfacet
  facet normal 0 0 -1
    outer loop
      vertex 55.1811 40.2435 22
      vertex 62.6658 47.574 22
      vertex 62.4733 40.2435 22
    endloop
  endfacet
  facet normal 0 0 -1
    outer loop
      vertex 55.1811 40.2435 22
      vertex 45.5786 47.574 22
      vertex 62.6658 47.574 22
    endloop
  endfacet
  facet normal 0 0 -1
    outer loop
      vertex 45.5786 47.574 22
      vertex 55.1811 40.2435 22
      vertex 45.5786 0.199997 22
    endloop
  endfacet
  facet normal 0 0 -1
    outer loop
      vertex 26.4679 12.4841 22
      vertex 35.9095 13.2577 22
      vertex 35.7352 10.7235 22
    endloop
  endfacet
  facet normal 0 0 -1
    outer loop
      vertex 35.9095 13.2577 22
      vertex 26.5454 13.8358 22
      vertex 35.7927 15.0082 22
    endloop
  endfacet
  facet normal 0 0 -1
    outer loop
      vertex 26.2345 11.2738 22
      vertex 35.7352 10.7235 22
      vertex 35.2137 8.43678 22
    endloop
  endfacet
  facet normal -0 0 -1
    outer loop
      vertex 35.9095 13.2577 22
      vertex 26.4679 12.4841 22
      vertex 26.5454 13.8358 22
    endloop
  endfacet
  facet normal 0 0 -1
    outer loop
      vertex 26.2345 11.2738 22
      vertex 35.2137 8.43678 22
      vertex 34.3465 6.39565 22
    endloop
  endfacet
  facet normal -0 0 -1
    outer loop
      vertex 35.7927 15.0082 22
      vertex 26.5454 13.8358 22
      vertex 35.4432 16.6252 22
    endloop
  endfacet
  facet normal 0 0 -1
    outer loop
      vertex 25.8428 10.2037 22
      vertex 34.3465 6.39565 22
      vertex 33.1338 4.59665 22
    endloop
  endfacet
  facet normal 0 0 -1
    outer loop
      vertex 26.4509 15.0814 22
      vertex 35.4432 16.6252 22
      vertex 26.5454 13.8358 22
    endloop
  endfacet
  facet normal -0 0 -1
    outer loop
      vertex 34.8618 18.1101 22
      vertex 26.4509 15.0814 22
      vertex 34.0482 19.4655 22
    endloop
  endfacet
  facet normal 0 0 -1
    outer loop
      vertex 25.2911 9.27637 22
      vertex 33.1338 4.59665 22
      vertex 31.5735 3.03632 22
    endloop
  endfacet
  facet normal -0 0 -1
    outer loop
      vertex 35.4432 16.6252 22
      vertex 26.4509 15.0814 22
      vertex 34.8618 18.1101 22
    endloop
  endfacet
  facet normal 0 0 -1
    outer loop
      vertex 25.2911 9.27637 22
      vertex 31.5735 3.03632 22
      vertex 29.6902 1.73795 22
    endloop
  endfacet
  facet normal 0 0 -1
    outer loop
      vertex 26.1653 16.2127 22
      vertex 34.0482 19.4655 22
      vertex 26.4509 15.0814 22
    endloop
  endfacet
  facet normal 0 0 -1
    outer loop
      vertex 24.5808 8.49702 22
      vertex 29.6902 1.73795 22
      vertex 27.5087 0.726089 22
    endloop
  endfacet
  facet normal -0 0 -1
    outer loop
      vertex 34.0482 19.4655 22
      vertex 26.1653 16.2127 22
      vertex 33.0012 20.693 22
    endloop
  endfacet
  facet normal 0 0 -1
    outer loop
      vertex 25.6871 17.2252 22
      vertex 31.7379 21.7663 22
      vertex 26.1653 16.2127 22
    endloop
  endfacet
  facet normal -0 0 -1
    outer loop
      vertex 33.0012 20.693 22
      vertex 26.1653 16.2127 22
      vertex 31.7379 21.7663 22
    endloop
  endfacet
  facet normal 0 0 -1
    outer loop
      vertex 35.7352 10.7235 22
      vertex 26.2345 11.2738 22
      vertex 26.4679 12.4841 22
    endloop
  endfacet
  facet normal 0 0 -1
    outer loop
      vertex 34.3465 6.39565 22
      vertex 25.8428 10.2037 22
      vertex 26.2345 11.2738 22
    endloop
  endfacet
  facet normal 0 0 -1
    outer loop
      vertex 33.1338 4.59665 22
      vertex 25.2911 9.27637 22
      vertex 25.8428 10.2037 22
    endloop
  endfacet
  facet normal 0 0 -1
    outer loop
      vertex 23.731 7.86496 22
      vertex 27.5087 0.726089 22
      vertex 25.0266 0.00154114 22
    endloop
  endfacet
  facet normal 0 0 -1
    outer loop
      vertex 29.6902 1.73795 22
      vertex 24.5808 8.49702 22
      vertex 25.2911 9.27637 22
    endloop
  endfacet
  facet normal 0 0 -1
    outer loop
      vertex 27.5087 0.726089 22
      vertex 23.731 7.86496 22
      vertex 24.5808 8.49702 22
    endloop
  endfacet
  facet normal 0 0 -1
    outer loop
      vertex 25.0266 0.00154114 22
      vertex 22.7588 7.37543 22
      vertex 23.731 7.86496 22
    endloop
  endfacet
  facet normal 0 0 -1
    outer loop
      vertex 21.6659 7.02742 22
      vertex 25.0266 0.00154114 22
      vertex 22.2425 -0.434235 22
    endloop
  endfacet
  facet normal 0 0 -1
    outer loop
      vertex 25.0266 0.00154114 22
      vertex 21.6659 7.02742 22
      vertex 22.7588 7.37543 22
    endloop
  endfacet
  facet normal 0 0 -1
    outer loop
      vertex 22.2425 -0.434235 22
      vertex 20.4539 6.81967 22
      vertex 21.6659 7.02742 22
    endloop
  endfacet
  facet normal 0 0 -1
    outer loop
      vertex 19.157 -0.579773 22
      vertex 20.4539 6.81967 22
      vertex 22.2425 -0.434235 22
    endloop
  endfacet
  facet normal 0 0 -1
    outer loop
      vertex 19.157 -0.579773 22
      vertex 19.1173 6.75043 22
      vertex 20.4539 6.81967 22
    endloop
  endfacet
  facet normal 0 0 -1
    outer loop
      vertex 16.225 -0.439026 22
      vertex 19.1173 6.75043 22
      vertex 19.157 -0.579773 22
    endloop
  endfacet
  facet normal -0 0 -1
    outer loop
      vertex 19.1173 6.75043 22
      vertex 16.225 -0.439026 22
      vertex 16.5473 7.03049 22
    endloop
  endfacet
  facet normal 0 0 -1
    outer loop
      vertex 13.5477 -0.0174866 22
      vertex 16.5473 7.03049 22
      vertex 16.225 -0.439026 22
    endloop
  endfacet
  facet normal -0 0 -1
    outer loop
      vertex 16.5473 7.03049 22
      vertex 13.5477 -0.0174866 22
      vertex 14.4435 7.87956 22
    endloop
  endfacet
  facet normal 0 0 -1
    outer loop
      vertex 11.1257 0.683578 22
      vertex 14.4435 7.87956 22
      vertex 13.5477 -0.0174866 22
    endloop
  endfacet
  facet normal 0 0 -1
    outer loop
      vertex 8.95708 1.66336 22
      vertex 14.4435 7.87956 22
      vertex 11.1257 0.683578 22
    endloop
  endfacet
  facet normal -0 0 -1
    outer loop
      vertex 14.4435 7.87956 22
      vertex 8.95708 1.66336 22
      vertex 12.826 9.30107 22
    endloop
  endfacet
  facet normal 0 0 -1
    outer loop
      vertex 7.04063 2.92105 22
      vertex 12.826 9.30107 22
      vertex 8.95708 1.66336 22
    endloop
  endfacet
  facet normal 0 0 -1
    outer loop
      vertex 5.39873 4.44081 22
      vertex 12.826 9.30107 22
      vertex 7.04063 2.92105 22
    endloop
  endfacet
  facet normal -0 0 -1
    outer loop
      vertex 12.826 9.30107 22
      vertex 5.39873 4.44081 22
      vertex 11.7095 11.2819 22
    endloop
  endfacet
  facet normal 0 0 -1
    outer loop
      vertex 4.05385 6.20708 22
      vertex 11.7095 11.2819 22
      vertex 5.39873 4.44081 22
    endloop
  endfacet
  facet normal 0 0 -1
    outer loop
      vertex 3.00441 8.22238 22
      vertex 11.7095 11.2819 22
      vertex 4.05385 6.20708 22
    endloop
  endfacet
  facet normal 0 0 -1
    outer loop
      vertex 2.25027 10.4893 22
      vertex 11.7095 11.2819 22
      vertex 3.00441 8.22238 22
    endloop
  endfacet
  facet normal -0 0 -1
    outer loop
      vertex 11.7095 11.2819 22
      vertex 2.25027 10.4893 22
      vertex 11.1375 13.6198 22
    endloop
  endfacet
  facet normal 0 0 -1
    outer loop
      vertex 11.1375 13.6198 22
      vertex 2.25027 10.4893 22
      vertex 1.82948 12.8059 22
    endloop
  endfacet
  facet normal -0 0 -1
    outer loop
      vertex 31.7379 21.7663 22
      vertex 25.6871 17.2252 22
      vertex 30.2739 22.6587 22
    endloop
  endfacet
  facet normal 0 0 -1
    outer loop
      vertex 25.0172 18.1146 22
      vertex 30.2739 22.6587 22
      vertex 25.6871 17.2252 22
    endloop
  endfacet
  facet normal -0 0 -1
    outer loop
      vertex 30.2739 22.6587 22
      vertex 25.0172 18.1146 22
      vertex 28.607 23.3704 22
    endloop
  endfacet
  facet normal -0 0 -1
    outer loop
      vertex 28.607 23.3704 22
      vertex 25.0172 18.1146 22
      vertex 26.736 23.9004 22
    endloop
  endfacet
  facet normal 0 0 -1
    outer loop
      vertex 24.1586 18.8777 22
      vertex 26.736 23.9004 22
      vertex 25.0172 18.1146 22
    endloop
  endfacet
  facet normal 0 0 -1
    outer loop
      vertex 23.1171 19.5061 22
      vertex 24.484 24.2772 22
      vertex 24.1586 18.8777 22
    endloop
  endfacet
  facet normal -0 0 -1
    outer loop
      vertex 26.736 23.9004 22
      vertex 24.1586 18.8777 22
      vertex 24.484 24.2772 22
    endloop
  endfacet
  facet normal 0 0 -1
    outer loop
      vertex 34.2757 32.4989 22
      vertex 25.3422 33.3647 22
      vertex 25.4269 34.5834 22
    endloop
  endfacet
  facet normal 0 0 -1
    outer loop
      vertex 28.1931 25.8348 22
      vertex 25.0863 32.2569 22
      vertex 25.3422 33.3647 22
    endloop
  endfacet
  facet normal 0 0 -1
    outer loop
      vertex 28.1931 25.8348 22
      vertex 24.6578 31.2628 22
      vertex 25.0863 32.2569 22
    endloop
  endfacet
  facet normal 0 0 -1
    outer loop
      vertex 23.2844 29.6304 22
      vertex 26.5136 25.231 22
      vertex 24.484 24.7393 22
    endloop
  endfacet
  facet normal 0 0 -1
    outer loop
      vertex 21.8984 19.992 22
      vertex 24.484 24.2772 22
      vertex 23.1171 19.5061 22
    endloop
  endfacet
  facet normal 0 0 -1
    outer loop
      vertex 28.1931 25.8348 22
      vertex 24.0565 30.3863 22
      vertex 24.6578 31.2628 22
    endloop
  endfacet
  facet normal 0 0 -1
    outer loop
      vertex 26.5136 25.231 22
      vertex 23.2844 29.6304 22
      vertex 24.0565 30.3863 22
    endloop
  endfacet
  facet normal 0 0 -1
    outer loop
      vertex 20.5044 20.3371 22
      vertex 24.484 24.2772 22
      vertex 21.8984 19.992 22
    endloop
  endfacet
  facet normal 0 0 -1
    outer loop
      vertex 24.484 24.7393 22
      vertex 22.3455 29.0062 22
      vertex 23.2844 29.6304 22
    endloop
  endfacet
  facet normal 0 0 -1
    outer loop
      vertex 19.9842 28.1808 22
      vertex 24.484 24.2772 22
      vertex 20.5044 20.3371 22
    endloop
  endfacet
  facet normal 0 0 -1
    outer loop
      vertex 24.484 24.7393 22
      vertex 21.2445 28.5235 22
      vertex 22.3455 29.0062 22
    endloop
  endfacet
  facet normal 0 0 -1
    outer loop
      vertex 24.484 24.2772 22
      vertex 19.9842 28.1808 22
      vertex 24.484 24.7393 22
    endloop
  endfacet
  facet normal 0 0 -1
    outer loop
      vertex 24.484 24.7393 22
      vertex 19.9842 28.1808 22
      vertex 21.2445 28.5235 22
    endloop
  endfacet
  facet normal 0 0 -1
    outer loop
      vertex 18.9353 20.5432 22
      vertex 19.9842 28.1808 22
      vertex 20.5044 20.3371 22
    endloop
  endfacet
  facet normal 0 0 -1
    outer loop
      vertex 18.9353 20.5432 22
      vertex 18.5652 27.9762 22
      vertex 19.9842 28.1808 22
    endloop
  endfacet
  facet normal 0 0 -1
    outer loop
      vertex 17.1944 20.6115 22
      vertex 18.5652 27.9762 22
      vertex 18.9353 20.5432 22
    endloop
  endfacet
  facet normal 0 0 -1
    outer loop
      vertex 17.1944 20.6115 22
      vertex 16.9913 27.9085 22
      vertex 18.5652 27.9762 22
    endloop
  endfacet
  facet normal 0 0 -1
    outer loop
      vertex 14.0675 20.6115 22
      vertex 16.9913 27.9085 22
      vertex 17.1944 20.6115 22
    endloop
  endfacet
  facet normal -0 0 -1
    outer loop
      vertex 16.9913 27.9085 22
      vertex 14.0675 20.6115 22
      vertex 14.0675 27.9085 22
    endloop
  endfacet
  facet normal 0 0 -1
    outer loop
      vertex 25.4269 34.5834 22
      vertex 34.6891 35.7697 22
      vertex 34.5856 34.07 22
    endloop
  endfacet
  facet normal 0 0 -1
    outer loop
      vertex 25.4269 34.5834 22
      vertex 34.5856 34.07 22
      vertex 34.2757 32.4989 22
    endloop
  endfacet
  facet normal -0 0 -1
    outer loop
      vertex 34.6891 35.7697 22
      vertex 25.3596 35.7382 22
      vertex 34.5224 38.0229 22
    endloop
  endfacet
  facet normal 0 0 -1
    outer loop
      vertex 25.3422 33.3647 22
      vertex 34.2757 32.4989 22
      vertex 33.7604 31.0562 22
    endloop
  endfacet
  facet normal 0 0 -1
    outer loop
      vertex 25.1569 36.7934 22
      vertex 34.5224 38.0229 22
      vertex 25.3596 35.7382 22
    endloop
  endfacet
  facet normal 0 0 -1
    outer loop
      vertex 25.3422 33.3647 22
      vertex 33.7604 31.0562 22
      vertex 33.0398 29.7402 22
    endloop
  endfacet
  facet normal 0 0 -1
    outer loop
      vertex 25.3422 33.3647 22
      vertex 33.0398 29.7402 22
      vertex 32.1131 28.5485 22
    endloop
  endfacet
  facet normal 0 0 -1
    outer loop
      vertex 34.6891 35.7697 22
      vertex 25.4269 34.5834 22
      vertex 25.3596 35.7382 22
    endloop
  endfacet
  facet normal 0 0 -1
    outer loop
      vertex 25.3422 33.3647 22
      vertex 32.1131 28.5485 22
      vertex 30.9915 27.4939 22
    endloop
  endfacet
  facet normal -0 0 -1
    outer loop
      vertex 34.5224 38.0229 22
      vertex 25.1569 36.7934 22
      vertex 34.0242 40.0645 22
    endloop
  endfacet
  facet normal 0 0 -1
    outer loop
      vertex 25.3422 33.3647 22
      vertex 30.9915 27.4939 22
      vertex 29.6854 26.5894 22
    endloop
  endfacet
  facet normal 0 0 -1
    outer loop
      vertex 24.8173 37.7492 22
      vertex 34.0242 40.0645 22
      vertex 25.1569 36.7934 22
    endloop
  endfacet
  facet normal 0 0 -1
    outer loop
      vertex 25.3422 33.3647 22
      vertex 29.6854 26.5894 22
      vertex 28.1931 25.8348 22
    endloop
  endfacet
  facet normal -0 0 -1
    outer loop
      vertex 34.0242 40.0645 22
      vertex 24.8173 37.7492 22
      vertex 33.1955 41.8981 22
    endloop
  endfacet
  facet normal 0 0 -1
    outer loop
      vertex 24.0565 30.3863 22
      vertex 28.1931 25.8348 22
      vertex 26.5136 25.231 22
    endloop
  endfacet
  facet normal -0 0 -1
    outer loop
      vertex 33.1955 41.8981 22
      vertex 24.8173 37.7492 22
      vertex 32.0358 43.5274 22
    endloop
  endfacet
  facet normal 0 0 -1
    outer loop
      vertex 24.3399 38.6033 22
      vertex 32.0358 43.5274 22
      vertex 24.8173 37.7492 22
    endloop
  endfacet
  facet normal -0 0 -1
    outer loop
      vertex 32.0358 43.5274 22
      vertex 24.3399 38.6033 22
      vertex 30.5424 44.9553 22
    endloop
  endfacet
  facet normal 0 0 -1
    outer loop
      vertex 23.7249 39.3536 22
      vertex 30.5424 44.9553 22
      vertex 24.3399 38.6033 22
    endloop
  endfacet
  facet normal -0 0 -1
    outer loop
      vertex 30.5424 44.9553 22
      vertex 23.7249 39.3536 22
      vertex 28.7512 46.1512 22
    endloop
  endfacet
  facet normal -0 0 -1
    outer loop
      vertex 28.7512 46.1512 22
      vertex 23.7249 39.3536 22
      vertex 26.6982 47.0832 22
    endloop
  endfacet
  facet normal 0 0 -1
    outer loop
      vertex 22.9781 39.982 22
      vertex 26.6982 47.0832 22
      vertex 23.7249 39.3536 22
    endloop
  endfacet
  facet normal -0 0 -1
    outer loop
      vertex 26.6982 47.0832 22
      vertex 22.9781 39.982 22
      vertex 24.3815 47.7505 22
    endloop
  endfacet
  facet normal 0 0 -1
    outer loop
      vertex 22.1075 40.4697 22
      vertex 24.3815 47.7505 22
      vertex 22.9781 39.982 22
    endloop
  endfacet
  facet normal 0 0 -1
    outer loop
      vertex 21.117 40.8163 22
      vertex 24.3815 47.7505 22
      vertex 22.1075 40.4697 22
    endloop
  endfacet
  facet normal -0 0 -1
    outer loop
      vertex 24.3815 47.7505 22
      vertex 21.117 40.8163 22
      vertex 21.7999 48.1517 22
    endloop
  endfacet
  facet normal 0 0 -1
    outer loop
      vertex 20.009 41.0228 22
      vertex 21.7999 48.1517 22
      vertex 21.117 40.8163 22
    endloop
  endfacet
  facet normal 0 0 -1
    outer loop
      vertex 20.009 41.0228 22
      vertex 18.9539 48.2858 22
      vertex 21.7999 48.1517 22
    endloop
  endfacet
  facet normal 0 0 -1
    outer loop
      vertex 18.7838 41.0913 22
      vertex 18.9539 48.2858 22
      vertex 20.009 41.0228 22
    endloop
  endfacet
  facet normal 0 0 -1
    outer loop
      vertex 17.6252 41.0248 22
      vertex 18.9539 48.2858 22
      vertex 18.7838 41.0913 22
    endloop
  endfacet
  facet normal 0 0 -1
    outer loop
      vertex 16.2614 48.1472 22
      vertex 17.6252 41.0248 22
      vertex 16.5548 40.8245 22
    endloop
  endfacet
  facet normal 0 0 -1
    outer loop
      vertex 17.6252 41.0248 22
      vertex 16.2614 48.1472 22
      vertex 18.9539 48.2858 22
    endloop
  endfacet
  facet normal 0 0 -1
    outer loop
      vertex 13.786 47.7321 22
      vertex 16.5548 40.8245 22
      vertex 15.5734 40.4893 22
    endloop
  endfacet
  facet normal 0 0 -1
    outer loop
      vertex 11.527 47.0416 22
      vertex 15.5734 40.4893 22
      vertex 14.6831 40.0186 22
    endloop
  endfacet
  facet normal 0 0 -1
    outer loop
      vertex 9.48311 46.0766 22
      vertex 14.6831 40.0186 22
      vertex 13.8857 39.4127 22
    endloop
  endfacet
  facet normal 0 0 -1
    outer loop
      vertex 16.5548 40.8245 22
      vertex 13.786 47.7321 22
      vertex 16.2614 48.1472 22
    endloop
  endfacet
  facet normal 0 0 -1
    outer loop
      vertex 7.65221 44.8367 22
      vertex 13.8857 39.4127 22
      vertex 13.199 38.683 22
    endloop
  endfacet
  facet normal 0 0 -1
    outer loop
      vertex 6.07152 43.3549 22
      vertex 13.199 38.683 22
      vertex 12.6404 37.8416 22
    endloop
  endfacet
  facet normal 0 0 -1
    outer loop
      vertex 4.77757 41.663 22
      vertex 12.6404 37.8416 22
      vertex 12.2106 36.8911 22
    endloop
  endfacet
  facet normal 0 0 -1
    outer loop
      vertex 3.76884 39.759 22
      vertex 12.2106 36.8911 22
      vertex 11.9094 35.8337 22
    endloop
  endfacet
  facet normal 0 0 -1
    outer loop
      vertex 15.5734 40.4893 22
      vertex 11.527 47.0416 22
      vertex 13.786 47.7321 22
    endloop
  endfacet
  facet normal 0 0 -1
    outer loop
      vertex 3.04491 37.6407 22
      vertex 11.9094 35.8337 22
      vertex 11.7646 34.8646 22
    endloop
  endfacet
  facet normal 0 0 -1
    outer loop
      vertex 14.6831 40.0186 22
      vertex 9.48311 46.0766 22
      vertex 11.527 47.0416 22
    endloop
  endfacet
  facet normal 0 0 -1
    outer loop
      vertex 13.8857 39.4127 22
      vertex 7.65221 44.8367 22
      vertex 9.48311 46.0766 22
    endloop
  endfacet
  facet normal 0 0 -1
    outer loop
      vertex 13.199 38.683 22
      vertex 6.07152 43.3549 22
      vertex 7.65221 44.8367 22
    endloop
  endfacet
  facet normal 0 0 -1
    outer loop
      vertex 12.6404 37.8416 22
      vertex 4.77757 41.663 22
      vertex 6.07152 43.3549 22
    endloop
  endfacet
  facet normal 0 0 -1
    outer loop
      vertex 12.2106 36.8911 22
      vertex 3.76884 39.759 22
      vertex 4.77757 41.663 22
    endloop
  endfacet
  facet normal 0 0 -1
    outer loop
      vertex 11.9094 35.8337 22
      vertex 3.04491 37.6407 22
      vertex 3.76884 39.759 22
    endloop
  endfacet
  facet normal 0 -0 -1
    outer loop
      vertex 3.04491 37.6407 22
      vertex 11.7646 34.8646 22
      vertex 2.64546 35.5141 22
    endloop
  endfacet
  facet normal 0 0 1
    outer loop
      vertex 25.3596 35.7382 23
      vertex 34.6891 35.7697 23
      vertex 34.5224 38.0229 23
    endloop
  endfacet
  facet normal 0 -0 1
    outer loop
      vertex 25.4269 34.5834 23
      vertex 34.6891 35.7697 23
      vertex 25.3596 35.7382 23
    endloop
  endfacet
  facet normal 0 0 1
    outer loop
      vertex 25.1569 36.7934 23
      vertex 34.5224 38.0229 23
      vertex 34.0242 40.0645 23
    endloop
  endfacet
  facet normal 0 0 1
    outer loop
      vertex 34.6891 35.7697 23
      vertex 25.4269 34.5834 23
      vertex 34.5856 34.07 23
    endloop
  endfacet
  facet normal 0 0 1
    outer loop
      vertex 24.8173 37.7492 23
      vertex 34.0242 40.0645 23
      vertex 33.1955 41.8981 23
    endloop
  endfacet
  facet normal 0 0 1
    outer loop
      vertex 34.5856 34.07 23
      vertex 25.4269 34.5834 23
      vertex 34.2757 32.4989 23
    endloop
  endfacet
  facet normal -0 0 1
    outer loop
      vertex 25.3422 33.3647 23
      vertex 34.2757 32.4989 23
      vertex 25.4269 34.5834 23
    endloop
  endfacet
  facet normal 0 0 1
    outer loop
      vertex 24.8173 37.7492 23
      vertex 33.1955 41.8981 23
      vertex 32.0358 43.5274 23
    endloop
  endfacet
  facet normal 0 0 1
    outer loop
      vertex 34.2757 32.4989 23
      vertex 25.3422 33.3647 23
      vertex 33.7604 31.0562 23
    endloop
  endfacet
  facet normal 0 0 1
    outer loop
      vertex 24.3399 38.6033 23
      vertex 32.0358 43.5274 23
      vertex 30.5424 44.9553 23
    endloop
  endfacet
  facet normal 0 0 1
    outer loop
      vertex 33.7604 31.0562 23
      vertex 25.3422 33.3647 23
      vertex 33.0398 29.7402 23
    endloop
  endfacet
  facet normal 0 0 1
    outer loop
      vertex 23.7249 39.3536 23
      vertex 30.5424 44.9553 23
      vertex 28.7512 46.1512 23
    endloop
  endfacet
  facet normal -0 0 1
    outer loop
      vertex 25.0863 32.2569 23
      vertex 33.0398 29.7402 23
      vertex 25.3422 33.3647 23
    endloop
  endfacet
  facet normal 0 0 1
    outer loop
      vertex 23.7249 39.3536 23
      vertex 28.7512 46.1512 23
      vertex 26.6982 47.0832 23
    endloop
  endfacet
  facet normal 0 0 1
    outer loop
      vertex 33.0398 29.7402 23
      vertex 25.0863 32.2569 23
      vertex 32.1131 28.5485 23
    endloop
  endfacet
  facet normal -0 0 1
    outer loop
      vertex 24.6578 31.2628 23
      vertex 30.9915 27.4939 23
      vertex 25.0863 32.2569 23
    endloop
  endfacet
  facet normal 0 0 1
    outer loop
      vertex 32.1131 28.5485 23
      vertex 25.0863 32.2569 23
      vertex 30.9915 27.4939 23
    endloop
  endfacet
  facet normal 0 0 1
    outer loop
      vertex 34.5224 38.0229 23
      vertex 25.1569 36.7934 23
      vertex 25.3596 35.7382 23
    endloop
  endfacet
  facet normal 0 0 1
    outer loop
      vertex 34.0242 40.0645 23
      vertex 24.8173 37.7492 23
      vertex 25.1569 36.7934 23
    endloop
  endfacet
  facet normal 0 0 1
    outer loop
      vertex 22.9781 39.982 23
      vertex 26.6982 47.0832 23
      vertex 24.3815 47.7505 23
    endloop
  endfacet
  facet normal 0 0 1
    outer loop
      vertex 32.0358 43.5274 23
      vertex 24.3399 38.6033 23
      vertex 24.8173 37.7492 23
    endloop
  endfacet
  facet normal 0 0 1
    outer loop
      vertex 30.5424 44.9553 23
      vertex 23.7249 39.3536 23
      vertex 24.3399 38.6033 23
    endloop
  endfacet
  facet normal 0 0 1
    outer loop
      vertex 26.6982 47.0832 23
      vertex 22.9781 39.982 23
      vertex 23.7249 39.3536 23
    endloop
  endfacet
  facet normal 0 0 1
    outer loop
      vertex 24.3815 47.7505 23
      vertex 22.1075 40.4697 23
      vertex 22.9781 39.982 23
    endloop
  endfacet
  facet normal 0 0 1
    outer loop
      vertex 21.117 40.8163 23
      vertex 24.3815 47.7505 23
      vertex 21.7999 48.1517 23
    endloop
  endfacet
  facet normal 0 0 1
    outer loop
      vertex 24.3815 47.7505 23
      vertex 21.117 40.8163 23
      vertex 22.1075 40.4697 23
    endloop
  endfacet
  facet normal 0 0 1
    outer loop
      vertex 21.7999 48.1517 23
      vertex 20.009 41.0228 23
      vertex 21.117 40.8163 23
    endloop
  endfacet
  facet normal 0 0 1
    outer loop
      vertex 18.9539 48.2858 23
      vertex 20.009 41.0228 23
      vertex 21.7999 48.1517 23
    endloop
  endfacet
  facet normal 0 0 1
    outer loop
      vertex 18.9539 48.2858 23
      vertex 18.7838 41.0913 23
      vertex 20.009 41.0228 23
    endloop
  endfacet
  facet normal 0 0 1
    outer loop
      vertex 18.9539 48.2858 23
      vertex 17.6252 41.0248 23
      vertex 18.7838 41.0913 23
    endloop
  endfacet
  facet normal -0 0 1
    outer loop
      vertex 16.2614 48.1472 23
      vertex 17.6252 41.0248 23
      vertex 18.9539 48.2858 23
    endloop
  endfacet
  facet normal 0 0 1
    outer loop
      vertex 17.6252 41.0248 23
      vertex 16.2614 48.1472 23
      vertex 16.5548 40.8245 23
    endloop
  endfacet
  facet normal -0 0 1
    outer loop
      vertex 13.786 47.7321 23
      vertex 16.5548 40.8245 23
      vertex 16.2614 48.1472 23
    endloop
  endfacet
  facet normal 0 0 1
    outer loop
      vertex 16.5548 40.8245 23
      vertex 13.786 47.7321 23
      vertex 15.5734 40.4893 23
    endloop
  endfacet
  facet normal -0 0 1
    outer loop
      vertex 11.527 47.0416 23
      vertex 15.5734 40.4893 23
      vertex 13.786 47.7321 23
    endloop
  endfacet
  facet normal 0 0 1
    outer loop
      vertex 15.5734 40.4893 23
      vertex 11.527 47.0416 23
      vertex 14.6831 40.0186 23
    endloop
  endfacet
  facet normal -0 0 1
    outer loop
      vertex 9.48311 46.0766 23
      vertex 14.6831 40.0186 23
      vertex 11.527 47.0416 23
    endloop
  endfacet
  facet normal 0 0 1
    outer loop
      vertex 14.6831 40.0186 23
      vertex 9.48311 46.0766 23
      vertex 13.8857 39.4127 23
    endloop
  endfacet
  facet normal -0 0 1
    outer loop
      vertex 7.65221 44.8367 23
      vertex 13.8857 39.4127 23
      vertex 9.48311 46.0766 23
    endloop
  endfacet
  facet normal 0 0 1
    outer loop
      vertex 13.8857 39.4127 23
      vertex 7.65221 44.8367 23
      vertex 13.199 38.683 23
    endloop
  endfacet
  facet normal -0 0 1
    outer loop
      vertex 6.07152 43.3549 23
      vertex 13.199 38.683 23
      vertex 7.65221 44.8367 23
    endloop
  endfacet
  facet normal 0 0 1
    outer loop
      vertex 13.199 38.683 23
      vertex 6.07152 43.3549 23
      vertex 12.6404 37.8416 23
    endloop
  endfacet
  facet normal -0 0 1
    outer loop
      vertex 4.77757 41.663 23
      vertex 12.6404 37.8416 23
      vertex 6.07152 43.3549 23
    endloop
  endfacet
  facet normal 0 0 1
    outer loop
      vertex 12.6404 37.8416 23
      vertex 4.77757 41.663 23
      vertex 12.2106 36.8911 23
    endloop
  endfacet
  facet normal -0 0 1
    outer loop
      vertex 3.76884 39.759 23
      vertex 12.2106 36.8911 23
      vertex 4.77757 41.663 23
    endloop
  endfacet
  facet normal 0 0 1
    outer loop
      vertex 12.2106 36.8911 23
      vertex 3.76884 39.759 23
      vertex 11.9094 35.8337 23
    endloop
  endfacet
  facet normal -0 0 1
    outer loop
      vertex 3.04491 37.6407 23
      vertex 11.9094 35.8337 23
      vertex 3.76884 39.759 23
    endloop
  endfacet
  facet normal 0 0 1
    outer loop
      vertex 11.9094 35.8337 23
      vertex 3.04491 37.6407 23
      vertex 11.7646 34.8646 23
    endloop
  endfacet
  facet normal 0 0 1
    outer loop
      vertex 11.7646 34.8646 23
      vertex 3.04491 37.6407 23
      vertex 2.64546 35.5141 23
    endloop
  endfacet
  facet normal 0 0 1
    outer loop
      vertex 30.9915 27.4939 23
      vertex 24.6578 31.2628 23
      vertex 29.6854 26.5894 23
    endloop
  endfacet
  facet normal 0 0 1
    outer loop
      vertex 29.6854 26.5894 23
      vertex 24.6578 31.2628 23
      vertex 28.1931 25.8348 23
    endloop
  endfacet
  facet normal -0 0 1
    outer loop
      vertex 24.0565 30.3863 23
      vertex 28.1931 25.8348 23
      vertex 24.6578 31.2628 23
    endloop
  endfacet
  facet normal 0 0 1
    outer loop
      vertex 28.1931 25.8348 23
      vertex 24.0565 30.3863 23
      vertex 26.5136 25.231 23
    endloop
  endfacet
  facet normal 0 0 1
    outer loop
      vertex 19.9842 28.1808 23
      vertex 24.484 24.2772 23
      vertex 24.484 24.7393 23
    endloop
  endfacet
  facet normal -0 0 1
    outer loop
      vertex 23.2844 29.6304 23
      vertex 26.5136 25.231 23
      vertex 24.0565 30.3863 23
    endloop
  endfacet
  facet normal 0 0 1
    outer loop
      vertex 26.5136 25.231 23
      vertex 23.2844 29.6304 23
      vertex 24.484 24.7393 23
    endloop
  endfacet
  facet normal -0 0 1
    outer loop
      vertex 22.3455 29.0062 23
      vertex 24.484 24.7393 23
      vertex 23.2844 29.6304 23
    endloop
  endfacet
  facet normal 0 0 1
    outer loop
      vertex 24.484 24.2772 23
      vertex 23.1171 19.5061 23
      vertex 24.1586 18.8777 23
    endloop
  endfacet
  facet normal -0 0 1
    outer loop
      vertex 21.2445 28.5235 23
      vertex 24.484 24.7393 23
      vertex 22.3455 29.0062 23
    endloop
  endfacet
  facet normal 0 0 1
    outer loop
      vertex 24.484 24.2772 23
      vertex 21.8984 19.992 23
      vertex 23.1171 19.5061 23
    endloop
  endfacet
  facet normal -0 0 1
    outer loop
      vertex 19.9842 28.1808 23
      vertex 24.484 24.7393 23
      vertex 21.2445 28.5235 23
    endloop
  endfacet
  facet normal 0 0 1
    outer loop
      vertex 24.484 24.2772 23
      vertex 20.5044 20.3371 23
      vertex 21.8984 19.992 23
    endloop
  endfacet
  facet normal 0 0 1
    outer loop
      vertex 24.484 24.2772 23
      vertex 19.9842 28.1808 23
      vertex 20.5044 20.3371 23
    endloop
  endfacet
  facet normal 0 0 1
    outer loop
      vertex 19.9842 28.1808 23
      vertex 18.9353 20.5432 23
      vertex 20.5044 20.3371 23
    endloop
  endfacet
  facet normal -0 0 1
    outer loop
      vertex 18.5652 27.9762 23
      vertex 18.9353 20.5432 23
      vertex 19.9842 28.1808 23
    endloop
  endfacet
  facet normal 0 0 1
    outer loop
      vertex 18.5652 27.9762 23
      vertex 17.1944 20.6115 23
      vertex 18.9353 20.5432 23
    endloop
  endfacet
  facet normal -0 0 1
    outer loop
      vertex 16.9913 27.9085 23
      vertex 17.1944 20.6115 23
      vertex 18.5652 27.9762 23
    endloop
  endfacet
  facet normal 0 0 1
    outer loop
      vertex 14.0675 20.6115 23
      vertex 16.9913 27.9085 23
      vertex 14.0675 27.9085 23
    endloop
  endfacet
  facet normal 0 0 1
    outer loop
      vertex 16.9913 27.9085 23
      vertex 14.0675 20.6115 23
      vertex 17.1944 20.6115 23
    endloop
  endfacet
  facet normal 0 0 1
    outer loop
      vertex 35.4432 16.6252 23
      vertex 26.4509 15.0814 23
      vertex 26.5454 13.8358 23
    endloop
  endfacet
  facet normal 0 0 1
    outer loop
      vertex 28.607 23.3704 23
      vertex 26.1653 16.2127 23
      vertex 26.4509 15.0814 23
    endloop
  endfacet
  facet normal 0 0 1
    outer loop
      vertex 28.607 23.3704 23
      vertex 25.6871 17.2252 23
      vertex 26.1653 16.2127 23
    endloop
  endfacet
  facet normal 0 0 1
    outer loop
      vertex 28.607 23.3704 23
      vertex 25.0172 18.1146 23
      vertex 25.6871 17.2252 23
    endloop
  endfacet
  facet normal 0 0 1
    outer loop
      vertex 24.1586 18.8777 23
      vertex 26.736 23.9004 23
      vertex 24.484 24.2772 23
    endloop
  endfacet
  facet normal 0 0 1
    outer loop
      vertex 26.736 23.9004 23
      vertex 24.1586 18.8777 23
      vertex 25.0172 18.1146 23
    endloop
  endfacet
  facet normal -0 0 1
    outer loop
      vertex 26.5454 13.8358 23
      vertex 35.9095 13.2577 23
      vertex 35.7927 15.0082 23
    endloop
  endfacet
  facet normal 0 0 1
    outer loop
      vertex 26.5454 13.8358 23
      vertex 35.7927 15.0082 23
      vertex 35.4432 16.6252 23
    endloop
  endfacet
  facet normal 0 0 1
    outer loop
      vertex 26.4679 12.4841 23
      vertex 35.9095 13.2577 23
      vertex 26.5454 13.8358 23
    endloop
  endfacet
  facet normal 0 0 1
    outer loop
      vertex 26.4509 15.0814 23
      vertex 35.4432 16.6252 23
      vertex 34.8618 18.1101 23
    endloop
  endfacet
  facet normal 0 0 1
    outer loop
      vertex 35.9095 13.2577 23
      vertex 26.4679 12.4841 23
      vertex 35.7352 10.7235 23
    endloop
  endfacet
  facet normal 0 0 1
    outer loop
      vertex 26.4509 15.0814 23
      vertex 34.8618 18.1101 23
      vertex 34.0482 19.4655 23
    endloop
  endfacet
  facet normal -0 0 1
    outer loop
      vertex 26.2345 11.2738 23
      vertex 35.7352 10.7235 23
      vertex 26.4679 12.4841 23
    endloop
  endfacet
  facet normal 0 0 1
    outer loop
      vertex 26.4509 15.0814 23
      vertex 34.0482 19.4655 23
      vertex 33.0012 20.693 23
    endloop
  endfacet
  facet normal 0 0 1
    outer loop
      vertex 26.4509 15.0814 23
      vertex 33.0012 20.693 23
      vertex 31.7379 21.7663 23
    endloop
  endfacet
  facet normal 0 0 1
    outer loop
      vertex 35.7352 10.7235 23
      vertex 26.2345 11.2738 23
      vertex 35.2137 8.43678 23
    endloop
  endfacet
  facet normal 0 0 1
    outer loop
      vertex 26.4509 15.0814 23
      vertex 31.7379 21.7663 23
      vertex 30.2739 22.6587 23
    endloop
  endfacet
  facet normal 0 0 1
    outer loop
      vertex 35.2137 8.43678 23
      vertex 26.2345 11.2738 23
      vertex 34.3465 6.39565 23
    endloop
  endfacet
  facet normal 0 0 1
    outer loop
      vertex 26.4509 15.0814 23
      vertex 30.2739 22.6587 23
      vertex 28.607 23.3704 23
    endloop
  endfacet
  facet normal -0 0 1
    outer loop
      vertex 25.8428 10.2037 23
      vertex 34.3465 6.39565 23
      vertex 26.2345 11.2738 23
    endloop
  endfacet
  facet normal 0 0 1
    outer loop
      vertex 25.0172 18.1146 23
      vertex 28.607 23.3704 23
      vertex 26.736 23.9004 23
    endloop
  endfacet
  facet normal 0 0 1
    outer loop
      vertex 34.3465 6.39565 23
      vertex 25.8428 10.2037 23
      vertex 33.1338 4.59665 23
    endloop
  endfacet
  facet normal -0 0 1
    outer loop
      vertex 25.2911 9.27637 23
      vertex 33.1338 4.59665 23
      vertex 25.8428 10.2037 23
    endloop
  endfacet
  facet normal 0 0 1
    outer loop
      vertex 33.1338 4.59665 23
      vertex 25.2911 9.27637 23
      vertex 31.5735 3.03632 23
    endloop
  endfacet
  facet normal 0 0 1
    outer loop
      vertex 31.5735 3.03632 23
      vertex 25.2911 9.27637 23
      vertex 29.6902 1.73795 23
    endloop
  endfacet
  facet normal -0 0 1
    outer loop
      vertex 24.5808 8.49702 23
      vertex 29.6902 1.73795 23
      vertex 25.2911 9.27637 23
    endloop
  endfacet
  facet normal 0 0 1
    outer loop
      vertex 29.6902 1.73795 23
      vertex 24.5808 8.49702 23
      vertex 27.5087 0.726089 23
    endloop
  endfacet
  facet normal -0 0 1
    outer loop
      vertex 23.731 7.86496 23
      vertex 27.5087 0.726089 23
      vertex 24.5808 8.49702 23
    endloop
  endfacet
  facet normal 0 0 1
    outer loop
      vertex 27.5087 0.726089 23
      vertex 23.731 7.86496 23
      vertex 25.0266 0.00154114 23
    endloop
  endfacet
  facet normal -0 0 1
    outer loop
      vertex 22.7588 7.37543 23
      vertex 25.0266 0.00154114 23
      vertex 23.731 7.86496 23
    endloop
  endfacet
  facet normal -0 0 1
    outer loop
      vertex 21.6659 7.02742 23
      vertex 25.0266 0.00154114 23
      vertex 22.7588 7.37543 23
    endloop
  endfacet
  facet normal 0 0 1
    outer loop
      vertex 25.0266 0.00154114 23
      vertex 21.6659 7.02742 23
      vertex 22.2425 -0.434235 23
    endloop
  endfacet
  facet normal -0 0 1
    outer loop
      vertex 20.4539 6.81967 23
      vertex 22.2425 -0.434235 23
      vertex 21.6659 7.02742 23
    endloop
  endfacet
  facet normal 0 0 1
    outer loop
      vertex 20.4539 6.81967 23
      vertex 19.157 -0.579773 23
      vertex 22.2425 -0.434235 23
    endloop
  endfacet
  facet normal -0 0 1
    outer loop
      vertex 19.1173 6.75043 23
      vertex 19.157 -0.579773 23
      vertex 20.4539 6.81967 23
    endloop
  endfacet
  facet normal 0 0 1
    outer loop
      vertex 16.225 -0.439026 23
      vertex 19.1173 6.75043 23
      vertex 16.5473 7.03049 23
    endloop
  endfacet
  facet normal 0 0 1
    outer loop
      vertex 19.1173 6.75043 23
      vertex 16.225 -0.439026 23
      vertex 19.157 -0.579773 23
    endloop
  endfacet
  facet normal 0 0 1
    outer loop
      vertex 13.5477 -0.0174866 23
      vertex 16.5473 7.03049 23
      vertex 14.4435 7.87956 23
    endloop
  endfacet
  facet normal 0 0 1
    outer loop
      vertex 16.5473 7.03049 23
      vertex 13.5477 -0.0174866 23
      vertex 16.225 -0.439026 23
    endloop
  endfacet
  facet normal 0 0 1
    outer loop
      vertex 8.95708 1.66336 23
      vertex 14.4435 7.87956 23
      vertex 12.826 9.30107 23
    endloop
  endfacet
  facet normal 0 0 1
    outer loop
      vertex 5.39873 4.44081 23
      vertex 12.826 9.30107 23
      vertex 11.7095 11.2819 23
    endloop
  endfacet
  facet normal 0 0 1
    outer loop
      vertex 2.25027 10.4893 23
      vertex 11.7095 11.2819 23
      vertex 11.1375 13.6198 23
    endloop
  endfacet
  facet normal 0 0 1
    outer loop
      vertex 14.4435 7.87956 23
      vertex 11.1257 0.683578 23
      vertex 13.5477 -0.0174866 23
    endloop
  endfacet
  facet normal 0 0 1
    outer loop
      vertex 14.4435 7.87956 23
      vertex 8.95708 1.66336 23
      vertex 11.1257 0.683578 23
    endloop
  endfacet
  facet normal 0 0 1
    outer loop
      vertex 12.826 9.30107 23
      vertex 7.04063 2.92105 23
      vertex 8.95708 1.66336 23
    endloop
  endfacet
  facet normal 0 0 1
    outer loop
      vertex 12.826 9.30107 23
      vertex 5.39873 4.44081 23
      vertex 7.04063 2.92105 23
    endloop
  endfacet
  facet normal 0 0 1
    outer loop
      vertex 11.7095 11.2819 23
      vertex 4.05385 6.20708 23
      vertex 5.39873 4.44081 23
    endloop
  endfacet
  facet normal 0 0 1
    outer loop
      vertex 11.7095 11.2819 23
      vertex 3.00441 8.22238 23
      vertex 4.05385 6.20708 23
    endloop
  endfacet
  facet normal 0 0 1
    outer loop
      vertex 11.7095 11.2819 23
      vertex 2.25027 10.4893 23
      vertex 3.00441 8.22238 23
    endloop
  endfacet
  facet normal 0 -0 1
    outer loop
      vertex 2.25027 10.4893 23
      vertex 11.1375 13.6198 23
      vertex 1.82948 12.8059 23
    endloop
  endfacet
  facet normal 0 0 1
    outer loop
      vertex 87.7648 24.241 23
      vertex 77.9341 27.1992 23
      vertex 78.0954 24.2433 23
    endloop
  endfacet
  facet normal 0 0 1
    outer loop
      vertex 81.2169 41.5399 23
      vertex 77.4491 29.8675 23
      vertex 77.9341 27.1992 23
    endloop
  endfacet
  facet normal 0 0 1
    outer loop
      vertex 81.2169 41.5399 23
      vertex 76.6386 32.2474 23
      vertex 77.4491 29.8675 23
    endloop
  endfacet
  facet normal 0 0 1
    outer loop
      vertex 81.2169 41.5399 23
      vertex 75.5012 34.3369 23
      vertex 76.6386 32.2474 23
    endloop
  endfacet
  facet normal 0 0 1
    outer loop
      vertex 72.2711 37.6153 23
      vertex 78.3827 43.709 23
      vertex 75.113 45.3978 23
    endloop
  endfacet
  facet normal 0 0 1
    outer loop
      vertex 81.2169 41.5399 23
      vertex 74.0372 36.1325 23
      vertex 75.5012 34.3369 23
    endloop
  endfacet
  facet normal 0 0 1
    outer loop
      vertex 78.3827 43.709 23
      vertex 72.2711 37.6153 23
      vertex 74.0372 36.1325 23
    endloop
  endfacet
  facet normal 0 0 1
    outer loop
      vertex 70.2286 38.7675 23
      vertex 75.113 45.3978 23
      vertex 71.4057 46.6056 23
    endloop
  endfacet
  facet normal 0 0 1
    outer loop
      vertex 75.113 45.3978 23
      vertex 70.2286 38.7675 23
      vertex 72.2711 37.6153 23
    endloop
  endfacet
  facet normal 0 0 1
    outer loop
      vertex 71.4057 46.6056 23
      vertex 67.9125 39.5888 23
      vertex 70.2286 38.7675 23
    endloop
  endfacet
  facet normal 0 0 1
    outer loop
      vertex 67.2583 47.3315 23
      vertex 67.9125 39.5888 23
      vertex 71.4057 46.6056 23
    endloop
  endfacet
  facet normal 0 0 1
    outer loop
      vertex 67.2583 47.3315 23
      vertex 65.3253 40.0803 23
      vertex 67.9125 39.5888 23
    endloop
  endfacet
  facet normal 0 0 1
    outer loop
      vertex 62.6658 47.574 23
      vertex 65.3253 40.0803 23
      vertex 67.2583 47.3315 23
    endloop
  endfacet
  facet normal 0 0 1
    outer loop
      vertex 62.6658 47.574 23
      vertex 62.4733 40.2435 23
      vertex 65.3253 40.0803 23
    endloop
  endfacet
  facet normal 0 0 1
    outer loop
      vertex 62.6658 47.574 23
      vertex 55.1811 40.2435 23
      vertex 62.4733 40.2435 23
    endloop
  endfacet
  facet normal 0 0 1
    outer loop
      vertex 55.1811 40.2435 23
      vertex 45.5786 47.574 23
      vertex 55.1811 7.5305 23
    endloop
  endfacet
  facet normal -0 0 1
    outer loop
      vertex 45.5786 47.574 23
      vertex 55.1811 40.2435 23
      vertex 62.6658 47.574 23
    endloop
  endfacet
  facet normal -0 0 1
    outer loop
      vertex 77.9341 27.1992 23
      vertex 87.7648 24.241 23
      vertex 87.5018 28.5495 23
    endloop
  endfacet
  facet normal 0 0 1
    outer loop
      vertex 87.7648 24.241 23
      vertex 78.0954 24.2433 23
      vertex 87.6497 21.3782 23
    endloop
  endfacet
  facet normal 0 0 1
    outer loop
      vertex 77.9423 21.2968 23
      vertex 87.6497 21.3782 23
      vertex 78.0954 24.2433 23
    endloop
  endfacet
  facet normal 0 0 1
    outer loop
      vertex 77.9341 27.1992 23
      vertex 87.5018 28.5495 23
      vertex 86.7144 32.4305 23
    endloop
  endfacet
  facet normal 0 0 1
    outer loop
      vertex 87.6497 21.3782 23
      vertex 77.9423 21.2968 23
      vertex 87.3041 18.6655 23
    endloop
  endfacet
  facet normal 0 0 1
    outer loop
      vertex 77.9341 27.1992 23
      vertex 86.7144 32.4305 23
      vertex 85.4042 35.8873 23
    endloop
  endfacet
  facet normal 0 0 1
    outer loop
      vertex 77.4824 18.6027 23
      vertex 87.3041 18.6655 23
      vertex 77.9423 21.2968 23
    endloop
  endfacet
  facet normal 0 0 1
    outer loop
      vertex 87.3041 18.6655 23
      vertex 77.4824 18.6027 23
      vertex 86.7286 16.1043 23
    endloop
  endfacet
  facet normal 0 0 1
    outer loop
      vertex 77.9341 27.1992 23
      vertex 85.4042 35.8873 23
      vertex 83.572 38.9225 23
    endloop
  endfacet
  facet normal 0 0 1
    outer loop
      vertex 86.7286 16.1043 23
      vertex 77.4824 18.6027 23
      vertex 85.9234 13.6942 23
    endloop
  endfacet
  facet normal 0 0 1
    outer loop
      vertex 77.9341 27.1992 23
      vertex 83.572 38.9225 23
      vertex 81.2169 41.5399 23
    endloop
  endfacet
  facet normal -0 0 1
    outer loop
      vertex 76.7142 16.1609 23
      vertex 85.9234 13.6942 23
      vertex 77.4824 18.6027 23
    endloop
  endfacet
  facet normal 0 0 1
    outer loop
      vertex 85.9234 13.6942 23
      vertex 76.7142 16.1609 23
      vertex 84.8888 11.4347 23
    endloop
  endfacet
  facet normal 0 0 1
    outer loop
      vertex 74.0372 36.1325 23
      vertex 81.2169 41.5399 23
      vertex 78.3827 43.709 23
    endloop
  endfacet
  facet normal -0 0 1
    outer loop
      vertex 75.6368 13.9731 23
      vertex 84.8888 11.4347 23
      vertex 76.7142 16.1609 23
    endloop
  endfacet
  facet normal 0 0 1
    outer loop
      vertex 84.8888 11.4347 23
      vertex 75.6368 13.9731 23
      vertex 83.6445 9.35396 23
    endloop
  endfacet
  facet normal 0 0 1
    outer loop
      vertex 83.6445 9.35396 23
      vertex 75.6368 13.9731 23
      vertex 82.2101 7.47986 23
    endloop
  endfacet
  facet normal -0 0 1
    outer loop
      vertex 74.2501 12.0415 23
      vertex 82.2101 7.47986 23
      vertex 75.6368 13.9731 23
    endloop
  endfacet
  facet normal 0 0 1
    outer loop
      vertex 82.2101 7.47986 23
      vertex 74.2501 12.0415 23
      vertex 80.5857 5.8119 23
    endloop
  endfacet
  facet normal 0 0 1
    outer loop
      vertex 80.5857 5.8119 23
      vertex 74.2501 12.0415 23
      vertex 78.7706 4.3493 23
    endloop
  endfacet
  facet normal -0 0 1
    outer loop
      vertex 72.6001 10.4177 23
      vertex 78.7706 4.3493 23
      vertex 74.2501 12.0415 23
    endloop
  endfacet
  facet normal 0 0 1
    outer loop
      vertex 78.7706 4.3493 23
      vertex 72.6001 10.4177 23
      vertex 76.7639 3.09143 23
    endloop
  endfacet
  facet normal -0 0 1
    outer loop
      vertex 70.7331 9.15338 23
      vertex 76.7639 3.09143 23
      vertex 72.6001 10.4177 23
    endloop
  endfacet
  facet normal 0 0 1
    outer loop
      vertex 76.7639 3.09143 23
      vertex 70.7331 9.15338 23
      vertex 74.5996 2.05118 23
    endloop
  endfacet
  facet normal 0 0 1
    outer loop
      vertex 74.5996 2.05118 23
      vertex 70.7331 9.15338 23
      vertex 72.312 1.24181 23
    endloop
  endfacet
  facet normal -0 0 1
    outer loop
      vertex 68.6517 8.25056 23
      vertex 72.312 1.24181 23
      vertex 70.7331 9.15338 23
    endloop
  endfacet
  facet normal 0 0 1
    outer loop
      vertex 72.312 1.24181 23
      vertex 68.6517 8.25056 23
      vertex 69.9007 0.663345 23
    endloop
  endfacet
  facet normal -0 0 1
    outer loop
      vertex 66.3591 7.70982 23
      vertex 69.9007 0.663345 23
      vertex 68.6517 8.25056 23
    endloop
  endfacet
  facet normal 0 0 1
    outer loop
      vertex 69.9007 0.663345 23
      vertex 66.3591 7.70982 23
      vertex 67.3652 0.316055 23
    endloop
  endfacet
  facet normal 0 0 1
    outer loop
      vertex 66.3591 7.70982 23
      vertex 64.7006 0.199997 23
      vertex 67.3652 0.316055 23
    endloop
  endfacet
  facet normal -0 0 1
    outer loop
      vertex 63.8648 7.5305 23
      vertex 64.7006 0.199997 23
      vertex 66.3591 7.70982 23
    endloop
  endfacet
  facet normal -0 0 1
    outer loop
      vertex 55.1811 7.5305 23
      vertex 64.7006 0.199997 23
      vertex 63.8648 7.5305 23
    endloop
  endfacet
  facet normal 0 0 1
    outer loop
      vertex 55.1811 7.5305 23
      vertex 45.5786 0.199997 23
      vertex 64.7006 0.199997 23
    endloop
  endfacet
  facet normal 0 0 1
    outer loop
      vertex 45.5786 0.199997 23
      vertex 55.1811 7.5305 23
      vertex 45.5786 47.574 23
    endloop
  endfacet
  facet normal 0.15464 -0.987971 0
    outer loop
      vertex 22.2425 -0.434235 22
      vertex 25.0266 0.00154114 23
      vertex 22.2425 -0.434235 23
    endloop
  endfacet
  facet normal 0.15464 -0.987971 0
    outer loop
      vertex 25.0266 0.00154114 23
      vertex 22.2425 -0.434235 22
      vertex 25.0266 0.00154114 22
    endloop
  endfacet
  facet normal 0.280215 -0.959937 0
    outer loop
      vertex 25.0266 0.00154114 22
      vertex 27.5087 0.726089 23
      vertex 25.0266 0.00154114 23
    endloop
  endfacet
  facet normal 0.280215 -0.959937 0
    outer loop
      vertex 27.5087 0.726089 23
      vertex 25.0266 0.00154114 22
      vertex 27.5087 0.726089 22
    endloop
  endfacet
  facet normal 0.420777 -0.907164 0
    outer loop
      vertex 27.5087 0.726089 22
      vertex 29.6902 1.73795 23
      vertex 27.5087 0.726089 23
    endloop
  endfacet
  facet normal 0.420777 -0.907164 0
    outer loop
      vertex 29.6902 1.73795 23
      vertex 27.5087 0.726089 22
      vertex 29.6902 1.73795 22
    endloop
  endfacet
  facet normal 0.567597 -0.823306 0
    outer loop
      vertex 29.6902 1.73795 22
      vertex 31.5735 3.03632 23
      vertex 29.6902 1.73795 23
    endloop
  endfacet
  facet normal 0.567597 -0.823306 0
    outer loop
      vertex 31.5735 3.03632 23
      vertex 29.6902 1.73795 22
      vertex 31.5735 3.03632 22
    endloop
  endfacet
  facet normal 0.707114 -0.7071 0
    outer loop
      vertex 31.5735 3.03632 22
      vertex 33.1338 4.59665 23
      vertex 31.5735 3.03632 23
    endloop
  endfacet
  facet normal 0.707114 -0.7071 0
    outer loop
      vertex 33.1338 4.59665 23
      vertex 31.5735 3.03632 22
      vertex 33.1338 4.59665 22
    endloop
  endfacet
  facet normal 0.829196 -0.558958 0
    outer loop
      vertex 33.1338 4.59665 23
      vertex 34.3465 6.39565 22
      vertex 34.3465 6.39565 23
    endloop
  endfacet
  facet normal 0.829196 -0.558958 0
    outer loop
      vertex 34.3465 6.39565 22
      vertex 33.1338 4.59665 23
      vertex 33.1338 4.59665 22
    endloop
  endfacet
  facet normal 0.920376 -0.391034 0
    outer loop
      vertex 34.3465 6.39565 23
      vertex 35.2137 8.43678 22
      vertex 35.2137 8.43678 23
    endloop
  endfacet
  facet normal 0.920376 -0.391034 0
    outer loop
      vertex 35.2137 8.43678 22
      vertex 34.3465 6.39565 23
      vertex 34.3465 6.39565 22
    endloop
  endfacet
  facet normal 0.974968 -0.222347 0
    outer loop
      vertex 35.2137 8.43678 23
      vertex 35.7352 10.7235 22
      vertex 35.7352 10.7235 23
    endloop
  endfacet
  facet normal 0.974968 -0.222347 0
    outer loop
      vertex 35.7352 10.7235 22
      vertex 35.2137 8.43678 23
      vertex 35.2137 8.43678 22
    endloop
  endfacet
  facet normal 0.997643 -0.068617 0
    outer loop
      vertex 35.7352 10.7235 23
      vertex 35.9095 13.2577 22
      vertex 35.9095 13.2577 23
    endloop
  endfacet
  facet normal 0.997643 -0.068617 0
    outer loop
      vertex 35.9095 13.2577 22
      vertex 35.7352 10.7235 23
      vertex 35.7352 10.7235 22
    endloop
  endfacet
  facet normal 0.997781 0.0665758 0
    outer loop
      vertex 35.9095 13.2577 23
      vertex 35.7927 15.0082 22
      vertex 35.7927 15.0082 23
    endloop
  endfacet
  facet normal 0.997781 0.0665758 0
    outer loop
      vertex 35.7927 15.0082 22
      vertex 35.9095 13.2577 23
      vertex 35.9095 13.2577 22
    endloop
  endfacet
  facet normal 0.977429 0.211263 0
    outer loop
      vertex 35.7927 15.0082 23
      vertex 35.4432 16.6252 22
      vertex 35.4432 16.6252 23
    endloop
  endfacet
  facet normal 0.977429 0.211263 0
    outer loop
      vertex 35.4432 16.6252 22
      vertex 35.7927 15.0082 23
      vertex 35.7927 15.0082 22
    endloop
  endfacet
  facet normal 0.931168 0.364591 0
    outer loop
      vertex 35.4432 16.6252 23
      vertex 34.8618 18.1101 22
      vertex 34.8618 18.1101 23
    endloop
  endfacet
  facet normal 0.931168 0.364591 0
    outer loop
      vertex 34.8618 18.1101 22
      vertex 35.4432 16.6252 23
      vertex 35.4432 16.6252 22
    endloop
  endfacet
  facet normal 0.857392 0.514663 0
    outer loop
      vertex 34.8618 18.1101 23
      vertex 34.0482 19.4655 22
      vertex 34.0482 19.4655 23
    endloop
  endfacet
  facet normal 0.857392 0.514663 0
    outer loop
      vertex 34.0482 19.4655 22
      vertex 34.8618 18.1101 23
      vertex 34.8618 18.1101 22
    endloop
  endfacet
  facet normal 0.760829 0.648952 0
    outer loop
      vertex 34.0482 19.4655 23
      vertex 33.0012 20.693 22
      vertex 33.0012 20.693 23
    endloop
  endfacet
  facet normal 0.760829 0.648952 0
    outer loop
      vertex 33.0012 20.693 22
      vertex 34.0482 19.4655 23
      vertex 34.0482 19.4655 22
    endloop
  endfacet
  facet normal 0.647472 0.76209 -0
    outer loop
      vertex 33.0012 20.693 22
      vertex 31.7379 21.7663 23
      vertex 33.0012 20.693 23
    endloop
  endfacet
  facet normal 0.647472 0.76209 0
    outer loop
      vertex 31.7379 21.7663 23
      vertex 33.0012 20.693 22
      vertex 31.7379 21.7663 22
    endloop
  endfacet
  facet normal 0.520487 0.85387 -0
    outer loop
      vertex 31.7379 21.7663 22
      vertex 30.2739 22.6587 23
      vertex 31.7379 21.7663 23
    endloop
  endfacet
  facet normal 0.520487 0.85387 0
    outer loop
      vertex 30.2739 22.6587 23
      vertex 31.7379 21.7663 22
      vertex 30.2739 22.6587 22
    endloop
  endfacet
  facet normal 0.392667 0.919681 -0
    outer loop
      vertex 30.2739 22.6587 22
      vertex 28.607 23.3704 23
      vertex 30.2739 22.6587 23
    endloop
  endfacet
  facet normal 0.392667 0.919681 0
    outer loop
      vertex 28.607 23.3704 23
      vertex 30.2739 22.6587 22
      vertex 28.607 23.3704 22
    endloop
  endfacet
  facet normal 0.272547 0.962142 -0
    outer loop
      vertex 28.607 23.3704 22
      vertex 26.736 23.9004 23
      vertex 28.607 23.3704 23
    endloop
  endfacet
  facet normal 0.272547 0.962142 0
    outer loop
      vertex 26.736 23.9004 23
      vertex 28.607 23.3704 22
      vertex 26.736 23.9004 22
    endloop
  endfacet
  facet normal 0.165024 0.98629 -0
    outer loop
      vertex 26.736 23.9004 22
      vertex 24.484 24.2772 23
      vertex 26.736 23.9004 23
    endloop
  endfacet
  facet normal 0.165024 0.98629 0
    outer loop
      vertex 24.484 24.2772 23
      vertex 26.736 23.9004 22
      vertex 24.484 24.2772 22
    endloop
  endfacet
  facet normal 1 -0 0
    outer loop
      vertex 24.484 24.2772 23
      vertex 24.484 24.7393 22
      vertex 24.484 24.7393 23
    endloop
  endfacet
  facet normal 1 0 0
    outer loop
      vertex 24.484 24.7393 22
      vertex 24.484 24.2772 23
      vertex 24.484 24.2772 22
    endloop
  endfacet
  facet normal 0.235453 -0.971886 0
    outer loop
      vertex 24.484 24.7393 22
      vertex 26.5136 25.231 23
      vertex 24.484 24.7393 23
    endloop
  endfacet
  facet normal 0.235453 -0.971886 0
    outer loop
      vertex 26.5136 25.231 23
      vertex 24.484 24.7393 22
      vertex 26.5136 25.231 22
    endloop
  endfacet
  facet normal 0.338313 -0.941034 0
    outer loop
      vertex 26.5136 25.231 22
      vertex 28.1931 25.8348 23
      vertex 26.5136 25.231 23
    endloop
  endfacet
  facet normal 0.338313 -0.941034 0
    outer loop
      vertex 28.1931 25.8348 23
      vertex 26.5136 25.231 22
      vertex 28.1931 25.8348 22
    endloop
  endfacet
  facet normal 0.451252 -0.892397 0
    outer loop
      vertex 28.1931 25.8348 22
      vertex 29.6854 26.5894 23
      vertex 28.1931 25.8348 23
    endloop
  endfacet
  facet normal 0.451252 -0.892397 0
    outer loop
      vertex 29.6854 26.5894 23
      vertex 28.1931 25.8348 22
      vertex 29.6854 26.5894 22
    endloop
  endfacet
  facet normal 0.569328 -0.822111 0
    outer loop
      vertex 29.6854 26.5894 22
      vertex 30.9915 27.4939 23
      vertex 29.6854 26.5894 23
    endloop
  endfacet
  facet normal 0.569328 -0.822111 0
    outer loop
      vertex 30.9915 27.4939 23
      vertex 29.6854 26.5894 22
      vertex 30.9915 27.4939 22
    endloop
  endfacet
  facet normal 0.685012 -0.728532 0
    outer loop
      vertex 30.9915 27.4939 22
      vertex 32.1131 28.5485 23
      vertex 30.9915 27.4939 23
    endloop
  endfacet
  facet normal 0.685012 -0.728532 0
    outer loop
      vertex 32.1131 28.5485 23
      vertex 30.9915 27.4939 22
      vertex 32.1131 28.5485 22
    endloop
  endfacet
  facet normal 0.789409 -0.613867 0
    outer loop
      vertex 32.1131 28.5485 23
      vertex 33.0398 29.7402 22
      vertex 33.0398 29.7402 23
    endloop
  endfacet
  facet normal 0.789409 -0.613867 0
    outer loop
      vertex 33.0398 29.7402 22
      vertex 32.1131 28.5485 23
      vertex 32.1131 28.5485 22
    endloop
  endfacet
  facet normal 0.877115 -0.48028 0
    outer loop
      vertex 33.0398 29.7402 23
      vertex 33.7604 31.0562 22
      vertex 33.7604 31.0562 23
    endloop
  endfacet
  facet normal 0.877115 -0.48028 0
    outer loop
      vertex 33.7604 31.0562 22
      vertex 33.0398 29.7402 23
      vertex 33.0398 29.7402 22
    endloop
  endfacet
  facet normal 0.941732 -0.336365 0
    outer loop
      vertex 33.7604 31.0562 23
      vertex 34.2757 32.4989 22
      vertex 34.2757 32.4989 23
    endloop
  endfacet
  facet normal 0.941732 -0.336365 0
    outer loop
      vertex 34.2757 32.4989 22
      vertex 33.7604 31.0562 23
      vertex 33.7604 31.0562 22
    endloop
  endfacet
  facet normal 0.981096 -0.193522 0
    outer loop
      vertex 34.2757 32.4989 23
      vertex 34.5856 34.07 22
      vertex 34.5856 34.07 23
    endloop
  endfacet
  facet normal 0.981096 -0.193522 0
    outer loop
      vertex 34.5856 34.07 22
      vertex 34.2757 32.4989 23
      vertex 34.2757 32.4989 22
    endloop
  endfacet
  facet normal 0.998151 -0.0607805 0
    outer loop
      vertex 34.5856 34.07 23
      vertex 34.6891 35.7697 22
      vertex 34.6891 35.7697 23
    endloop
  endfacet
  facet normal 0.998151 -0.0607805 0
    outer loop
      vertex 34.6891 35.7697 22
      vertex 34.5856 34.07 23
      vertex 34.5856 34.07 22
    endloop
  endfacet
  facet normal 0.997274 0.073782 0
    outer loop
      vertex 34.6891 35.7697 23
      vertex 34.5224 38.0229 22
      vertex 34.5224 38.0229 23
    endloop
  endfacet
  facet normal 0.997274 0.073782 0
    outer loop
      vertex 34.5224 38.0229 22
      vertex 34.6891 35.7697 23
      vertex 34.6891 35.7697 22
    endloop
  endfacet
  facet normal 0.971493 0.237068 0
    outer loop
      vertex 34.5224 38.0229 23
      vertex 34.0242 40.0645 22
      vertex 34.0242 40.0645 23
    endloop
  endfacet
  facet normal 0.971493 0.237068 0
    outer loop
      vertex 34.0242 40.0645 22
      vertex 34.5224 38.0229 23
      vertex 34.5224 38.0229 22
    endloop
  endfacet
  facet normal 0.911255 0.411844 0
    outer loop
      vertex 34.0242 40.0645 23
      vertex 33.1955 41.8981 22
      vertex 33.1955 41.8981 23
    endloop
  endfacet
  facet normal 0.911255 0.411844 0
    outer loop
      vertex 33.1955 41.8981 22
      vertex 34.0242 40.0645 23
      vertex 34.0242 40.0645 22
    endloop
  endfacet
  facet normal 0.814699 0.579885 0
    outer loop
      vertex 33.1955 41.8981 23
      vertex 32.0358 43.5274 22
      vertex 32.0358 43.5274 23
    endloop
  endfacet
  facet normal 0.814699 0.579885 0
    outer loop
      vertex 32.0358 43.5274 22
      vertex 33.1955 41.8981 23
      vertex 33.1955 41.8981 22
    endloop
  endfacet
  facet normal 0.691079 0.72278 -0
    outer loop
      vertex 32.0358 43.5274 22
      vertex 30.5424 44.9553 23
      vertex 32.0358 43.5274 23
    endloop
  endfacet
  facet normal 0.691079 0.72278 0
    outer loop
      vertex 30.5424 44.9553 23
      vertex 32.0358 43.5274 22
      vertex 30.5424 44.9553 22
    endloop
  endfacet
  facet normal 0.555268 0.831672 -0
    outer loop
      vertex 30.5424 44.9553 22
      vertex 28.7512 46.1512 23
      vertex 30.5424 44.9553 23
    endloop
  endfacet
  facet normal 0.555268 0.831672 0
    outer loop
      vertex 28.7512 46.1512 23
      vertex 30.5424 44.9553 22
      vertex 28.7512 46.1512 22
    endloop
  endfacet
  facet normal 0.413368 0.910564 -0
    outer loop
      vertex 28.7512 46.1512 22
      vertex 26.6982 47.0832 23
      vertex 28.7512 46.1512 23
    endloop
  endfacet
  facet normal 0.413368 0.910564 0
    outer loop
      vertex 26.6982 47.0832 23
      vertex 28.7512 46.1512 22
      vertex 26.6982 47.0832 22
    endloop
  endfacet
  facet normal 0.276786 0.960932 -0
    outer loop
      vertex 26.6982 47.0832 22
      vertex 24.3815 47.7505 23
      vertex 26.6982 47.0832 23
    endloop
  endfacet
  facet normal 0.276786 0.960932 0
    outer loop
      vertex 24.3815 47.7505 23
      vertex 26.6982 47.0832 22
      vertex 24.3815 47.7505 22
    endloop
  endfacet
  facet normal 0.153564 0.988139 -0
    outer loop
      vertex 24.3815 47.7505 22
      vertex 21.7999 48.1517 23
      vertex 24.3815 47.7505 23
    endloop
  endfacet
  facet normal 0.153564 0.988139 0
    outer loop
      vertex 21.7999 48.1517 23
      vertex 24.3815 47.7505 22
      vertex 21.7999 48.1517 22
    endloop
  endfacet
  facet normal 0.0470665 0.998892 -0
    outer loop
      vertex 21.7999 48.1517 22
      vertex 18.9539 48.2858 23
      vertex 21.7999 48.1517 23
    endloop
  endfacet
  facet normal 0.0470665 0.998892 0
    outer loop
      vertex 18.9539 48.2858 23
      vertex 21.7999 48.1517 22
      vertex 18.9539 48.2858 22
    endloop
  endfacet
  facet normal -0.0514083 0.998678 0
    outer loop
      vertex 18.9539 48.2858 22
      vertex 16.2614 48.1472 23
      vertex 18.9539 48.2858 23
    endloop
  endfacet
  facet normal -0.0514083 0.998678 0
    outer loop
      vertex 16.2614 48.1472 23
      vertex 18.9539 48.2858 22
      vertex 16.2614 48.1472 22
    endloop
  endfacet
  facet normal -0.165381 0.98623 0
    outer loop
      vertex 16.2614 48.1472 22
      vertex 13.786 47.7321 23
      vertex 16.2614 48.1472 23
    endloop
  endfacet
  facet normal -0.165381 0.98623 0
    outer loop
      vertex 13.786 47.7321 23
      vertex 16.2614 48.1472 22
      vertex 13.786 47.7321 22
    endloop
  endfacet
  facet normal -0.292315 0.956322 0
    outer loop
      vertex 13.786 47.7321 22
      vertex 11.527 47.0416 23
      vertex 13.786 47.7321 23
    endloop
  endfacet
  facet normal -0.292315 0.956322 0
    outer loop
      vertex 11.527 47.0416 23
      vertex 13.786 47.7321 22
      vertex 11.527 47.0416 22
    endloop
  endfacet
  facet normal -0.426945 0.904278 0
    outer loop
      vertex 11.527 47.0416 22
      vertex 9.48311 46.0766 23
      vertex 11.527 47.0416 23
    endloop
  endfacet
  facet normal -0.426945 0.904278 0
    outer loop
      vertex 9.48311 46.0766 23
      vertex 11.527 47.0416 22
      vertex 9.48311 46.0766 22
    endloop
  endfacet
  facet normal -0.560728 0.828 0
    outer loop
      vertex 9.48311 46.0766 22
      vertex 7.65221 44.8367 23
      vertex 9.48311 46.0766 23
    endloop
  endfacet
  facet normal -0.560728 0.828 0
    outer loop
      vertex 7.65221 44.8367 23
      vertex 9.48311 46.0766 22
      vertex 7.65221 44.8367 22
    endloop
  endfacet
  facet normal -0.683917 0.72956 0
    outer loop
      vertex 7.65221 44.8367 22
      vertex 6.07152 43.3549 23
      vertex 7.65221 44.8367 23
    endloop
  endfacet
  facet normal -0.683917 0.72956 0
    outer loop
      vertex 6.07152 43.3549 23
      vertex 7.65221 44.8367 22
      vertex 6.07152 43.3549 22
    endloop
  endfacet
  facet normal -0.794325 0.607493 0
    outer loop
      vertex 4.77757 41.663 22
      vertex 6.07152 43.3549 23
      vertex 6.07152 43.3549 22
    endloop
  endfacet
  facet normal -0.794325 0.607493 0
    outer loop
      vertex 6.07152 43.3549 23
      vertex 4.77757 41.663 22
      vertex 4.77757 41.663 23
    endloop
  endfacet
  facet normal -0.883648 0.468152 0
    outer loop
      vertex 3.76884 39.759 22
      vertex 4.77757 41.663 23
      vertex 4.77757 41.663 22
    endloop
  endfacet
  facet normal -0.883648 0.468152 0
    outer loop
      vertex 4.77757 41.663 23
      vertex 3.76884 39.759 22
      vertex 3.76884 39.759 23
    endloop
  endfacet
  facet normal -0.946267 0.323387 0
    outer loop
      vertex 3.04491 37.6407 22
      vertex 3.76884 39.759 23
      vertex 3.76884 39.759 22
    endloop
  endfacet
  facet normal -0.946267 0.323387 0
    outer loop
      vertex 3.76884 39.759 23
      vertex 3.04491 37.6407 22
      vertex 3.04491 37.6407 23
    endloop
  endfacet
  facet normal -0.982812 0.184607 0
    outer loop
      vertex 2.64546 35.5141 22
      vertex 3.04491 37.6407 23
      vertex 3.04491 37.6407 22
    endloop
  endfacet
  facet normal -0.982812 0.184607 0
    outer loop
      vertex 3.04491 37.6407 23
      vertex 2.64546 35.5141 22
      vertex 2.64546 35.5141 23
    endloop
  endfacet
  facet normal -0.0710439 -0.997473 0
    outer loop
      vertex 2.64546 35.5141 22
      vertex 11.7646 34.8646 23
      vertex 2.64546 35.5141 23
    endloop
  endfacet
  facet normal -0.0710439 -0.997473 -0
    outer loop
      vertex 11.7646 34.8646 23
      vertex 2.64546 35.5141 22
      vertex 11.7646 34.8646 22
    endloop
  endfacet
  facet normal 0.989021 -0.147777 0
    outer loop
      vertex 11.7646 34.8646 23
      vertex 11.9094 35.8337 22
      vertex 11.9094 35.8337 23
    endloop
  endfacet
  facet normal 0.989021 -0.147777 0
    outer loop
      vertex 11.9094 35.8337 22
      vertex 11.7646 34.8646 23
      vertex 11.7646 34.8646 22
    endloop
  endfacet
  facet normal 0.961743 -0.273952 0
    outer loop
      vertex 11.9094 35.8337 23
      vertex 12.2106 36.8911 22
      vertex 12.2106 36.8911 23
    endloop
  endfacet
  facet normal 0.961743 -0.273952 0
    outer loop
      vertex 12.2106 36.8911 22
      vertex 11.9094 35.8337 23
      vertex 11.9094 35.8337 22
    endloop
  endfacet
  facet normal 0.911176 -0.412018 0
    outer loop
      vertex 12.2106 36.8911 23
      vertex 12.6404 37.8416 22
      vertex 12.6404 37.8416 23
    endloop
  endfacet
  facet normal 0.911176 -0.412018 0
    outer loop
      vertex 12.6404 37.8416 22
      vertex 12.2106 36.8911 23
      vertex 12.2106 36.8911 22
    endloop
  endfacet
  facet normal 0.833115 -0.5531 0
    outer loop
      vertex 12.6404 37.8416 23
      vertex 13.199 38.683 22
      vertex 13.199 38.683 23
    endloop
  endfacet
  facet normal 0.833115 -0.5531 0
    outer loop
      vertex 13.199 38.683 22
      vertex 12.6404 37.8416 23
      vertex 12.6404 37.8416 22
    endloop
  endfacet
  facet normal 0.728238 -0.685324 0
    outer loop
      vertex 13.199 38.683 23
      vertex 13.8857 39.4127 22
      vertex 13.8857 39.4127 23
    endloop
  endfacet
  facet normal 0.728238 -0.685324 0
    outer loop
      vertex 13.8857 39.4127 22
      vertex 13.199 38.683 23
      vertex 13.199 38.683 22
    endloop
  endfacet
  facet normal 0.605005 -0.796222 0
    outer loop
      vertex 13.8857 39.4127 22
      vertex 14.6831 40.0186 23
      vertex 13.8857 39.4127 23
    endloop
  endfacet
  facet normal 0.605005 -0.796222 0
    outer loop
      vertex 14.6831 40.0186 23
      vertex 13.8857 39.4127 22
      vertex 14.6831 40.0186 22
    endloop
  endfacet
  facet normal 0.467395 -0.884049 0
    outer loop
      vertex 14.6831 40.0186 22
      vertex 15.5734 40.4893 23
      vertex 14.6831 40.0186 23
    endloop
  endfacet
  facet normal 0.467395 -0.884049 0
    outer loop
      vertex 15.5734 40.4893 23
      vertex 14.6831 40.0186 22
      vertex 15.5734 40.4893 22
    endloop
  endfacet
  facet normal 0.32322 -0.946324 0
    outer loop
      vertex 15.5734 40.4893 22
      vertex 16.5548 40.8245 23
      vertex 15.5734 40.4893 23
    endloop
  endfacet
  facet normal 0.32322 -0.946324 0
    outer loop
      vertex 16.5548 40.8245 23
      vertex 15.5734 40.4893 22
      vertex 16.5548 40.8245 22
    endloop
  endfacet
  facet normal 0.183934 -0.982939 0
    outer loop
      vertex 16.5548 40.8245 22
      vertex 17.6252 41.0248 23
      vertex 16.5548 40.8245 23
    endloop
  endfacet
  facet normal 0.183934 -0.982939 0
    outer loop
      vertex 17.6252 41.0248 23
      vertex 16.5548 40.8245 22
      vertex 17.6252 41.0248 22
    endloop
  endfacet
  facet normal 0.0573025 -0.998357 0
    outer loop
      vertex 17.6252 41.0248 22
      vertex 18.7838 41.0913 23
      vertex 17.6252 41.0248 23
    endloop
  endfacet
  facet normal 0.0573025 -0.998357 0
    outer loop
      vertex 18.7838 41.0913 23
      vertex 17.6252 41.0248 22
      vertex 18.7838 41.0913 22
    endloop
  endfacet
  facet normal -0.0558221 -0.998441 0
    outer loop
      vertex 18.7838 41.0913 22
      vertex 20.009 41.0228 23
      vertex 18.7838 41.0913 23
    endloop
  endfacet
  facet normal -0.0558221 -0.998441 -0
    outer loop
      vertex 20.009 41.0228 23
      vertex 18.7838 41.0913 22
      vertex 20.009 41.0228 22
    endloop
  endfacet
  facet normal -0.183217 -0.983072 0
    outer loop
      vertex 20.009 41.0228 22
      vertex 21.117 40.8163 23
      vertex 20.009 41.0228 23
    endloop
  endfacet
  facet normal -0.183217 -0.983072 -0
    outer loop
      vertex 21.117 40.8163 23
      vertex 20.009 41.0228 22
      vertex 21.117 40.8163 22
    endloop
  endfacet
  facet normal -0.330287 -0.943881 0
    outer loop
      vertex 21.117 40.8163 22
      vertex 22.1075 40.4697 23
      vertex 21.117 40.8163 23
    endloop
  endfacet
  facet normal -0.330287 -0.943881 -0
    outer loop
      vertex 22.1075 40.4697 23
      vertex 21.117 40.8163 22
      vertex 22.1075 40.4697 22
    endloop
  endfacet
  facet normal -0.488728 -0.872436 0
    outer loop
      vertex 22.1075 40.4697 22
      vertex 22.9781 39.982 23
      vertex 22.1075 40.4697 23
    endloop
  endfacet
  facet normal -0.488728 -0.872436 -0
    outer loop
      vertex 22.9781 39.982 23
      vertex 22.1075 40.4697 22
      vertex 22.9781 39.982 22
    endloop
  endfacet
  facet normal -0.643845 -0.765156 0
    outer loop
      vertex 22.9781 39.982 22
      vertex 23.7249 39.3536 23
      vertex 22.9781 39.982 23
    endloop
  endfacet
  facet normal -0.643845 -0.765156 -0
    outer loop
      vertex 23.7249 39.3536 23
      vertex 22.9781 39.982 22
      vertex 23.7249 39.3536 22
    endloop
  endfacet
  facet normal -0.773392 -0.633928 0
    outer loop
      vertex 24.3399 38.6033 22
      vertex 23.7249 39.3536 23
      vertex 23.7249 39.3536 22
    endloop
  endfacet
  facet normal -0.773392 -0.633928 0
    outer loop
      vertex 23.7249 39.3536 23
      vertex 24.3399 38.6033 22
      vertex 24.3399 38.6033 23
    endloop
  endfacet
  facet normal -0.872896 -0.487906 0
    outer loop
      vertex 24.8173 37.7492 22
      vertex 24.3399 38.6033 23
      vertex 24.3399 38.6033 22
    endloop
  endfacet
  facet normal -0.872896 -0.487906 0
    outer loop
      vertex 24.3399 38.6033 23
      vertex 24.8173 37.7492 22
      vertex 24.8173 37.7492 23
    endloop
  endfacet
  facet normal -0.942289 -0.3348 0
    outer loop
      vertex 25.1569 36.7934 22
      vertex 24.8173 37.7492 23
      vertex 24.8173 37.7492 22
    endloop
  endfacet
  facet normal -0.942289 -0.3348 0
    outer loop
      vertex 24.8173 37.7492 23
      vertex 25.1569 36.7934 22
      vertex 25.1569 36.7934 23
    endloop
  endfacet
  facet normal -0.982045 -0.188647 0
    outer loop
      vertex 25.3596 35.7382 22
      vertex 25.1569 36.7934 23
      vertex 25.1569 36.7934 22
    endloop
  endfacet
  facet normal -0.982045 -0.188647 0
    outer loop
      vertex 25.1569 36.7934 23
      vertex 25.3596 35.7382 22
      vertex 25.3596 35.7382 23
    endloop
  endfacet
  facet normal -0.998306 -0.0581798 0
    outer loop
      vertex 25.4269 34.5834 22
      vertex 25.3596 35.7382 23
      vertex 25.3596 35.7382 22
    endloop
  endfacet
  facet normal -0.998306 -0.0581798 0
    outer loop
      vertex 25.3596 35.7382 23
      vertex 25.4269 34.5834 22
      vertex 25.4269 34.5834 23
    endloop
  endfacet
  facet normal -0.997594 0.069333 0
    outer loop
      vertex 25.3422 33.3647 22
      vertex 25.4269 34.5834 23
      vertex 25.4269 34.5834 22
    endloop
  endfacet
  facet normal -0.997594 0.069333 0
    outer loop
      vertex 25.4269 34.5834 23
      vertex 25.3422 33.3647 22
      vertex 25.3422 33.3647 23
    endloop
  endfacet
  facet normal -0.974342 0.225071 0
    outer loop
      vertex 25.0863 32.2569 22
      vertex 25.3422 33.3647 23
      vertex 25.3422 33.3647 22
    endloop
  endfacet
  facet normal -0.974342 0.225071 0
    outer loop
      vertex 25.3422 33.3647 23
      vertex 25.0863 32.2569 22
      vertex 25.0863 32.2569 23
    endloop
  endfacet
  facet normal -0.918321 0.395836 0
    outer loop
      vertex 24.6578 31.2628 22
      vertex 25.0863 32.2569 23
      vertex 25.0863 32.2569 22
    endloop
  endfacet
  facet normal -0.918321 0.395836 0
    outer loop
      vertex 25.0863 32.2569 23
      vertex 24.6578 31.2628 22
      vertex 24.6578 31.2628 23
    endloop
  endfacet
  facet normal -0.82461 0.565702 0
    outer loop
      vertex 24.0565 30.3863 22
      vertex 24.6578 31.2628 23
      vertex 24.6578 31.2628 22
    endloop
  endfacet
  facet normal -0.82461 0.565702 0
    outer loop
      vertex 24.6578 31.2628 23
      vertex 24.0565 30.3863 22
      vertex 24.0565 30.3863 23
    endloop
  endfacet
  facet normal -0.699571 0.714563 0
    outer loop
      vertex 24.0565 30.3863 22
      vertex 23.2844 29.6304 23
      vertex 24.0565 30.3863 23
    endloop
  endfacet
  facet normal -0.699571 0.714563 0
    outer loop
      vertex 23.2844 29.6304 23
      vertex 24.0565 30.3863 22
      vertex 23.2844 29.6304 22
    endloop
  endfacet
  facet normal -0.553635 0.832759 0
    outer loop
      vertex 23.2844 29.6304 22
      vertex 22.3455 29.0062 23
      vertex 23.2844 29.6304 23
    endloop
  endfacet
  facet normal -0.553635 0.832759 0
    outer loop
      vertex 22.3455 29.0062 23
      vertex 23.2844 29.6304 22
      vertex 22.3455 29.0062 22
    endloop
  endfacet
  facet normal -0.401526 0.915848 0
    outer loop
      vertex 22.3455 29.0062 22
      vertex 21.2445 28.5235 23
      vertex 22.3455 29.0062 23
    endloop
  endfacet
  facet normal -0.401526 0.915848 0
    outer loop
      vertex 21.2445 28.5235 23
      vertex 22.3455 29.0062 22
      vertex 21.2445 28.5235 22
    endloop
  endfacet
  facet normal -0.262392 0.964961 0
    outer loop
      vertex 21.2445 28.5235 22
      vertex 19.9842 28.1808 23
      vertex 21.2445 28.5235 23
    endloop
  endfacet
  facet normal -0.262392 0.964961 0
    outer loop
      vertex 19.9842 28.1808 23
      vertex 21.2445 28.5235 22
      vertex 19.9842 28.1808 22
    endloop
  endfacet
  facet normal -0.14271 0.989765 0
    outer loop
      vertex 19.9842 28.1808 22
      vertex 18.5652 27.9762 23
      vertex 19.9842 28.1808 23
    endloop
  endfacet
  facet normal -0.14271 0.989765 0
    outer loop
      vertex 18.5652 27.9762 23
      vertex 19.9842 28.1808 22
      vertex 18.5652 27.9762 22
    endloop
  endfacet
  facet normal -0.0429744 0.999076 0
    outer loop
      vertex 18.5652 27.9762 22
      vertex 16.9913 27.9085 23
      vertex 18.5652 27.9762 23
    endloop
  endfacet
  facet normal -0.0429744 0.999076 0
    outer loop
      vertex 16.9913 27.9085 23
      vertex 18.5652 27.9762 22
      vertex 16.9913 27.9085 22
    endloop
  endfacet
  facet normal 0 1 -0
    outer loop
      vertex 16.9913 27.9085 22
      vertex 14.0675 27.9085 23
      vertex 16.9913 27.9085 23
    endloop
  endfacet
  facet normal 0 1 0
    outer loop
      vertex 14.0675 27.9085 23
      vertex 16.9913 27.9085 22
      vertex 14.0675 27.9085 22
    endloop
  endfacet
  facet normal -1 0 0
    outer loop
      vertex 14.0675 20.6115 22
      vertex 14.0675 27.9085 23
      vertex 14.0675 27.9085 22
    endloop
  endfacet
  facet normal -1 -0 0
    outer loop
      vertex 14.0675 27.9085 23
      vertex 14.0675 20.6115 22
      vertex 14.0675 20.6115 23
    endloop
  endfacet
  facet normal 0 -1 0
    outer loop
      vertex 14.0675 20.6115 22
      vertex 17.1944 20.6115 23
      vertex 14.0675 20.6115 23
    endloop
  endfacet
  facet normal 0 -1 -0
    outer loop
      vertex 17.1944 20.6115 23
      vertex 14.0675 20.6115 22
      vertex 17.1944 20.6115 22
    endloop
  endfacet
  facet normal -0.0392024 -0.999231 0
    outer loop
      vertex 17.1944 20.6115 22
      vertex 18.9353 20.5432 23
      vertex 17.1944 20.6115 23
    endloop
  endfacet
  facet normal -0.0392024 -0.999231 -0
    outer loop
      vertex 18.9353 20.5432 23
      vertex 17.1944 20.6115 22
      vertex 18.9353 20.5432 22
    endloop
  endfacet
  facet normal -0.130231 -0.991484 0
    outer loop
      vertex 18.9353 20.5432 22
      vertex 20.5044 20.3371 23
      vertex 18.9353 20.5432 23
    endloop
  endfacet
  facet normal -0.130231 -0.991484 -0
    outer loop
      vertex 20.5044 20.3371 23
      vertex 18.9353 20.5432 22
      vertex 20.5044 20.3371 22
    endloop
  endfacet
  facet normal -0.240307 -0.970697 0
    outer loop
      vertex 20.5044 20.3371 22
      vertex 21.8984 19.992 23
      vertex 20.5044 20.3371 23
    endloop
  endfacet
  facet normal -0.240307 -0.970697 -0
    outer loop
      vertex 21.8984 19.992 23
      vertex 20.5044 20.3371 22
      vertex 21.8984 19.992 22
    endloop
  endfacet
  facet normal -0.370352 -0.928891 0
    outer loop
      vertex 21.8984 19.992 22
      vertex 23.1171 19.5061 23
      vertex 21.8984 19.992 23
    endloop
  endfacet
  facet normal -0.370352 -0.928891 -0
    outer loop
      vertex 23.1171 19.5061 23
      vertex 21.8984 19.992 22
      vertex 23.1171 19.5061 22
    endloop
  endfacet
  facet normal -0.51661 -0.856221 0
    outer loop
      vertex 23.1171 19.5061 22
      vertex 24.1586 18.8777 23
      vertex 23.1171 19.5061 23
    endloop
  endfacet
  facet normal -0.51661 -0.856221 -0
    outer loop
      vertex 24.1586 18.8777 23
      vertex 23.1171 19.5061 22
      vertex 24.1586 18.8777 22
    endloop
  endfacet
  facet normal -0.664315 -0.747453 0
    outer loop
      vertex 24.1586 18.8777 22
      vertex 25.0172 18.1146 23
      vertex 24.1586 18.8777 23
    endloop
  endfacet
  facet normal -0.664315 -0.747453 -0
    outer loop
      vertex 25.0172 18.1146 23
      vertex 24.1586 18.8777 22
      vertex 25.0172 18.1146 22
    endloop
  endfacet
  facet normal -0.79877 -0.601637 0
    outer loop
      vertex 25.6871 17.2252 22
      vertex 25.0172 18.1146 23
      vertex 25.0172 18.1146 22
    endloop
  endfacet
  facet normal -0.79877 -0.601637 0
    outer loop
      vertex 25.0172 18.1146 23
      vertex 25.6871 17.2252 22
      vertex 25.6871 17.2252 23
    endloop
  endfacet
  facet normal -0.904223 -0.427061 0
    outer loop
      vertex 26.1653 16.2127 22
      vertex 25.6871 17.2252 23
      vertex 25.6871 17.2252 22
    endloop
  endfacet
  facet normal -0.904223 -0.427061 0
    outer loop
      vertex 25.6871 17.2252 23
      vertex 26.1653 16.2127 22
      vertex 26.1653 16.2127 23
    endloop
  endfacet
  facet normal -0.96958 -0.244773 0
    outer loop
      vertex 26.4509 15.0814 22
      vertex 26.1653 16.2127 23
      vertex 26.1653 16.2127 22
    endloop
  endfacet
  facet normal -0.96958 -0.244773 0
    outer loop
      vertex 26.1653 16.2127 23
      vertex 26.4509 15.0814 22
      vertex 26.4509 15.0814 23
    endloop
  endfacet
  facet normal -0.997134 -0.0756497 0
    outer loop
      vertex 26.5454 13.8358 22
      vertex 26.4509 15.0814 23
      vertex 26.4509 15.0814 22
    endloop
  endfacet
  facet normal -0.997134 -0.0756497 0
    outer loop
      vertex 26.4509 15.0814 23
      vertex 26.5454 13.8358 22
      vertex 26.5454 13.8358 23
    endloop
  endfacet
  facet normal -0.99836 0.0572412 0
    outer loop
      vertex 26.4679 12.4841 22
      vertex 26.5454 13.8358 23
      vertex 26.5454 13.8358 22
    endloop
  endfacet
  facet normal -0.99836 0.0572412 0
    outer loop
      vertex 26.5454 13.8358 23
      vertex 26.4679 12.4841 22
      vertex 26.4679 12.4841 23
    endloop
  endfacet
  facet normal -0.981909 0.189356 0
    outer loop
      vertex 26.2345 11.2738 22
      vertex 26.4679 12.4841 23
      vertex 26.4679 12.4841 22
    endloop
  endfacet
  facet normal -0.981909 0.189356 0
    outer loop
      vertex 26.4679 12.4841 23
      vertex 26.2345 11.2738 22
      vertex 26.2345 11.2738 23
    endloop
  endfacet
  facet normal -0.939066 0.343736 0
    outer loop
      vertex 25.8428 10.2037 22
      vertex 26.2345 11.2738 23
      vertex 26.2345 11.2738 22
    endloop
  endfacet
  facet normal -0.939066 0.343736 0
    outer loop
      vertex 26.2345 11.2738 23
      vertex 25.8428 10.2037 22
      vertex 25.8428 10.2037 23
    endloop
  endfacet
  facet normal -0.859408 0.511291 0
    outer loop
      vertex 25.2911 9.27637 22
      vertex 25.8428 10.2037 23
      vertex 25.8428 10.2037 22
    endloop
  endfacet
  facet normal -0.859408 0.511291 0
    outer loop
      vertex 25.8428 10.2037 23
      vertex 25.2911 9.27637 22
      vertex 25.2911 9.27637 23
    endloop
  endfacet
  facet normal -0.73909 0.673607 0
    outer loop
      vertex 24.5808 8.49702 22
      vertex 25.2911 9.27637 23
      vertex 25.2911 9.27637 22
    endloop
  endfacet
  facet normal -0.73909 0.673607 0
    outer loop
      vertex 25.2911 9.27637 23
      vertex 24.5808 8.49702 22
      vertex 24.5808 8.49702 23
    endloop
  endfacet
  facet normal -0.596798 0.802391 0
    outer loop
      vertex 24.5808 8.49702 22
      vertex 23.731 7.86496 23
      vertex 24.5808 8.49702 23
    endloop
  endfacet
  facet normal -0.596798 0.802391 0
    outer loop
      vertex 23.731 7.86496 23
      vertex 24.5808 8.49702 22
      vertex 23.731 7.86496 22
    endloop
  endfacet
  facet normal -0.449733 0.893163 0
    outer loop
      vertex 23.731 7.86496 22
      vertex 22.7588 7.37543 23
      vertex 23.731 7.86496 23
    endloop
  endfacet
  facet normal -0.449733 0.893163 0
    outer loop
      vertex 22.7588 7.37543 23
      vertex 23.731 7.86496 22
      vertex 22.7588 7.37543 22
    endloop
  endfacet
  facet normal -0.303417 0.952858 0
    outer loop
      vertex 22.7588 7.37543 22
      vertex 21.6659 7.02742 23
      vertex 22.7588 7.37543 23
    endloop
  endfacet
  facet normal -0.303417 0.952858 0
    outer loop
      vertex 21.6659 7.02742 23
      vertex 22.7588 7.37543 22
      vertex 21.6659 7.02742 22
    endloop
  endfacet
  facet normal -0.168947 0.985625 0
    outer loop
      vertex 21.6659 7.02742 22
      vertex 20.4539 6.81967 23
      vertex 21.6659 7.02742 23
    endloop
  endfacet
  facet normal -0.168947 0.985625 0
    outer loop
      vertex 20.4539 6.81967 23
      vertex 21.6659 7.02742 22
      vertex 20.4539 6.81967 22
    endloop
  endfacet
  facet normal -0.0517337 0.998661 0
    outer loop
      vertex 20.4539 6.81967 22
      vertex 19.1173 6.75043 23
      vertex 20.4539 6.81967 23
    endloop
  endfacet
  facet normal -0.0517337 0.998661 0
    outer loop
      vertex 19.1173 6.75043 23
      vertex 20.4539 6.81967 22
      vertex 19.1173 6.75043 22
    endloop
  endfacet
  facet normal 0.108331 0.994115 -0
    outer loop
      vertex 19.1173 6.75043 22
      vertex 16.5473 7.03049 23
      vertex 19.1173 6.75043 23
    endloop
  endfacet
  facet normal 0.108331 0.994115 0
    outer loop
      vertex 16.5473 7.03049 23
      vertex 19.1173 6.75043 22
      vertex 16.5473 7.03049 22
    endloop
  endfacet
  facet normal 0.374258 0.927325 -0
    outer loop
      vertex 16.5473 7.03049 22
      vertex 14.4435 7.87956 23
      vertex 16.5473 7.03049 23
    endloop
  endfacet
  facet normal 0.374258 0.927325 0
    outer loop
      vertex 14.4435 7.87956 23
      vertex 16.5473 7.03049 22
      vertex 14.4435 7.87956 22
    endloop
  endfacet
  facet normal 0.660133 0.751149 -0
    outer loop
      vertex 14.4435 7.87956 22
      vertex 12.826 9.30107 23
      vertex 14.4435 7.87956 23
    endloop
  endfacet
  facet normal 0.660133 0.751149 0
    outer loop
      vertex 12.826 9.30107 23
      vertex 14.4435 7.87956 22
      vertex 12.826 9.30107 22
    endloop
  endfacet
  facet normal 0.871146 0.491024 0
    outer loop
      vertex 12.826 9.30107 23
      vertex 11.7095 11.2819 22
      vertex 11.7095 11.2819 23
    endloop
  endfacet
  facet normal 0.871146 0.491024 0
    outer loop
      vertex 11.7095 11.2819 22
      vertex 12.826 9.30107 23
      vertex 12.826 9.30107 22
    endloop
  endfacet
  facet normal 0.97135 0.237654 0
    outer loop
      vertex 11.7095 11.2819 23
      vertex 11.1375 13.6198 22
      vertex 11.1375 13.6198 23
    endloop
  endfacet
  facet normal 0.97135 0.237654 0
    outer loop
      vertex 11.1375 13.6198 22
      vertex 11.7095 11.2819 23
      vertex 11.7095 11.2819 22
    endloop
  endfacet
  facet normal -0.0871083 0.996199 0
    outer loop
      vertex 11.1375 13.6198 22
      vertex 1.82948 12.8059 23
      vertex 11.1375 13.6198 23
    endloop
  endfacet
  facet normal -0.0871083 0.996199 0
    outer loop
      vertex 1.82948 12.8059 23
      vertex 11.1375 13.6198 22
      vertex 1.82948 12.8059 22
    endloop
  endfacet
  facet normal -0.983901 -0.178717 0
    outer loop
      vertex 2.25027 10.4893 22
      vertex 1.82948 12.8059 23
      vertex 1.82948 12.8059 22
    endloop
  endfacet
  facet normal -0.983901 -0.178717 0
    outer loop
      vertex 1.82948 12.8059 23
      vertex 2.25027 10.4893 22
      vertex 2.25027 10.4893 23
    endloop
  endfacet
  facet normal -0.948871 -0.315663 0
    outer loop
      vertex 3.00441 8.22238 22
      vertex 2.25027 10.4893 23
      vertex 2.25027 10.4893 22
    endloop
  endfacet
  facet normal -0.948871 -0.315663 0
    outer loop
      vertex 2.25027 10.4893 23
      vertex 3.00441 8.22238 22
      vertex 3.00441 8.22238 23
    endloop
  endfacet
  facet normal -0.886949 -0.461867 0
    outer loop
      vertex 4.05385 6.20708 22
      vertex 3.00441 8.22238 23
      vertex 3.00441 8.22238 22
    endloop
  endfacet
  facet normal -0.886949 -0.461867 0
    outer loop
      vertex 3.00441 8.22238 23
      vertex 4.05385 6.20708 22
      vertex 4.05385 6.20708 23
    endloop
  endfacet
  facet normal -0.795616 -0.605801 0
    outer loop
      vertex 5.39873 4.44081 22
      vertex 4.05385 6.20708 23
      vertex 4.05385 6.20708 22
    endloop
  endfacet
  facet normal -0.795616 -0.605801 0
    outer loop
      vertex 4.05385 6.20708 23
      vertex 5.39873 4.44081 22
      vertex 5.39873 4.44081 23
    endloop
  endfacet
  facet normal -0.679283 -0.733876 0
    outer loop
      vertex 5.39873 4.44081 22
      vertex 7.04063 2.92105 23
      vertex 5.39873 4.44081 23
    endloop
  endfacet
  facet normal -0.679283 -0.733876 -0
    outer loop
      vertex 7.04063 2.92105 23
      vertex 5.39873 4.44081 22
      vertex 7.04063 2.92105 22
    endloop
  endfacet
  facet normal -0.548662 -0.836044 0
    outer loop
      vertex 7.04063 2.92105 22
      vertex 8.95708 1.66336 23
      vertex 7.04063 2.92105 23
    endloop
  endfacet
  facet normal -0.548662 -0.836044 -0
    outer loop
      vertex 8.95708 1.66336 23
      vertex 7.04063 2.92105 22
      vertex 8.95708 1.66336 22
    endloop
  endfacet
  facet normal -0.411728 -0.911307 0
    outer loop
      vertex 8.95708 1.66336 22
      vertex 11.1257 0.683578 23
      vertex 8.95708 1.66336 23
    endloop
  endfacet
  facet normal -0.411728 -0.911307 -0
    outer loop
      vertex 11.1257 0.683578 23
      vertex 8.95708 1.66336 22
      vertex 11.1257 0.683578 22
    endloop
  endfacet
  facet normal -0.278043 -0.960569 0
    outer loop
      vertex 11.1257 0.683578 22
      vertex 13.5477 -0.0174866 23
      vertex 11.1257 0.683578 23
    endloop
  endfacet
  facet normal -0.278043 -0.960569 -0
    outer loop
      vertex 13.5477 -0.0174866 23
      vertex 11.1257 0.683578 22
      vertex 13.5477 -0.0174866 22
    endloop
  endfacet
  facet normal -0.155533 -0.987831 0
    outer loop
      vertex 13.5477 -0.0174866 22
      vertex 16.225 -0.439026 23
      vertex 13.5477 -0.0174866 23
    endloop
  endfacet
  facet normal -0.155533 -0.987831 -0
    outer loop
      vertex 16.225 -0.439026 23
      vertex 13.5477 -0.0174866 22
      vertex 16.225 -0.439026 22
    endloop
  endfacet
  facet normal -0.0479485 -0.99885 0
    outer loop
      vertex 16.225 -0.439026 22
      vertex 19.157 -0.579773 23
      vertex 16.225 -0.439026 23
    endloop
  endfacet
  facet normal -0.0479485 -0.99885 -0
    outer loop
      vertex 19.157 -0.579773 23
      vertex 16.225 -0.439026 22
      vertex 19.157 -0.579773 22
    endloop
  endfacet
  facet normal 0.047116 -0.998889 0
    outer loop
      vertex 19.157 -0.579773 22
      vertex 22.2425 -0.434235 23
      vertex 19.157 -0.579773 23
    endloop
  endfacet
  facet normal 0.047116 -0.998889 0
    outer loop
      vertex 22.2425 -0.434235 23
      vertex 19.157 -0.579773 22
      vertex 22.2425 -0.434235 22
    endloop
  endfacet
  facet normal 0.135704 -0.990749 0
    outer loop
      vertex 67.3652 0.316055 22
      vertex 69.9007 0.663345 23
      vertex 67.3652 0.316055 23
    endloop
  endfacet
  facet normal 0.135704 -0.990749 0
    outer loop
      vertex 69.9007 0.663345 23
      vertex 67.3652 0.316055 22
      vertex 69.9007 0.663345 22
    endloop
  endfacet
  facet normal 0.233279 -0.97241 0
    outer loop
      vertex 69.9007 0.663345 22
      vertex 72.312 1.24181 23
      vertex 69.9007 0.663345 23
    endloop
  endfacet
  facet normal 0.233279 -0.97241 0
    outer loop
      vertex 72.312 1.24181 23
      vertex 69.9007 0.663345 22
      vertex 72.312 1.24181 22
    endloop
  endfacet
  facet normal 0.333546 -0.942734 0
    outer loop
      vertex 72.312 1.24181 22
      vertex 74.5996 2.05118 23
      vertex 72.312 1.24181 23
    endloop
  endfacet
  facet normal 0.333546 -0.942734 0
    outer loop
      vertex 74.5996 2.05118 23
      vertex 72.312 1.24181 22
      vertex 74.5996 2.05118 22
    endloop
  endfacet
  facet normal 0.4332 -0.901298 0
    outer loop
      vertex 74.5996 2.05118 22
      vertex 76.7639 3.09143 23
      vertex 74.5996 2.05118 23
    endloop
  endfacet
  facet normal 0.4332 -0.901298 0
    outer loop
      vertex 76.7639 3.09143 23
      vertex 74.5996 2.05118 22
      vertex 76.7639 3.09143 22
    endloop
  endfacet
  facet normal 0.531117 -0.847299 0
    outer loop
      vertex 76.7639 3.09143 22
      vertex 78.7706 4.3493 23
      vertex 76.7639 3.09143 23
    endloop
  endfacet
  facet normal 0.531117 -0.847299 0
    outer loop
      vertex 78.7706 4.3493 23
      vertex 76.7639 3.09143 22
      vertex 78.7706 4.3493 22
    endloop
  endfacet
  facet normal 0.627443 -0.778663 0
    outer loop
      vertex 78.7706 4.3493 22
      vertex 80.5857 5.8119 23
      vertex 78.7706 4.3493 23
    endloop
  endfacet
  facet normal 0.627443 -0.778663 0
    outer loop
      vertex 80.5857 5.8119 23
      vertex 78.7706 4.3493 22
      vertex 80.5857 5.8119 22
    endloop
  endfacet
  facet normal 0.7164 -0.69769 0
    outer loop
      vertex 80.5857 5.8119 23
      vertex 82.2101 7.47986 22
      vertex 82.2101 7.47986 23
    endloop
  endfacet
  facet normal 0.7164 -0.69769 0
    outer loop
      vertex 82.2101 7.47986 22
      vertex 80.5857 5.8119 23
      vertex 80.5857 5.8119 22
    endloop
  endfacet
  facet normal 0.794099 -0.607788 0
    outer loop
      vertex 82.2101 7.47986 23
      vertex 83.6445 9.35396 22
      vertex 83.6445 9.35396 23
    endloop
  endfacet
  facet normal 0.794099 -0.607788 0
    outer loop
      vertex 83.6445 9.35396 22
      vertex 82.2101 7.47986 23
      vertex 82.2101 7.47986 22
    endloop
  endfacet
  facet normal 0.858246 -0.513238 0
    outer loop
      vertex 83.6445 9.35396 23
      vertex 84.8888 11.4347 22
      vertex 84.8888 11.4347 23
    endloop
  endfacet
  facet normal 0.858246 -0.513238 0
    outer loop
      vertex 84.8888 11.4347 22
      vertex 83.6445 9.35396 23
      vertex 83.6445 9.35396 22
    endloop
  endfacet
  facet normal 0.909218 -0.416321 0
    outer loop
      vertex 84.8888 11.4347 23
      vertex 85.9234 13.6942 22
      vertex 85.9234 13.6942 23
    endloop
  endfacet
  facet normal 0.909218 -0.416321 0
    outer loop
      vertex 85.9234 13.6942 22
      vertex 84.8888 11.4347 23
      vertex 84.8888 11.4347 22
    endloop
  endfacet
  facet normal 0.948467 -0.316877 0
    outer loop
      vertex 85.9234 13.6942 23
      vertex 86.7286 16.1043 22
      vertex 86.7286 16.1043 23
    endloop
  endfacet
  facet normal 0.948467 -0.316877 0
    outer loop
      vertex 86.7286 16.1043 22
      vertex 85.9234 13.6942 23
      vertex 85.9234 13.6942 22
    endloop
  endfacet
  facet normal 0.975673 -0.219233 0
    outer loop
      vertex 86.7286 16.1043 23
      vertex 87.3041 18.6655 22
      vertex 87.3041 18.6655 23
    endloop
  endfacet
  facet normal 0.975673 -0.219233 0
    outer loop
      vertex 87.3041 18.6655 22
      vertex 86.7286 16.1043 23
      vertex 86.7286 16.1043 22
    endloop
  endfacet
  facet normal 0.991982 -0.126379 0
    outer loop
      vertex 87.3041 18.6655 23
      vertex 87.6497 21.3782 22
      vertex 87.6497 21.3782 23
    endloop
  endfacet
  facet normal 0.991982 -0.126379 0
    outer loop
      vertex 87.6497 21.3782 22
      vertex 87.3041 18.6655 23
      vertex 87.3041 18.6655 22
    endloop
  endfacet
  facet normal 0.999193 -0.0401729 0
    outer loop
      vertex 87.6497 21.3782 23
      vertex 87.7648 24.241 22
      vertex 87.7648 24.241 23
    endloop
  endfacet
  facet normal 0.999193 -0.0401729 0
    outer loop
      vertex 87.7648 24.241 22
      vertex 87.6497 21.3782 23
      vertex 87.6497 21.3782 22
    endloop
  endfacet
  facet normal 0.998142 0.0609287 0
    outer loop
      vertex 87.7648 24.241 23
      vertex 87.5018 28.5495 22
      vertex 87.5018 28.5495 23
    endloop
  endfacet
  facet normal 0.998142 0.0609287 0
    outer loop
      vertex 87.5018 28.5495 22
      vertex 87.7648 24.241 23
      vertex 87.7648 24.241 22
    endloop
  endfacet
  facet normal 0.980033 0.198835 0
    outer loop
      vertex 87.5018 28.5495 23
      vertex 86.7144 32.4305 22
      vertex 86.7144 32.4305 23
    endloop
  endfacet
  facet normal 0.980033 0.198835 0
    outer loop
      vertex 86.7144 32.4305 22
      vertex 87.5018 28.5495 23
      vertex 87.5018 28.5495 22
    endloop
  endfacet
  facet normal 0.935087 0.354418 0
    outer loop
      vertex 86.7144 32.4305 23
      vertex 85.4042 35.8873 22
      vertex 85.4042 35.8873 23
    endloop
  endfacet
  facet normal 0.935087 0.354418 0
    outer loop
      vertex 85.4042 35.8873 22
      vertex 86.7144 32.4305 23
      vertex 86.7144 32.4305 22
    endloop
  endfacet
  facet normal 0.856111 0.516792 0
    outer loop
      vertex 85.4042 35.8873 23
      vertex 83.572 38.9225 22
      vertex 83.572 38.9225 23
    endloop
  endfacet
  facet normal 0.856111 0.516792 0
    outer loop
      vertex 83.572 38.9225 22
      vertex 85.4042 35.8873 23
      vertex 85.4042 35.8873 22
    endloop
  endfacet
  facet normal 0.743373 0.668877 0
    outer loop
      vertex 83.572 38.9225 23
      vertex 81.2169 41.5399 22
      vertex 81.2169 41.5399 23
    endloop
  endfacet
  facet normal 0.743373 0.668877 0
    outer loop
      vertex 81.2169 41.5399 22
      vertex 83.572 38.9225 23
      vertex 83.572 38.9225 22
    endloop
  endfacet
  facet normal 0.607763 0.794118 -0
    outer loop
      vertex 81.2169 41.5399 22
      vertex 78.3827 43.709 23
      vertex 81.2169 41.5399 23
    endloop
  endfacet
  facet normal 0.607763 0.794118 0
    outer loop
      vertex 78.3827 43.709 23
      vertex 81.2169 41.5399 22
      vertex 78.3827 43.709 22
    endloop
  endfacet
  facet normal 0.458903 0.888486 -0
    outer loop
      vertex 78.3827 43.709 22
      vertex 75.113 45.3978 23
      vertex 78.3827 43.709 23
    endloop
  endfacet
  facet normal 0.458903 0.888486 0
    outer loop
      vertex 75.113 45.3978 23
      vertex 78.3827 43.709 22
      vertex 75.113 45.3978 22
    endloop
  endfacet
  facet normal 0.309765 0.950813 -0
    outer loop
      vertex 75.113 45.3978 22
      vertex 71.4057 46.6056 23
      vertex 75.113 45.3978 23
    endloop
  endfacet
  facet normal 0.309765 0.950813 0
    outer loop
      vertex 71.4057 46.6056 23
      vertex 75.113 45.3978 22
      vertex 71.4057 46.6056 22
    endloop
  endfacet
  facet normal 0.172405 0.985026 -0
    outer loop
      vertex 71.4057 46.6056 22
      vertex 67.2583 47.3315 23
      vertex 71.4057 46.6056 23
    endloop
  endfacet
  facet normal 0.172405 0.985026 0
    outer loop
      vertex 67.2583 47.3315 23
      vertex 71.4057 46.6056 22
      vertex 67.2583 47.3315 22
    endloop
  endfacet
  facet normal 0.05273 0.998609 -0
    outer loop
      vertex 67.2583 47.3315 22
      vertex 62.6658 47.574 23
      vertex 67.2583 47.3315 23
    endloop
  endfacet
  facet normal 0.05273 0.998609 0
    outer loop
      vertex 62.6658 47.574 23
      vertex 67.2583 47.3315 22
      vertex 62.6658 47.574 22
    endloop
  endfacet
  facet normal 0 1 -0
    outer loop
      vertex 62.6658 47.574 22
      vertex 45.5786 47.574 23
      vertex 62.6658 47.574 23
    endloop
  endfacet
  facet normal 0 1 0
    outer loop
      vertex 45.5786 47.574 23
      vertex 62.6658 47.574 22
      vertex 45.5786 47.574 22
    endloop
  endfacet
  facet normal -1 0 0
    outer loop
      vertex 45.5786 0.199997 22
      vertex 45.5786 47.574 23
      vertex 45.5786 47.574 22
    endloop
  endfacet
  facet normal -1 -0 0
    outer loop
      vertex 45.5786 47.574 23
      vertex 45.5786 0.199997 22
      vertex 45.5786 0.199997 23
    endloop
  endfacet
  facet normal 0 -1 0
    outer loop
      vertex 45.5786 0.199997 22
      vertex 64.7006 0.199997 23
      vertex 45.5786 0.199997 23
    endloop
  endfacet
  facet normal 0 -1 -0
    outer loop
      vertex 64.7006 0.199997 23
      vertex 45.5786 0.199997 22
      vertex 64.7006 0.199997 22
    endloop
  endfacet
  facet normal 0.0435143 -0.999053 0
    outer loop
      vertex 64.7006 0.199997 22
      vertex 67.3652 0.316055 23
      vertex 64.7006 0.199997 23
    endloop
  endfacet
  facet normal 0.0435143 -0.999053 0
    outer loop
      vertex 67.3652 0.316055 23
      vertex 64.7006 0.199997 22
      vertex 67.3652 0.316055 22
    endloop
  endfacet
  facet normal 1 -0 0
    outer loop
      vertex 55.1811 7.5305 23
      vertex 55.1811 40.2435 22
      vertex 55.1811 40.2435 23
    endloop
  endfacet
  facet normal 1 0 0
    outer loop
      vertex 55.1811 40.2435 22
      vertex 55.1811 7.5305 23
      vertex 55.1811 7.5305 22
    endloop
  endfacet
  facet normal 0 -1 0
    outer loop
      vertex 55.1811 40.2435 22
      vertex 62.4733 40.2435 23
      vertex 55.1811 40.2435 23
    endloop
  endfacet
  facet normal 0 -1 -0
    outer loop
      vertex 62.4733 40.2435 23
      vertex 55.1811 40.2435 22
      vertex 62.4733 40.2435 22
    endloop
  endfacet
  facet normal -0.0571295 -0.998367 0
    outer loop
      vertex 62.4733 40.2435 22
      vertex 65.3253 40.0803 23
      vertex 62.4733 40.2435 23
    endloop
  endfacet
  facet normal -0.0571295 -0.998367 -0
    outer loop
      vertex 65.3253 40.0803 23
      vertex 62.4733 40.2435 22
      vertex 65.3253 40.0803 22
    endloop
  endfacet
  facet normal -0.186636 -0.982429 0
    outer loop
      vertex 65.3253 40.0803 22
      vertex 67.9125 39.5888 23
      vertex 65.3253 40.0803 23
    endloop
  endfacet
  facet normal -0.186636 -0.982429 -0
    outer loop
      vertex 67.9125 39.5888 23
      vertex 65.3253 40.0803 22
      vertex 67.9125 39.5888 22
    endloop
  endfacet
  facet normal -0.334214 -0.942497 0
    outer loop
      vertex 67.9125 39.5888 22
      vertex 70.2286 38.7675 23
      vertex 67.9125 39.5888 23
    endloop
  endfacet
  facet normal -0.334214 -0.942497 -0
    outer loop
      vertex 70.2286 38.7675 23
      vertex 67.9125 39.5888 22
      vertex 70.2286 38.7675 22
    endloop
  endfacet
  facet normal -0.491328 -0.870975 0
    outer loop
      vertex 70.2286 38.7675 22
      vertex 72.2711 37.6153 23
      vertex 70.2286 38.7675 23
    endloop
  endfacet
  facet normal -0.491328 -0.870975 -0
    outer loop
      vertex 72.2711 37.6153 23
      vertex 70.2286 38.7675 22
      vertex 72.2711 37.6153 22
    endloop
  endfacet
  facet normal -0.643008 -0.765859 0
    outer loop
      vertex 72.2711 37.6153 22
      vertex 74.0372 36.1325 23
      vertex 72.2711 37.6153 23
    endloop
  endfacet
  facet normal -0.643008 -0.765859 -0
    outer loop
      vertex 74.0372 36.1325 23
      vertex 72.2711 37.6153 22
      vertex 74.0372 36.1325 22
    endloop
  endfacet
  facet normal -0.775041 -0.631911 0
    outer loop
      vertex 75.5012 34.3369 22
      vertex 74.0372 36.1325 23
      vertex 74.0372 36.1325 22
    endloop
  endfacet
  facet normal -0.775041 -0.631911 0
    outer loop
      vertex 74.0372 36.1325 23
      vertex 75.5012 34.3369 22
      vertex 75.5012 34.3369 23
    endloop
  endfacet
  facet normal -0.878306 -0.478098 0
    outer loop
      vertex 76.6386 32.2474 22
      vertex 75.5012 34.3369 23
      vertex 75.5012 34.3369 22
    endloop
  endfacet
  facet normal -0.878306 -0.478098 0
    outer loop
      vertex 75.5012 34.3369 23
      vertex 76.6386 32.2474 22
      vertex 76.6386 32.2474 23
    endloop
  endfacet
  facet normal -0.946611 -0.322378 0
    outer loop
      vertex 77.4491 29.8675 22
      vertex 76.6386 32.2474 23
      vertex 76.6386 32.2474 22
    endloop
  endfacet
  facet normal -0.946611 -0.322378 0
    outer loop
      vertex 76.6386 32.2474 23
      vertex 77.4491 29.8675 22
      vertex 77.4491 29.8675 23
    endloop
  endfacet
  facet normal -0.983879 -0.178834 0
    outer loop
      vertex 77.9341 27.1992 22
      vertex 77.4491 29.8675 23
      vertex 77.4491 29.8675 22
    endloop
  endfacet
  facet normal -0.983879 -0.178834 0
    outer loop
      vertex 77.4491 29.8675 23
      vertex 77.9341 27.1992 22
      vertex 77.9341 27.1992 23
    endloop
  endfacet
  facet normal -0.998514 -0.0544878 0
    outer loop
      vertex 78.0954 24.2433 22
      vertex 77.9341 27.1992 23
      vertex 77.9341 27.1992 22
    endloop
  endfacet
  facet normal -0.998514 -0.0544878 0
    outer loop
      vertex 77.9341 27.1992 23
      vertex 78.0954 24.2433 22
      vertex 78.0954 24.2433 23
    endloop
  endfacet
  facet normal -0.998653 0.05189 0
    outer loop
      vertex 77.9423 21.2968 22
      vertex 78.0954 24.2433 23
      vertex 78.0954 24.2433 22
    endloop
  endfacet
  facet normal -0.998653 0.05189 0
    outer loop
      vertex 78.0954 24.2433 23
      vertex 77.9423 21.2968 22
      vertex 77.9423 21.2968 23
    endloop
  endfacet
  facet normal -0.985741 0.168272 0
    outer loop
      vertex 77.4824 18.6027 22
      vertex 77.9423 21.2968 23
      vertex 77.9423 21.2968 22
    endloop
  endfacet
  facet normal -0.985741 0.168272 0
    outer loop
      vertex 77.9423 21.2968 23
      vertex 77.4824 18.6027 22
      vertex 77.4824 18.6027 23
    endloop
  endfacet
  facet normal -0.953907 0.300103 0
    outer loop
      vertex 76.7142 16.1609 22
      vertex 77.4824 18.6027 23
      vertex 77.4824 18.6027 22
    endloop
  endfacet
  facet normal -0.953907 0.300103 0
    outer loop
      vertex 77.4824 18.6027 23
      vertex 76.7142 16.1609 22
      vertex 76.7142 16.1609 23
    endloop
  endfacet
  facet normal -0.897117 0.441793 0
    outer loop
      vertex 75.6368 13.9731 22
      vertex 76.7142 16.1609 23
      vertex 76.7142 16.1609 22
    endloop
  endfacet
  facet normal -0.897117 0.441793 0
    outer loop
      vertex 76.7142 16.1609 23
      vertex 75.6368 13.9731 22
      vertex 75.6368 13.9731 23
    endloop
  endfacet
  facet normal -0.812342 0.583182 0
    outer loop
      vertex 74.2501 12.0415 22
      vertex 75.6368 13.9731 23
      vertex 75.6368 13.9731 22
    endloop
  endfacet
  facet normal -0.812342 0.583182 0
    outer loop
      vertex 75.6368 13.9731 23
      vertex 74.2501 12.0415 22
      vertex 74.2501 12.0415 23
    endloop
  endfacet
  facet normal -0.701425 0.712743 0
    outer loop
      vertex 74.2501 12.0415 22
      vertex 72.6001 10.4177 23
      vertex 74.2501 12.0415 23
    endloop
  endfacet
  facet normal -0.701425 0.712743 0
    outer loop
      vertex 72.6001 10.4177 23
      vertex 74.2501 12.0415 22
      vertex 72.6001 10.4177 22
    endloop
  endfacet
  facet normal -0.56072 0.828006 0
    outer loop
      vertex 72.6001 10.4177 22
      vertex 70.7331 9.15338 23
      vertex 72.6001 10.4177 23
    endloop
  endfacet
  facet normal -0.56072 0.828006 0
    outer loop
      vertex 70.7331 9.15338 23
      vertex 72.6001 10.4177 22
      vertex 70.7331 9.15338 22
    endloop
  endfacet
  facet normal -0.397934 0.917414 0
    outer loop
      vertex 70.7331 9.15338 22
      vertex 68.6517 8.25056 23
      vertex 70.7331 9.15338 23
    endloop
  endfacet
  facet normal -0.397934 0.917414 0
    outer loop
      vertex 68.6517 8.25056 23
      vertex 70.7331 9.15338 22
      vertex 68.6517 8.25056 22
    endloop
  endfacet
  facet normal -0.229564 0.973294 0
    outer loop
      vertex 68.6517 8.25056 22
      vertex 66.3591 7.70982 23
      vertex 68.6517 8.25056 23
    endloop
  endfacet
  facet normal -0.229564 0.973294 0
    outer loop
      vertex 66.3591 7.70982 23
      vertex 68.6517 8.25056 22
      vertex 66.3591 7.70982 22
    endloop
  endfacet
  facet normal -0.0717068 0.997426 0
    outer loop
      vertex 66.3591 7.70982 22
      vertex 63.8648 7.5305 23
      vertex 66.3591 7.70982 23
    endloop
  endfacet
  facet normal -0.0717068 0.997426 0
    outer loop
      vertex 63.8648 7.5305 23
      vertex 66.3591 7.70982 22
      vertex 63.8648 7.5305 22
    endloop
  endfacet
  facet normal 0 1 -0
    outer loop
      vertex 63.8648 7.5305 22
      vertex 55.1811 7.5305 23
      vertex 63.8648 7.5305 23
    endloop
  endfacet
  facet normal 0 1 0
    outer loop
      vertex 55.1811 7.5305 23
      vertex 63.8648 7.5305 22
      vertex 55.1811 7.5305 22
    endloop
  endfacet
endsolid OpenSCAD_Model
